solid ASCII
  facet normal 7.051620e-01 -7.411551e-02 7.051620e-01
    outer loop
      vertex   2.312190e+01 1.329609e+02 4.060000e+01
      vertex   2.307055e+01 1.324723e+02 4.060000e+01
      vertex   2.357055e+01 1.324723e+02 4.010000e+01
    endloop
  endfacet
  facet normal 7.051620e-01 7.411551e-02 7.051620e-01
    outer loop
      vertex   2.357055e+01 1.324723e+02 4.010000e+01
      vertex   2.307055e+01 1.324723e+02 4.060000e+01
      vertex   2.312190e+01 1.319837e+02 4.060000e+01
    endloop
  endfacet
  facet normal 7.006873e-01 8.189860e-02 7.087524e-01
    outer loop
      vertex   2.357055e+01 1.324723e+02 4.010000e+01
      vertex   2.312190e+01 1.319837e+02 4.060000e+01
      vertex   2.362041e+01 1.320457e+02 4.010000e+01
    endloop
  endfacet
  facet normal 6.770467e-01 2.199858e-01 7.022919e-01
    outer loop
      vertex   2.362041e+01 1.320457e+02 4.010000e+01
      vertex   2.312190e+01 1.319837e+02 4.060000e+01
      vertex   2.327371e+01 1.315165e+02 4.060000e+01
    endloop
  endfacet
  facet normal 6.599703e-01 2.402096e-01 7.118557e-01
    outer loop
      vertex   2.362041e+01 1.320457e+02 4.010000e+01
      vertex   2.327371e+01 1.315165e+02 4.060000e+01
      vertex   2.376733e+01 1.316420e+02 4.010000e+01
    endloop
  endfacet
  facet normal 6.183679e-01 3.570149e-01 7.001153e-01
    outer loop
      vertex   2.376733e+01 1.316420e+02 4.010000e+01
      vertex   2.327371e+01 1.315165e+02 4.060000e+01
      vertex   2.351936e+01 1.310910e+02 4.060000e+01
    endloop
  endfacet
  facet normal 5.849220e-01 3.847093e-01 7.140483e-01
    outer loop
      vertex   2.376733e+01 1.316420e+02 4.010000e+01
      vertex   2.351936e+01 1.310910e+02 4.060000e+01
      vertex   2.400336e+01 1.312831e+02 4.010000e+01
    endloop
  endfacet
  facet normal 5.316912e-01 4.787369e-01 6.986526e-01
    outer loop
      vertex   2.400336e+01 1.312831e+02 4.010000e+01
      vertex   2.351936e+01 1.310910e+02 4.060000e+01
      vertex   2.384809e+01 1.307259e+02 4.060000e+01
    endloop
  endfacet
  facet normal 4.795195e-01 5.082610e-01 7.153543e-01
    outer loop
      vertex   2.400336e+01 1.312831e+02 4.010000e+01
      vertex   2.384809e+01 1.307259e+02 4.060000e+01
      vertex   2.431580e+01 1.309884e+02 4.010000e+01
    endloop
  endfacet
  facet normal 4.209588e-01 5.794001e-01 6.979178e-01
    outer loop
      vertex   2.431580e+01 1.309884e+02 4.010000e+01
      vertex   2.384809e+01 1.307259e+02 4.060000e+01
      vertex   2.424555e+01 1.304371e+02 4.060000e+01
    endloop
  endfacet
  facet normal 3.491588e-01 6.047607e-01 7.157881e-01
    outer loop
      vertex   2.431580e+01 1.309884e+02 4.010000e+01
      vertex   2.424555e+01 1.304371e+02 4.060000e+01
      vertex   2.468780e+01 1.307736e+02 4.010000e+01
    endloop
  endfacet
  facet normal 2.912958e-01 6.542611e-01 6.979178e-01
    outer loop
      vertex   2.468780e+01 1.307736e+02 4.010000e+01
      vertex   2.424555e+01 1.304371e+02 4.060000e+01
      vertex   2.469436e+01 1.302373e+02 4.060000e+01
    endloop
  endfacet
  facet normal 2.004072e-01 6.694066e-01 7.153543e-01
    outer loop
      vertex   2.468780e+01 1.307736e+02 4.010000e+01
      vertex   2.469436e+01 1.302373e+02 4.060000e+01
      vertex   2.509930e+01 1.306504e+02 4.010000e+01
    endloop
  endfacet
  facet normal 1.487527e-01 6.998265e-01 6.986526e-01
    outer loop
      vertex   2.509930e+01 1.306504e+02 4.010000e+01
      vertex   2.469436e+01 1.302373e+02 4.060000e+01
      vertex   2.517490e+01 1.301352e+02 4.060000e+01
    endloop
  endfacet
  facet normal 4.070699e-02 6.989120e-01 7.140483e-01
    outer loop
      vertex   2.509930e+01 1.306504e+02 4.010000e+01
      vertex   2.517490e+01 1.301352e+02 4.060000e+01
      vertex   2.552811e+01 1.306254e+02 4.010000e+01
    endloop
  endfacet
  facet normal 0.000000e+00 7.140298e-01 7.001153e-01
    outer loop
      vertex   2.552811e+01 1.306254e+02 4.010000e+01
      vertex   2.517490e+01 1.301352e+02 4.060000e+01
      vertex   2.566619e+01 1.301352e+02 4.060000e+01
    endloop
  endfacet
  facet normal -1.219576e-01 6.916559e-01 7.118557e-01
    outer loop
      vertex   2.552811e+01 1.306254e+02 4.010000e+01
      vertex   2.566619e+01 1.301352e+02 4.060000e+01
      vertex   2.595113e+01 1.307000e+02 4.010000e+01
    endloop
  endfacet
  facet normal -1.480101e-01 6.963326e-01 7.022919e-01
    outer loop
      vertex   2.595113e+01 1.307000e+02 4.010000e+01
      vertex   2.566619e+01 1.301352e+02 4.060000e+01
      vertex   2.614674e+01 1.302373e+02 4.060000e+01
    endloop
  endfacet
  facet normal -2.794174e-01 6.477623e-01 7.087524e-01
    outer loop
      vertex   2.595113e+01 1.307000e+02 4.010000e+01
      vertex   2.614674e+01 1.302373e+02 4.060000e+01
      vertex   2.634555e+01 1.308701e+02 4.010000e+01
    endloop
  endfacet
  facet normal -2.883951e-01 6.477460e-01 7.051620e-01
    outer loop
      vertex   2.634555e+01 1.308701e+02 4.010000e+01
      vertex   2.614674e+01 1.302373e+02 4.060000e+01
      vertex   2.659555e+01 1.304371e+02 4.060000e+01
    endloop
  endfacet
  facet normal -4.167669e-01 5.736304e-01 7.051620e-01
    outer loop
      vertex   2.634555e+01 1.308701e+02 4.010000e+01
      vertex   2.659555e+01 1.304371e+02 4.060000e+01
      vertex   2.699300e+01 1.307259e+02 4.060000e+01
    endloop
  endfacet
  facet normal -4.212699e-01 5.658637e-01 7.087524e-01
    outer loop
      vertex   2.634555e+01 1.308701e+02 4.010000e+01
      vertex   2.699300e+01 1.307259e+02 4.060000e+01
      vertex   2.669009e+01 1.311267e+02 4.010000e+01
    endloop
  endfacet
  facet normal -5.290367e-01 4.763468e-01 7.022919e-01
    outer loop
      vertex   2.669009e+01 1.311267e+02 4.010000e+01
      vertex   2.699300e+01 1.307259e+02 4.060000e+01
      vertex   2.732174e+01 1.310910e+02 4.060000e+01
    endloop
  endfacet
  facet normal -5.380127e-01 4.514463e-01 7.118557e-01
    outer loop
      vertex   2.669009e+01 1.311267e+02 4.010000e+01
      vertex   2.732174e+01 1.310910e+02 4.060000e+01
      vertex   2.696620e+01 1.314557e+02 4.010000e+01
    endloop
  endfacet
  facet normal -6.183679e-01 3.570149e-01 7.001153e-01
    outer loop
      vertex   2.696620e+01 1.314557e+02 4.010000e+01
      vertex   2.732174e+01 1.310910e+02 4.060000e+01
      vertex   2.756738e+01 1.315165e+02 4.060000e+01
    endloop
  endfacet
  facet normal -6.256290e-01 3.142027e-01 7.140483e-01
    outer loop
      vertex   2.696620e+01 1.314557e+02 4.010000e+01
      vertex   2.756738e+01 1.315165e+02 4.060000e+01
      vertex   2.715898e+01 1.318396e+02 4.010000e+01
    endloop
  endfacet
  facet normal -6.804439e-01 2.210896e-01 6.986526e-01
    outer loop
      vertex   2.715898e+01 1.318396e+02 4.010000e+01
      vertex   2.756738e+01 1.315165e+02 4.060000e+01
      vertex   2.771919e+01 1.319837e+02 4.060000e+01
    endloop
  endfacet
  facet normal -6.799267e-01 1.611456e-01 7.153543e-01
    outer loop
      vertex   2.715898e+01 1.318396e+02 4.010000e+01
      vertex   2.771919e+01 1.319837e+02 4.060000e+01
      vertex   2.725804e+01 1.322575e+02 4.010000e+01
    endloop
  endfacet
  facet normal -7.122546e-01 7.486098e-02 6.979178e-01
    outer loop
      vertex   2.725804e+01 1.322575e+02 4.010000e+01
      vertex   2.771919e+01 1.319837e+02 4.060000e+01
      vertex   2.777055e+01 1.324723e+02 4.060000e+01
    endloop
  endfacet
  facet normal -6.983175e-01 0.000000e+00 7.157881e-01
    outer loop
      vertex   2.725804e+01 1.322575e+02 4.010000e+01
      vertex   2.777055e+01 1.324723e+02 4.060000e+01
      vertex   2.725804e+01 1.326871e+02 4.010000e+01
    endloop
  endfacet
  facet normal -7.122546e-01 -7.486098e-02 6.979178e-01
    outer loop
      vertex   2.725804e+01 1.326871e+02 4.010000e+01
      vertex   2.777055e+01 1.324723e+02 4.060000e+01
      vertex   2.771919e+01 1.329609e+02 4.060000e+01
    endloop
  endfacet
  facet normal -6.799267e-01 -1.611456e-01 7.153543e-01
    outer loop
      vertex   2.725804e+01 1.326871e+02 4.010000e+01
      vertex   2.771919e+01 1.329609e+02 4.060000e+01
      vertex   2.715898e+01 1.331050e+02 4.010000e+01
    endloop
  endfacet
  facet normal -6.804439e-01 -2.210896e-01 6.986526e-01
    outer loop
      vertex   2.715898e+01 1.331050e+02 4.010000e+01
      vertex   2.771919e+01 1.329609e+02 4.060000e+01
      vertex   2.756738e+01 1.334281e+02 4.060000e+01
    endloop
  endfacet
  facet normal -6.256290e-01 -3.142027e-01 7.140483e-01
    outer loop
      vertex   2.715898e+01 1.331050e+02 4.010000e+01
      vertex   2.756738e+01 1.334281e+02 4.060000e+01
      vertex   2.696620e+01 1.334889e+02 4.010000e+01
    endloop
  endfacet
  facet normal -6.183679e-01 -3.570149e-01 7.001153e-01
    outer loop
      vertex   2.696620e+01 1.334889e+02 4.010000e+01
      vertex   2.756738e+01 1.334281e+02 4.060000e+01
      vertex   2.732174e+01 1.338536e+02 4.060000e+01
    endloop
  endfacet
  facet normal -5.380127e-01 -4.514463e-01 7.118557e-01
    outer loop
      vertex   2.696620e+01 1.334889e+02 4.010000e+01
      vertex   2.732174e+01 1.338536e+02 4.060000e+01
      vertex   2.669009e+01 1.338179e+02 4.010000e+01
    endloop
  endfacet
  facet normal -5.290367e-01 -4.763468e-01 7.022919e-01
    outer loop
      vertex   2.669009e+01 1.338179e+02 4.010000e+01
      vertex   2.732174e+01 1.338536e+02 4.060000e+01
      vertex   2.699300e+01 1.342187e+02 4.060000e+01
    endloop
  endfacet
  facet normal -4.212699e-01 -5.658637e-01 7.087524e-01
    outer loop
      vertex   2.669009e+01 1.338179e+02 4.010000e+01
      vertex   2.699300e+01 1.342187e+02 4.060000e+01
      vertex   2.634555e+01 1.340744e+02 4.010000e+01
    endloop
  endfacet
  facet normal -4.167669e-01 -5.736304e-01 7.051620e-01
    outer loop
      vertex   2.634555e+01 1.340744e+02 4.010000e+01
      vertex   2.699300e+01 1.342187e+02 4.060000e+01
      vertex   2.659555e+01 1.345075e+02 4.060000e+01
    endloop
  endfacet
  facet normal -2.883951e-01 -6.477460e-01 7.051620e-01
    outer loop
      vertex   2.634555e+01 1.340744e+02 4.010000e+01
      vertex   2.659555e+01 1.345075e+02 4.060000e+01
      vertex   2.614674e+01 1.347073e+02 4.060000e+01
    endloop
  endfacet
  facet normal -2.794174e-01 -6.477623e-01 7.087524e-01
    outer loop
      vertex   2.634555e+01 1.340744e+02 4.010000e+01
      vertex   2.614674e+01 1.347073e+02 4.060000e+01
      vertex   2.595113e+01 1.342446e+02 4.010000e+01
    endloop
  endfacet
  facet normal -1.480101e-01 -6.963326e-01 7.022919e-01
    outer loop
      vertex   2.595113e+01 1.342446e+02 4.010000e+01
      vertex   2.614674e+01 1.347073e+02 4.060000e+01
      vertex   2.566619e+01 1.348094e+02 4.060000e+01
    endloop
  endfacet
  facet normal -1.219576e-01 -6.916559e-01 7.118557e-01
    outer loop
      vertex   2.595113e+01 1.342446e+02 4.010000e+01
      vertex   2.566619e+01 1.348094e+02 4.060000e+01
      vertex   2.552811e+01 1.343192e+02 4.010000e+01
    endloop
  endfacet
  facet normal 0.000000e+00 -7.140298e-01 7.001153e-01
    outer loop
      vertex   2.552811e+01 1.343192e+02 4.010000e+01
      vertex   2.566619e+01 1.348094e+02 4.060000e+01
      vertex   2.517490e+01 1.348094e+02 4.060000e+01
    endloop
  endfacet
  facet normal 4.070699e-02 -6.989120e-01 7.140483e-01
    outer loop
      vertex   2.552811e+01 1.343192e+02 4.010000e+01
      vertex   2.517490e+01 1.348094e+02 4.060000e+01
      vertex   2.509930e+01 1.342942e+02 4.010000e+01
    endloop
  endfacet
  facet normal 1.487527e-01 -6.998265e-01 6.986526e-01
    outer loop
      vertex   2.509930e+01 1.342942e+02 4.010000e+01
      vertex   2.517490e+01 1.348094e+02 4.060000e+01
      vertex   2.469436e+01 1.347073e+02 4.060000e+01
    endloop
  endfacet
  facet normal 2.004072e-01 -6.694066e-01 7.153543e-01
    outer loop
      vertex   2.509930e+01 1.342942e+02 4.010000e+01
      vertex   2.469436e+01 1.347073e+02 4.060000e+01
      vertex   2.468780e+01 1.341710e+02 4.010000e+01
    endloop
  endfacet
  facet normal 2.912958e-01 -6.542611e-01 6.979178e-01
    outer loop
      vertex   2.468780e+01 1.341710e+02 4.010000e+01
      vertex   2.469436e+01 1.347073e+02 4.060000e+01
      vertex   2.424555e+01 1.345075e+02 4.060000e+01
    endloop
  endfacet
  facet normal 3.491588e-01 -6.047607e-01 7.157881e-01
    outer loop
      vertex   2.468780e+01 1.341710e+02 4.010000e+01
      vertex   2.424555e+01 1.345075e+02 4.060000e+01
      vertex   2.431580e+01 1.339562e+02 4.010000e+01
    endloop
  endfacet
  facet normal 4.209588e-01 -5.794001e-01 6.979178e-01
    outer loop
      vertex   2.431580e+01 1.339562e+02 4.010000e+01
      vertex   2.424555e+01 1.345075e+02 4.060000e+01
      vertex   2.384809e+01 1.342187e+02 4.060000e+01
    endloop
  endfacet
  facet normal 4.795195e-01 -5.082610e-01 7.153543e-01
    outer loop
      vertex   2.431580e+01 1.339562e+02 4.010000e+01
      vertex   2.384809e+01 1.342187e+02 4.060000e+01
      vertex   2.400336e+01 1.336615e+02 4.010000e+01
    endloop
  endfacet
  facet normal 5.316912e-01 -4.787369e-01 6.986526e-01
    outer loop
      vertex   2.400336e+01 1.336615e+02 4.010000e+01
      vertex   2.384809e+01 1.342187e+02 4.060000e+01
      vertex   2.351936e+01 1.338536e+02 4.060000e+01
    endloop
  endfacet
  facet normal 5.849220e-01 -3.847093e-01 7.140483e-01
    outer loop
      vertex   2.400336e+01 1.336615e+02 4.010000e+01
      vertex   2.351936e+01 1.338536e+02 4.060000e+01
      vertex   2.376733e+01 1.333026e+02 4.010000e+01
    endloop
  endfacet
  facet normal 6.183679e-01 -3.570149e-01 7.001153e-01
    outer loop
      vertex   2.376733e+01 1.333026e+02 4.010000e+01
      vertex   2.351936e+01 1.338536e+02 4.060000e+01
      vertex   2.327371e+01 1.334281e+02 4.060000e+01
    endloop
  endfacet
  facet normal 6.599703e-01 -2.402096e-01 7.118557e-01
    outer loop
      vertex   2.376733e+01 1.333026e+02 4.010000e+01
      vertex   2.327371e+01 1.334281e+02 4.060000e+01
      vertex   2.362041e+01 1.328989e+02 4.010000e+01
    endloop
  endfacet
  facet normal 6.770467e-01 -2.199858e-01 7.022919e-01
    outer loop
      vertex   2.362041e+01 1.328989e+02 4.010000e+01
      vertex   2.327371e+01 1.334281e+02 4.060000e+01
      vertex   2.312190e+01 1.329609e+02 4.060000e+01
    endloop
  endfacet
  facet normal 7.006873e-01 -8.189860e-02 7.087524e-01
    outer loop
      vertex   2.362041e+01 1.328989e+02 4.010000e+01
      vertex   2.312190e+01 1.329609e+02 4.060000e+01
      vertex   2.357055e+01 1.324723e+02 4.010000e+01
    endloop
  endfacet
  facet normal 3.148194e-15 3.308885e-16 1.000000e+00
    outer loop
      vertex   -3.812110e+01 1.319837e+02 4.060000e+01
      vertex   -3.817245e+01 1.324723e+02 4.060000e+01
      vertex   -4.021675e+01 1.304487e+02 4.060000e+01
    endloop
  endfacet
  facet normal 3.879357e-15 -4.077369e-16 1.000000e+00
    outer loop
      vertex   -4.021675e+01 1.304487e+02 4.060000e+01
      vertex   -3.817245e+01 1.324723e+02 4.060000e+01
      vertex   -3.812110e+01 1.329609e+02 4.060000e+01
    endloop
  endfacet
  facet normal 5.553842e-15 -1.804553e-15 1.000000e+00
    outer loop
      vertex   -4.021675e+01 1.304487e+02 4.060000e+01
      vertex   -3.812110e+01 1.329609e+02 4.060000e+01
      vertex   -3.796929e+01 1.334281e+02 4.060000e+01
    endloop
  endfacet
  facet normal -8.089526e-14 6.340531e-14 1.000000e+00
    outer loop
      vertex   -3.796929e+01 1.334281e+02 4.060000e+01
      vertex   -3.772364e+01 1.338536e+02 4.060000e+01
      vertex   -4.021675e+01 1.304487e+02 4.060000e+01
    endloop
  endfacet
  facet normal 3.634012e-15 1.512772e-15 1.000000e+00
    outer loop
      vertex   -4.021675e+01 1.304487e+02 4.060000e+01
      vertex   -3.772364e+01 1.338536e+02 4.060000e+01
      vertex   -3.590824e+01 1.388865e+02 4.060000e+01
    endloop
  endfacet
  facet normal -3.226201e-16 3.533093e-15 1.000000e+00
    outer loop
      vertex   -4.021675e+01 1.304487e+02 4.060000e+01
      vertex   -3.590824e+01 1.388865e+02 4.060000e+01
      vertex   -3.590824e+01 1.650309e+02 4.060000e+01
    endloop
  endfacet
  facet normal 6.703743e-15 4.055017e-16 1.000000e+00
    outer loop
      vertex   -3.590824e+01 1.388865e+02 4.060000e+01
      vertex   -3.772364e+01 1.338536e+02 4.060000e+01
      vertex   -3.586085e+01 1.381030e+02 4.060000e+01
    endloop
  endfacet
  facet normal -7.237851e-15 6.516991e-15 1.000000e+00
    outer loop
      vertex   -3.586085e+01 1.381030e+02 4.060000e+01
      vertex   -3.772364e+01 1.338536e+02 4.060000e+01
      vertex   -3.739491e+01 1.342187e+02 4.060000e+01
    endloop
  endfacet
  facet normal -9.589645e-15 7.445798e-15 1.000000e+00
    outer loop
      vertex   -3.586085e+01 1.381030e+02 4.060000e+01
      vertex   -3.739491e+01 1.342187e+02 4.060000e+01
      vertex   -3.571936e+01 1.373310e+02 4.060000e+01
    endloop
  endfacet
  facet normal -2.724343e-15 3.749736e-15 1.000000e+00
    outer loop
      vertex   -3.571936e+01 1.373310e+02 4.060000e+01
      vertex   -3.739491e+01 1.342187e+02 4.060000e+01
      vertex   -3.699745e+01 1.345075e+02 4.060000e+01
    endloop
  endfacet
  facet normal 3.292704e-15 1.026048e-15 1.000000e+00
    outer loop
      vertex   -3.571936e+01 1.373310e+02 4.060000e+01
      vertex   -3.699745e+01 1.345075e+02 4.060000e+01
      vertex   -3.548585e+01 1.365816e+02 4.060000e+01
    endloop
  endfacet
  facet normal -2.257880e-15 5.071281e-15 1.000000e+00
    outer loop
      vertex   -3.548585e+01 1.365816e+02 4.060000e+01
      vertex   -3.699745e+01 1.345075e+02 4.060000e+01
      vertex   -3.654864e+01 1.347073e+02 4.060000e+01
    endloop
  endfacet
  facet normal 3.727239e-15 1.677494e-15 1.000000e+00
    outer loop
      vertex   -3.548585e+01 1.365816e+02 4.060000e+01
      vertex   -3.654864e+01 1.347073e+02 4.060000e+01
      vertex   -3.516370e+01 1.358658e+02 4.060000e+01
    endloop
  endfacet
  facet normal -1.747731e-15 8.222426e-15 1.000000e+00
    outer loop
      vertex   -3.516370e+01 1.358658e+02 4.060000e+01
      vertex   -3.654864e+01 1.347073e+02 4.060000e+01
      vertex   -3.606810e+01 1.348094e+02 4.060000e+01
    endloop
  endfacet
  facet normal 0.000000e+00 6.726163e-15 1.000000e+00
    outer loop
      vertex   -3.516370e+01 1.358658e+02 4.060000e+01
      vertex   -3.606810e+01 1.348094e+02 4.060000e+01
      vertex   -3.557681e+01 1.348094e+02 4.060000e+01
    endloop
  endfacet
  facet normal 6.756036e-15 4.084166e-15 1.000000e+00
    outer loop
      vertex   -3.516370e+01 1.358658e+02 4.060000e+01
      vertex   -3.557681e+01 1.348094e+02 4.060000e+01
      vertex   -3.475764e+01 1.351941e+02 4.060000e+01
    endloop
  endfacet
  facet normal 2.702825e-15 1.271579e-14 1.000000e+00
    outer loop
      vertex   -3.475764e+01 1.351941e+02 4.060000e+01
      vertex   -3.557681e+01 1.348094e+02 4.060000e+01
      vertex   -3.509626e+01 1.347073e+02 4.060000e+01
    endloop
  endfacet
  facet normal 4.961816e-15 1.114442e-14 1.000000e+00
    outer loop
      vertex   -3.475764e+01 1.351941e+02 4.060000e+01
      vertex   -3.509626e+01 1.347073e+02 4.060000e+01
      vertex   -3.464745e+01 1.345075e+02 4.060000e+01
    endloop
  endfacet
  facet normal -1.848424e-15 1.005161e-14 1.000000e+00
    outer loop
      vertex   -3.475764e+01 1.351941e+02 4.060000e+01
      vertex   -3.464745e+01 1.345075e+02 4.060000e+01
      vertex   -3.427356e+01 1.345762e+02 4.060000e+01
    endloop
  endfacet
  facet normal 0.000000e+00 0.000000e+00 1.000000e+00
    outer loop
      vertex   -3.427356e+01 1.345762e+02 4.060000e+01
      vertex   -3.464745e+01 1.345075e+02 4.060000e+01
      vertex   -3.425000e+01 1.342187e+02 4.060000e+01
    endloop
  endfacet
  facet normal 0.000000e+00 0.000000e+00 1.000000e+00
    outer loop
      vertex   -3.427356e+01 1.345762e+02 4.060000e+01
      vertex   -3.425000e+01 1.342187e+02 4.060000e+01
      vertex   -3.371854e+01 1.340212e+02 4.060000e+01
    endloop
  endfacet
  facet normal 0.000000e+00 0.000000e+00 1.000000e+00
    outer loop
      vertex   -3.371854e+01 1.340212e+02 4.060000e+01
      vertex   -3.425000e+01 1.342187e+02 4.060000e+01
      vertex   -3.392126e+01 1.338536e+02 4.060000e+01
    endloop
  endfacet
  facet normal 0.000000e+00 0.000000e+00 1.000000e+00
    outer loop
      vertex   -3.371854e+01 1.340212e+02 4.060000e+01
      vertex   -3.392126e+01 1.338536e+02 4.060000e+01
      vertex   -3.310066e+01 1.335371e+02 4.060000e+01
    endloop
  endfacet
  facet normal 8.285657e-15 2.148414e-14 1.000000e+00
    outer loop
      vertex   -3.310066e+01 1.335371e+02 4.060000e+01
      vertex   -3.392126e+01 1.338536e+02 4.060000e+01
      vertex   -3.367562e+01 1.334281e+02 4.060000e+01
    endloop
  endfacet
  facet normal 1.164112e-14 3.782430e-15 1.000000e+00
    outer loop
      vertex   -3.310066e+01 1.335371e+02 4.060000e+01
      vertex   -3.367562e+01 1.334281e+02 4.060000e+01
      vertex   -3.352381e+01 1.329609e+02 4.060000e+01
    endloop
  endfacet
  facet normal 5.162552e-15 8.539905e-15 1.000000e+00
    outer loop
      vertex   -3.310066e+01 1.335371e+02 4.060000e+01
      vertex   -3.352381e+01 1.329609e+02 4.060000e+01
      vertex   -3.242894e+01 1.331310e+02 4.060000e+01
    endloop
  endfacet
  facet normal 6.385464e-15 6.711393e-16 1.000000e+00
    outer loop
      vertex   -3.242894e+01 1.331310e+02 4.060000e+01
      vertex   -3.352381e+01 1.329609e+02 4.060000e+01
      vertex   -3.347245e+01 1.324723e+02 4.060000e+01
    endloop
  endfacet
  facet normal 2.834016e-15 6.296925e-15 1.000000e+00
    outer loop
      vertex   -3.242894e+01 1.331310e+02 4.060000e+01
      vertex   -3.347245e+01 1.324723e+02 4.060000e+01
      vertex   -3.171317e+01 1.328089e+02 4.060000e+01
    endloop
  endfacet
  facet normal 4.121710e-15 -4.332092e-16 1.000000e+00
    outer loop
      vertex   -3.171317e+01 1.328089e+02 4.060000e+01
      vertex   -3.347245e+01 1.324723e+02 4.060000e+01
      vertex   -3.352381e+01 1.319837e+02 4.060000e+01
    endloop
  endfacet
  facet normal -4.037806e-15 1.747020e-14 1.000000e+00
    outer loop
      vertex   -3.171317e+01 1.328089e+02 4.060000e+01
      vertex   -3.352381e+01 1.319837e+02 4.060000e+01
      vertex   -3.096379e+01 1.325754e+02 4.060000e+01
    endloop
  endfacet
  facet normal 0.000000e+00 0.000000e+00 1.000000e+00
    outer loop
      vertex   -3.096379e+01 1.325754e+02 4.060000e+01
      vertex   -3.352381e+01 1.319837e+02 4.060000e+01
      vertex   -3.367562e+01 1.315165e+02 4.060000e+01
    endloop
  endfacet
  facet normal 0.000000e+00 0.000000e+00 1.000000e+00
    outer loop
      vertex   -3.096379e+01 1.325754e+02 4.060000e+01
      vertex   -3.367562e+01 1.315165e+02 4.060000e+01
      vertex   -3.019173e+01 1.324339e+02 4.060000e+01
    endloop
  endfacet
  facet normal -5.186351e-15 1.969475e-14 1.000000e+00
    outer loop
      vertex   -3.019173e+01 1.324339e+02 4.060000e+01
      vertex   -3.367562e+01 1.315165e+02 4.060000e+01
      vertex   -3.392126e+01 1.310910e+02 4.060000e+01
    endloop
  endfacet
  facet normal 2.740198e-16 4.530088e-15 1.000000e+00
    outer loop
      vertex   -3.019173e+01 1.324339e+02 4.060000e+01
      vertex   -3.392126e+01 1.310910e+02 4.060000e+01
      vertex   -2.940824e+01 1.323865e+02 4.060000e+01
    endloop
  endfacet
  facet normal 2.123215e-15 -1.911751e-15 1.000000e+00
    outer loop
      vertex   -2.940824e+01 1.323865e+02 4.060000e+01
      vertex   -3.392126e+01 1.310910e+02 4.060000e+01
      vertex   -3.425000e+01 1.307259e+02 4.060000e+01
    endloop
  endfacet
  facet normal 2.779758e-15 -3.826009e-15 1.000000e+00
    outer loop
      vertex   -2.940824e+01 1.323865e+02 4.060000e+01
      vertex   -3.425000e+01 1.307259e+02 4.060000e+01
      vertex   -3.464745e+01 1.304371e+02 4.060000e+01
    endloop
  endfacet
  facet normal 8.253971e-15 -1.853872e-14 1.000000e+00
    outer loop
      vertex   -3.464745e+01 1.304371e+02 4.060000e+01
      vertex   -3.509626e+01 1.302373e+02 4.060000e+01
      vertex   -2.940824e+01 1.323865e+02 4.060000e+01
    endloop
  endfacet
  facet normal 0.000000e+00 3.306086e-15 1.000000e+00
    outer loop
      vertex   -2.940824e+01 1.323865e+02 4.060000e+01
      vertex   -3.509626e+01 1.302373e+02 4.060000e+01
      vertex   2.469436e+01 1.302373e+02 4.060000e+01
    endloop
  endfacet
  facet normal 5.822499e-30 3.306086e-15 1.000000e+00
    outer loop
      vertex   -2.940824e+01 1.323865e+02 4.060000e+01
      vertex   2.469436e+01 1.302373e+02 4.060000e+01
      vertex   1.900633e+01 1.323865e+02 4.060000e+01
    endloop
  endfacet
  facet normal -8.253971e-15 -1.853872e-14 1.000000e+00
    outer loop
      vertex   1.900633e+01 1.323865e+02 4.060000e+01
      vertex   2.469436e+01 1.302373e+02 4.060000e+01
      vertex   2.424555e+01 1.304371e+02 4.060000e+01
    endloop
  endfacet
  facet normal -2.779758e-15 -3.826009e-15 1.000000e+00
    outer loop
      vertex   1.900633e+01 1.323865e+02 4.060000e+01
      vertex   2.424555e+01 1.304371e+02 4.060000e+01
      vertex   2.384809e+01 1.307259e+02 4.060000e+01
    endloop
  endfacet
  facet normal -0.000000e+00 0.000000e+00 1.000000e+00
    outer loop
      vertex   -3.557681e+01 1.301352e+02 4.060000e+01
      vertex   -3.871675e+01 1.289487e+02 4.060000e+01
      vertex   -3.509626e+01 1.302373e+02 4.060000e+01
    endloop
  endfacet
  facet normal 0.000000e+00 0.000000e+00 1.000000e+00
    outer loop
      vertex   -3.509626e+01 1.302373e+02 4.060000e+01
      vertex   -3.871675e+01 1.289487e+02 4.060000e+01
      vertex   2.828325e+01 1.289487e+02 4.060000e+01
    endloop
  endfacet
  facet normal -0.000000e+00 0.000000e+00 1.000000e+00
    outer loop
      vertex   -3.509626e+01 1.302373e+02 4.060000e+01
      vertex   2.828325e+01 1.289487e+02 4.060000e+01
      vertex   2.469436e+01 1.302373e+02 4.060000e+01
    endloop
  endfacet
  facet normal 0.000000e+00 0.000000e+00 1.000000e+00
    outer loop
      vertex   2.469436e+01 1.302373e+02 4.060000e+01
      vertex   2.828325e+01 1.289487e+02 4.060000e+01
      vertex   2.517490e+01 1.301352e+02 4.060000e+01
    endloop
  endfacet
  facet normal -0.000000e+00 0.000000e+00 1.000000e+00
    outer loop
      vertex   2.517490e+01 1.301352e+02 4.060000e+01
      vertex   2.828325e+01 1.289487e+02 4.060000e+01
      vertex   2.566619e+01 1.301352e+02 4.060000e+01
    endloop
  endfacet
  facet normal -0.000000e+00 0.000000e+00 1.000000e+00
    outer loop
      vertex   2.566619e+01 1.301352e+02 4.060000e+01
      vertex   2.828325e+01 1.289487e+02 4.060000e+01
      vertex   2.614674e+01 1.302373e+02 4.060000e+01
    endloop
  endfacet
  facet normal -0.000000e+00 0.000000e+00 1.000000e+00
    outer loop
      vertex   2.614674e+01 1.302373e+02 4.060000e+01
      vertex   2.828325e+01 1.289487e+02 4.060000e+01
      vertex   2.659555e+01 1.304371e+02 4.060000e+01
    endloop
  endfacet
  facet normal -0.000000e+00 0.000000e+00 1.000000e+00
    outer loop
      vertex   2.659555e+01 1.304371e+02 4.060000e+01
      vertex   2.828325e+01 1.289487e+02 4.060000e+01
      vertex   2.699300e+01 1.307259e+02 4.060000e+01
    endloop
  endfacet
  facet normal 0.000000e+00 0.000000e+00 1.000000e+00
    outer loop
      vertex   2.699300e+01 1.307259e+02 4.060000e+01
      vertex   2.828325e+01 1.289487e+02 4.060000e+01
      vertex   2.978325e+01 1.304487e+02 4.060000e+01
    endloop
  endfacet
  facet normal -0.000000e+00 0.000000e+00 1.000000e+00
    outer loop
      vertex   2.699300e+01 1.307259e+02 4.060000e+01
      vertex   2.978325e+01 1.304487e+02 4.060000e+01
      vertex   2.732174e+01 1.310910e+02 4.060000e+01
    endloop
  endfacet
  facet normal 3.787431e-15 1.451374e-14 1.000000e+00
    outer loop
      vertex   2.732174e+01 1.310910e+02 4.060000e+01
      vertex   2.978325e+01 1.304487e+02 4.060000e+01
      vertex   2.756738e+01 1.315165e+02 4.060000e+01
    endloop
  endfacet
  facet normal -2.772495e-15 9.008381e-16 1.000000e+00
    outer loop
      vertex   2.756738e+01 1.315165e+02 4.060000e+01
      vertex   2.978325e+01 1.304487e+02 4.060000e+01
      vertex   2.771919e+01 1.319837e+02 4.060000e+01
    endloop
  endfacet
  facet normal -3.192875e-15 3.355847e-16 1.000000e+00
    outer loop
      vertex   2.771919e+01 1.319837e+02 4.060000e+01
      vertex   2.978325e+01 1.304487e+02 4.060000e+01
      vertex   2.777055e+01 1.324723e+02 4.060000e+01
    endloop
  endfacet
  facet normal -3.947428e-15 -4.148914e-16 1.000000e+00
    outer loop
      vertex   2.777055e+01 1.324723e+02 4.060000e+01
      vertex   2.978325e+01 1.304487e+02 4.060000e+01
      vertex   2.771919e+01 1.329609e+02 4.060000e+01
    endloop
  endfacet
  facet normal -5.694424e-15 -1.850230e-15 1.000000e+00
    outer loop
      vertex   2.771919e+01 1.329609e+02 4.060000e+01
      vertex   2.978325e+01 1.304487e+02 4.060000e+01
      vertex   2.756738e+01 1.334281e+02 4.060000e+01
    endloop
  endfacet
  facet normal 8.604991e-14 6.638135e-14 1.000000e+00
    outer loop
      vertex   2.756738e+01 1.334281e+02 4.060000e+01
      vertex   2.978325e+01 1.304487e+02 4.060000e+01
      vertex   2.732174e+01 1.338536e+02 4.060000e+01
    endloop
  endfacet
  facet normal -3.727075e-15 1.479203e-15 1.000000e+00
    outer loop
      vertex   2.732174e+01 1.338536e+02 4.060000e+01
      vertex   2.978325e+01 1.304487e+02 4.060000e+01
      vertex   2.550633e+01 1.388865e+02 4.060000e+01
    endloop
  endfacet
  facet normal -6.703743e-15 4.055017e-16 1.000000e+00
    outer loop
      vertex   2.732174e+01 1.338536e+02 4.060000e+01
      vertex   2.550633e+01 1.388865e+02 4.060000e+01
      vertex   2.545894e+01 1.381030e+02 4.060000e+01
    endloop
  endfacet
  facet normal 0.000000e+00 0.000000e+00 1.000000e+00
    outer loop
      vertex   -3.557681e+01 1.301352e+02 4.060000e+01
      vertex   -3.606810e+01 1.301352e+02 4.060000e+01
      vertex   -3.871675e+01 1.289487e+02 4.060000e+01
    endloop
  endfacet
  facet normal 0.000000e+00 0.000000e+00 1.000000e+00
    outer loop
      vertex   -3.871675e+01 1.289487e+02 4.060000e+01
      vertex   -3.606810e+01 1.301352e+02 4.060000e+01
      vertex   -3.654864e+01 1.302373e+02 4.060000e+01
    endloop
  endfacet
  facet normal 0.000000e+00 0.000000e+00 1.000000e+00
    outer loop
      vertex   -3.871675e+01 1.289487e+02 4.060000e+01
      vertex   -3.654864e+01 1.302373e+02 4.060000e+01
      vertex   -3.699745e+01 1.304371e+02 4.060000e+01
    endloop
  endfacet
  facet normal 0.000000e+00 0.000000e+00 1.000000e+00
    outer loop
      vertex   -3.699745e+01 1.304371e+02 4.060000e+01
      vertex   -3.739491e+01 1.307259e+02 4.060000e+01
      vertex   -3.871675e+01 1.289487e+02 4.060000e+01
    endloop
  endfacet
  facet normal 0.000000e+00 -0.000000e+00 1.000000e+00
    outer loop
      vertex   -3.871675e+01 1.289487e+02 4.060000e+01
      vertex   -3.739491e+01 1.307259e+02 4.060000e+01
      vertex   -4.021675e+01 1.304487e+02 4.060000e+01
    endloop
  endfacet
  facet normal 0.000000e+00 0.000000e+00 1.000000e+00
    outer loop
      vertex   -4.021675e+01 1.304487e+02 4.060000e+01
      vertex   -3.739491e+01 1.307259e+02 4.060000e+01
      vertex   -3.772364e+01 1.310910e+02 4.060000e+01
    endloop
  endfacet
  facet normal -3.745662e-15 1.453785e-14 1.000000e+00
    outer loop
      vertex   -4.021675e+01 1.304487e+02 4.060000e+01
      vertex   -3.772364e+01 1.310910e+02 4.060000e+01
      vertex   -3.796929e+01 1.315165e+02 4.060000e+01
    endloop
  endfacet
  facet normal 2.738742e-15 8.898712e-16 1.000000e+00
    outer loop
      vertex   -3.796929e+01 1.315165e+02 4.060000e+01
      vertex   -3.812110e+01 1.319837e+02 4.060000e+01
      vertex   -4.021675e+01 1.304487e+02 4.060000e+01
    endloop
  endfacet
  facet normal 4.667051e-15 -4.905268e-16 1.000000e+00
    outer loop
      vertex   2.312190e+01 1.719337e+02 4.060000e+01
      vertex   2.150462e+01 1.710316e+02 4.060000e+01
      vertex   2.307055e+01 1.714451e+02 4.060000e+01
    endloop
  endfacet
  facet normal 2.942535e-15 6.040225e-15 1.000000e+00
    outer loop
      vertex   2.307055e+01 1.714451e+02 4.060000e+01
      vertex   2.150462e+01 1.710316e+02 4.060000e+01
      vertex   2.219159e+01 1.706970e+02 4.060000e+01
    endloop
  endfacet
  facet normal 7.420084e-15 7.798822e-16 1.000000e+00
    outer loop
      vertex   2.307055e+01 1.714451e+02 4.060000e+01
      vertex   2.219159e+01 1.706970e+02 4.060000e+01
      vertex   2.312190e+01 1.709565e+02 4.060000e+01
    endloop
  endfacet
  facet normal 7.002828e-15 2.275357e-15 1.000000e+00
    outer loop
      vertex   2.312190e+01 1.709565e+02 4.060000e+01
      vertex   2.219159e+01 1.706970e+02 4.060000e+01
      vertex   2.327371e+01 1.704893e+02 4.060000e+01
    endloop
  endfacet
  facet normal 9.363925e-15 1.457855e-14 1.000000e+00
    outer loop
      vertex   2.327371e+01 1.704893e+02 4.060000e+01
      vertex   2.219159e+01 1.706970e+02 4.060000e+01
      vertex   2.283453e+01 1.702840e+02 4.060000e+01
    endloop
  endfacet
  facet normal 6.592746e-15 2.050673e-14 1.000000e+00
    outer loop
      vertex   2.327371e+01 1.704893e+02 4.060000e+01
      vertex   2.283453e+01 1.702840e+02 4.060000e+01
      vertex   2.351936e+01 1.700638e+02 4.060000e+01
    endloop
  endfacet
  facet normal 0.000000e+00 0.000000e+00 1.000000e+00
    outer loop
      vertex   2.351936e+01 1.700638e+02 4.060000e+01
      vertex   2.283453e+01 1.702840e+02 4.060000e+01
      vertex   2.342457e+01 1.697984e+02 4.060000e+01
    endloop
  endfacet
  facet normal 0.000000e+00 0.000000e+00 1.000000e+00
    outer loop
      vertex   2.351936e+01 1.700638e+02 4.060000e+01
      vertex   2.342457e+01 1.697984e+02 4.060000e+01
      vertex   2.384809e+01 1.696987e+02 4.060000e+01
    endloop
  endfacet
  facet normal 0.000000e+00 0.000000e+00 1.000000e+00
    outer loop
      vertex   2.384809e+01 1.696987e+02 4.060000e+01
      vertex   2.342457e+01 1.697984e+02 4.060000e+01
      vertex   2.395354e+01 1.692470e+02 4.060000e+01
    endloop
  endfacet
  facet normal 0.000000e+00 0.000000e+00 1.000000e+00
    outer loop
      vertex   2.384809e+01 1.696987e+02 4.060000e+01
      vertex   2.395354e+01 1.692470e+02 4.060000e+01
      vertex   2.424555e+01 1.694100e+02 4.060000e+01
    endloop
  endfacet
  facet normal 0.000000e+00 0.000000e+00 1.000000e+00
    outer loop
      vertex   2.424555e+01 1.694100e+02 4.060000e+01
      vertex   2.395354e+01 1.692470e+02 4.060000e+01
      vertex   2.469436e+01 1.692101e+02 4.060000e+01
    endloop
  endfacet
  facet normal 0.000000e+00 0.000000e+00 1.000000e+00
    outer loop
      vertex   2.469436e+01 1.692101e+02 4.060000e+01
      vertex   2.395354e+01 1.692470e+02 4.060000e+01
      vertex   2.441414e+01 1.686372e+02 4.060000e+01
    endloop
  endfacet
  facet normal 0.000000e+00 0.000000e+00 1.000000e+00
    outer loop
      vertex   2.469436e+01 1.692101e+02 4.060000e+01
      vertex   2.441414e+01 1.686372e+02 4.060000e+01
      vertex   2.517490e+01 1.691080e+02 4.060000e+01
    endloop
  endfacet
  facet normal 0.000000e+00 0.000000e+00 1.000000e+00
    outer loop
      vertex   2.517490e+01 1.691080e+02 4.060000e+01
      vertex   2.441414e+01 1.686372e+02 4.060000e+01
      vertex   2.480001e+01 1.679777e+02 4.060000e+01
    endloop
  endfacet
  facet normal -0.000000e+00 0.000000e+00 1.000000e+00
    outer loop
      vertex   2.517490e+01 1.691080e+02 4.060000e+01
      vertex   2.480001e+01 1.679777e+02 4.060000e+01
      vertex   2.566619e+01 1.691080e+02 4.060000e+01
    endloop
  endfacet
  facet normal -0.000000e+00 0.000000e+00 1.000000e+00
    outer loop
      vertex   2.566619e+01 1.691080e+02 4.060000e+01
      vertex   2.480001e+01 1.679777e+02 4.060000e+01
      vertex   2.614674e+01 1.692101e+02 4.060000e+01
    endloop
  endfacet
  facet normal -1.326872e-14 1.449875e-14 1.000000e+00
    outer loop
      vertex   2.614674e+01 1.692101e+02 4.060000e+01
      vertex   2.480001e+01 1.679777e+02 4.060000e+01
      vertex   2.510579e+01 1.672774e+02 4.060000e+01
    endloop
  endfacet
  facet normal -4.306133e-15 9.671734e-15 1.000000e+00
    outer loop
      vertex   2.614674e+01 1.692101e+02 4.060000e+01
      vertex   2.510579e+01 1.672774e+02 4.060000e+01
      vertex   2.659555e+01 1.694100e+02 4.060000e+01
    endloop
  endfacet
  facet normal 6.654217e-15 2.015253e-15 1.000000e+00
    outer loop
      vertex   2.659555e+01 1.694100e+02 4.060000e+01
      vertex   2.510579e+01 1.672774e+02 4.060000e+01
      vertex   2.532729e+01 1.665460e+02 4.060000e+01
    endloop
  endfacet
  facet normal -5.315216e-15 7.315767e-15 1.000000e+00
    outer loop
      vertex   2.659555e+01 1.694100e+02 4.060000e+01
      vertex   2.532729e+01 1.665460e+02 4.060000e+01
      vertex   2.699300e+01 1.696987e+02 4.060000e+01
    endloop
  endfacet
  facet normal 6.378760e-15 1.137319e-15 1.000000e+00
    outer loop
      vertex   2.699300e+01 1.696987e+02 4.060000e+01
      vertex   2.532729e+01 1.665460e+02 4.060000e+01
      vertex   2.546142e+01 1.657937e+02 4.060000e+01
    endloop
  endfacet
  facet normal -7.160972e-15 6.447768e-15 1.000000e+00
    outer loop
      vertex   2.699300e+01 1.696987e+02 4.060000e+01
      vertex   2.546142e+01 1.657937e+02 4.060000e+01
      vertex   2.732174e+01 1.700638e+02 4.060000e+01
    endloop
  endfacet
  facet normal -1.210526e-14 8.601812e-15 1.000000e+00
    outer loop
      vertex   2.732174e+01 1.700638e+02 4.060000e+01
      vertex   2.546142e+01 1.657937e+02 4.060000e+01
      vertex   2.550633e+01 1.650309e+02 4.060000e+01
    endloop
  endfacet
  facet normal 5.753688e-14 -1.651852e-14 1.000000e+00
    outer loop
      vertex   2.732174e+01 1.700638e+02 4.060000e+01
      vertex   2.550633e+01 1.650309e+02 4.060000e+01
      vertex   2.756738e+01 1.704893e+02 4.060000e+01
    endloop
  endfacet
  facet normal -1.199095e-14 9.734677e-15 1.000000e+00
    outer loop
      vertex   2.756738e+01 1.704893e+02 4.060000e+01
      vertex   2.550633e+01 1.650309e+02 4.060000e+01
      vertex   2.978325e+01 1.739487e+02 4.060000e+01
    endloop
  endfacet
  facet normal 6.507650e-15 -2.114464e-15 1.000000e+00
    outer loop
      vertex   2.756738e+01 1.704893e+02 4.060000e+01
      vertex   2.978325e+01 1.739487e+02 4.060000e+01
      vertex   2.771919e+01 1.709565e+02 4.060000e+01
    endloop
  endfacet
  facet normal 4.061231e-15 -4.268525e-16 1.000000e+00
    outer loop
      vertex   2.771919e+01 1.709565e+02 4.060000e+01
      vertex   2.978325e+01 1.739487e+02 4.060000e+01
      vertex   2.777055e+01 1.714451e+02 4.060000e+01
    endloop
  endfacet
  facet normal 3.122111e-15 3.281471e-16 1.000000e+00
    outer loop
      vertex   2.777055e+01 1.714451e+02 4.060000e+01
      vertex   2.978325e+01 1.739487e+02 4.060000e+01
      vertex   2.771919e+01 1.719337e+02 4.060000e+01
    endloop
  endfacet
  facet normal 2.613483e-15 8.491722e-16 1.000000e+00
    outer loop
      vertex   2.771919e+01 1.719337e+02 4.060000e+01
      vertex   2.978325e+01 1.739487e+02 4.060000e+01
      vertex   2.756738e+01 1.724009e+02 4.060000e+01
    endloop
  endfacet
  facet normal -6.027428e-15 1.322047e-14 1.000000e+00
    outer loop
      vertex   2.756738e+01 1.724009e+02 4.060000e+01
      vertex   2.978325e+01 1.739487e+02 4.060000e+01
      vertex   2.732174e+01 1.728264e+02 4.060000e+01
    endloop
  endfacet
  facet normal 0.000000e+00 -0.000000e+00 1.000000e+00
    outer loop
      vertex   2.732174e+01 1.728264e+02 4.060000e+01
      vertex   2.978325e+01 1.739487e+02 4.060000e+01
      vertex   2.699300e+01 1.731915e+02 4.060000e+01
    endloop
  endfacet
  facet normal 0.000000e+00 0.000000e+00 1.000000e+00
    outer loop
      vertex   2.699300e+01 1.731915e+02 4.060000e+01
      vertex   2.978325e+01 1.739487e+02 4.060000e+01
      vertex   2.878325e+01 1.749487e+02 4.060000e+01
    endloop
  endfacet
  facet normal 0.000000e+00 -0.000000e+00 1.000000e+00
    outer loop
      vertex   2.699300e+01 1.731915e+02 4.060000e+01
      vertex   2.878325e+01 1.749487e+02 4.060000e+01
      vertex   2.659555e+01 1.734803e+02 4.060000e+01
    endloop
  endfacet
  facet normal 0.000000e+00 -0.000000e+00 1.000000e+00
    outer loop
      vertex   2.659555e+01 1.734803e+02 4.060000e+01
      vertex   2.878325e+01 1.749487e+02 4.060000e+01
      vertex   2.614674e+01 1.736801e+02 4.060000e+01
    endloop
  endfacet
  facet normal 0.000000e+00 -0.000000e+00 1.000000e+00
    outer loop
      vertex   2.614674e+01 1.736801e+02 4.060000e+01
      vertex   2.878325e+01 1.749487e+02 4.060000e+01
      vertex   2.566619e+01 1.737822e+02 4.060000e+01
    endloop
  endfacet
  facet normal 0.000000e+00 -0.000000e+00 1.000000e+00
    outer loop
      vertex   2.566619e+01 1.737822e+02 4.060000e+01
      vertex   2.878325e+01 1.749487e+02 4.060000e+01
      vertex   2.517490e+01 1.737822e+02 4.060000e+01
    endloop
  endfacet
  facet normal 0.000000e+00 -0.000000e+00 1.000000e+00
    outer loop
      vertex   2.517490e+01 1.737822e+02 4.060000e+01
      vertex   2.878325e+01 1.749487e+02 4.060000e+01
      vertex   2.469436e+01 1.736801e+02 4.060000e+01
    endloop
  endfacet
  facet normal 0.000000e+00 -0.000000e+00 1.000000e+00
    outer loop
      vertex   2.469436e+01 1.736801e+02 4.060000e+01
      vertex   2.878325e+01 1.749487e+02 4.060000e+01
      vertex   -3.509626e+01 1.736801e+02 4.060000e+01
    endloop
  endfacet
  facet normal 0.000000e+00 0.000000e+00 1.000000e+00
    outer loop
      vertex   2.469436e+01 1.736801e+02 4.060000e+01
      vertex   -3.509626e+01 1.736801e+02 4.060000e+01
      vertex   2.424555e+01 1.734803e+02 4.060000e+01
    endloop
  endfacet
  facet normal 0.000000e+00 0.000000e+00 1.000000e+00
    outer loop
      vertex   2.424555e+01 1.734803e+02 4.060000e+01
      vertex   -3.509626e+01 1.736801e+02 4.060000e+01
      vertex   -3.464745e+01 1.734803e+02 4.060000e+01
    endloop
  endfacet
  facet normal 0.000000e+00 3.497422e-15 1.000000e+00
    outer loop
      vertex   2.424555e+01 1.734803e+02 4.060000e+01
      vertex   -3.464745e+01 1.734803e+02 4.060000e+01
      vertex   2.003707e+01 1.714487e+02 4.060000e+01
    endloop
  endfacet
  facet normal 0.000000e+00 3.497422e-15 1.000000e+00
    outer loop
      vertex   2.003707e+01 1.714487e+02 4.060000e+01
      vertex   -3.464745e+01 1.734803e+02 4.060000e+01
      vertex   -3.043898e+01 1.714487e+02 4.060000e+01
    endloop
  endfacet
  facet normal -5.031489e-15 -6.925251e-15 1.000000e+00
    outer loop
      vertex   -3.043898e+01 1.714487e+02 4.060000e+01
      vertex   -3.464745e+01 1.734803e+02 4.060000e+01
      vertex   -3.425000e+01 1.731915e+02 4.060000e+01
    endloop
  endfacet
  facet normal -3.169590e-15 -2.853912e-15 1.000000e+00
    outer loop
      vertex   -3.043898e+01 1.714487e+02 4.060000e+01
      vertex   -3.425000e+01 1.731915e+02 4.060000e+01
      vertex   -3.392126e+01 1.728264e+02 4.060000e+01
    endloop
  endfacet
  facet normal -4.367921e-15 1.570746e-14 1.000000e+00
    outer loop
      vertex   2.150462e+01 1.710316e+02 4.060000e+01
      vertex   2.312190e+01 1.719337e+02 4.060000e+01
      vertex   2.078312e+01 1.712833e+02 4.060000e+01
    endloop
  endfacet
  facet normal 0.000000e+00 0.000000e+00 1.000000e+00
    outer loop
      vertex   2.078312e+01 1.712833e+02 4.060000e+01
      vertex   2.312190e+01 1.719337e+02 4.060000e+01
      vertex   2.327371e+01 1.724009e+02 4.060000e+01
    endloop
  endfacet
  facet normal 0.000000e+00 -0.000000e+00 1.000000e+00
    outer loop
      vertex   2.078312e+01 1.712833e+02 4.060000e+01
      vertex   2.327371e+01 1.724009e+02 4.060000e+01
      vertex   2.003707e+01 1.714487e+02 4.060000e+01
    endloop
  endfacet
  facet normal -5.919088e-15 2.011780e-14 1.000000e+00
    outer loop
      vertex   2.003707e+01 1.714487e+02 4.060000e+01
      vertex   2.327371e+01 1.724009e+02 4.060000e+01
      vertex   2.351936e+01 1.728264e+02 4.060000e+01
    endloop
  endfacet
  facet normal 3.169590e-15 -2.853912e-15 1.000000e+00
    outer loop
      vertex   2.003707e+01 1.714487e+02 4.060000e+01
      vertex   2.351936e+01 1.728264e+02 4.060000e+01
      vertex   2.384809e+01 1.731915e+02 4.060000e+01
    endloop
  endfacet
  facet normal 5.031489e-15 -6.925251e-15 1.000000e+00
    outer loop
      vertex   2.384809e+01 1.731915e+02 4.060000e+01
      vertex   2.424555e+01 1.734803e+02 4.060000e+01
      vertex   2.003707e+01 1.714487e+02 4.060000e+01
    endloop
  endfacet
  facet normal 8.138433e-16 3.593549e-15 1.000000e+00
    outer loop
      vertex   2.978325e+01 1.739487e+02 4.060000e+01
      vertex   2.550633e+01 1.650309e+02 4.060000e+01
      vertex   2.978325e+01 1.304487e+02 4.060000e+01
    endloop
  endfacet
  facet normal 3.250027e-16 3.533093e-15 1.000000e+00
    outer loop
      vertex   2.978325e+01 1.304487e+02 4.060000e+01
      vertex   2.550633e+01 1.650309e+02 4.060000e+01
      vertex   2.550633e+01 1.388865e+02 4.060000e+01
    endloop
  endfacet
  facet normal 7.237851e-15 6.516991e-15 1.000000e+00
    outer loop
      vertex   2.732174e+01 1.338536e+02 4.060000e+01
      vertex   2.545894e+01 1.381030e+02 4.060000e+01
      vertex   2.699300e+01 1.342187e+02 4.060000e+01
    endloop
  endfacet
  facet normal 9.589645e-15 7.445798e-15 1.000000e+00
    outer loop
      vertex   2.699300e+01 1.342187e+02 4.060000e+01
      vertex   2.545894e+01 1.381030e+02 4.060000e+01
      vertex   2.531745e+01 1.373310e+02 4.060000e+01
    endloop
  endfacet
  facet normal 2.724343e-15 3.749736e-15 1.000000e+00
    outer loop
      vertex   2.699300e+01 1.342187e+02 4.060000e+01
      vertex   2.531745e+01 1.373310e+02 4.060000e+01
      vertex   2.659555e+01 1.345075e+02 4.060000e+01
    endloop
  endfacet
  facet normal -3.292704e-15 1.026048e-15 1.000000e+00
    outer loop
      vertex   2.659555e+01 1.345075e+02 4.060000e+01
      vertex   2.531745e+01 1.373310e+02 4.060000e+01
      vertex   2.508394e+01 1.365816e+02 4.060000e+01
    endloop
  endfacet
  facet normal 2.257880e-15 5.071281e-15 1.000000e+00
    outer loop
      vertex   2.659555e+01 1.345075e+02 4.060000e+01
      vertex   2.508394e+01 1.365816e+02 4.060000e+01
      vertex   2.614674e+01 1.347073e+02 4.060000e+01
    endloop
  endfacet
  facet normal -3.727239e-15 1.677494e-15 1.000000e+00
    outer loop
      vertex   2.614674e+01 1.347073e+02 4.060000e+01
      vertex   2.508394e+01 1.365816e+02 4.060000e+01
      vertex   2.476180e+01 1.358658e+02 4.060000e+01
    endloop
  endfacet
  facet normal 1.747731e-15 8.222426e-15 1.000000e+00
    outer loop
      vertex   2.614674e+01 1.347073e+02 4.060000e+01
      vertex   2.476180e+01 1.358658e+02 4.060000e+01
      vertex   2.566619e+01 1.348094e+02 4.060000e+01
    endloop
  endfacet
  facet normal 0.000000e+00 6.726163e-15 1.000000e+00
    outer loop
      vertex   2.566619e+01 1.348094e+02 4.060000e+01
      vertex   2.476180e+01 1.358658e+02 4.060000e+01
      vertex   2.517490e+01 1.348094e+02 4.060000e+01
    endloop
  endfacet
  facet normal -6.756036e-15 4.084166e-15 1.000000e+00
    outer loop
      vertex   2.517490e+01 1.348094e+02 4.060000e+01
      vertex   2.476180e+01 1.358658e+02 4.060000e+01
      vertex   2.435573e+01 1.351941e+02 4.060000e+01
    endloop
  endfacet
  facet normal -2.702825e-15 1.271579e-14 1.000000e+00
    outer loop
      vertex   2.517490e+01 1.348094e+02 4.060000e+01
      vertex   2.435573e+01 1.351941e+02 4.060000e+01
      vertex   2.469436e+01 1.347073e+02 4.060000e+01
    endloop
  endfacet
  facet normal -4.961816e-15 1.114442e-14 1.000000e+00
    outer loop
      vertex   2.469436e+01 1.347073e+02 4.060000e+01
      vertex   2.435573e+01 1.351941e+02 4.060000e+01
      vertex   2.424555e+01 1.345075e+02 4.060000e+01
    endloop
  endfacet
  facet normal 1.848424e-15 1.005161e-14 1.000000e+00
    outer loop
      vertex   2.424555e+01 1.345075e+02 4.060000e+01
      vertex   2.435573e+01 1.351941e+02 4.060000e+01
      vertex   2.387165e+01 1.345762e+02 4.060000e+01
    endloop
  endfacet
  facet normal 0.000000e+00 0.000000e+00 1.000000e+00
    outer loop
      vertex   2.424555e+01 1.345075e+02 4.060000e+01
      vertex   2.387165e+01 1.345762e+02 4.060000e+01
      vertex   2.384809e+01 1.342187e+02 4.060000e+01
    endloop
  endfacet
  facet normal 0.000000e+00 -0.000000e+00 1.000000e+00
    outer loop
      vertex   2.384809e+01 1.342187e+02 4.060000e+01
      vertex   2.387165e+01 1.345762e+02 4.060000e+01
      vertex   2.331663e+01 1.340212e+02 4.060000e+01
    endloop
  endfacet
  facet normal 0.000000e+00 0.000000e+00 1.000000e+00
    outer loop
      vertex   2.384809e+01 1.342187e+02 4.060000e+01
      vertex   2.331663e+01 1.340212e+02 4.060000e+01
      vertex   2.351936e+01 1.338536e+02 4.060000e+01
    endloop
  endfacet
  facet normal 0.000000e+00 0.000000e+00 1.000000e+00
    outer loop
      vertex   2.351936e+01 1.338536e+02 4.060000e+01
      vertex   2.331663e+01 1.340212e+02 4.060000e+01
      vertex   2.269875e+01 1.335371e+02 4.060000e+01
    endloop
  endfacet
  facet normal -8.285657e-15 2.148414e-14 1.000000e+00
    outer loop
      vertex   2.351936e+01 1.338536e+02 4.060000e+01
      vertex   2.269875e+01 1.335371e+02 4.060000e+01
      vertex   2.327371e+01 1.334281e+02 4.060000e+01
    endloop
  endfacet
  facet normal -1.164112e-14 3.782430e-15 1.000000e+00
    outer loop
      vertex   2.327371e+01 1.334281e+02 4.060000e+01
      vertex   2.269875e+01 1.335371e+02 4.060000e+01
      vertex   2.312190e+01 1.329609e+02 4.060000e+01
    endloop
  endfacet
  facet normal -5.162552e-15 8.539905e-15 1.000000e+00
    outer loop
      vertex   2.312190e+01 1.329609e+02 4.060000e+01
      vertex   2.269875e+01 1.335371e+02 4.060000e+01
      vertex   2.202703e+01 1.331310e+02 4.060000e+01
    endloop
  endfacet
  facet normal -6.385464e-15 6.711393e-16 1.000000e+00
    outer loop
      vertex   2.312190e+01 1.329609e+02 4.060000e+01
      vertex   2.202703e+01 1.331310e+02 4.060000e+01
      vertex   2.307055e+01 1.324723e+02 4.060000e+01
    endloop
  endfacet
  facet normal -2.834016e-15 6.296925e-15 1.000000e+00
    outer loop
      vertex   2.307055e+01 1.324723e+02 4.060000e+01
      vertex   2.202703e+01 1.331310e+02 4.060000e+01
      vertex   2.131126e+01 1.328089e+02 4.060000e+01
    endloop
  endfacet
  facet normal -4.121710e-15 -4.332092e-16 1.000000e+00
    outer loop
      vertex   2.307055e+01 1.324723e+02 4.060000e+01
      vertex   2.131126e+01 1.328089e+02 4.060000e+01
      vertex   2.312190e+01 1.319837e+02 4.060000e+01
    endloop
  endfacet
  facet normal 4.037806e-15 1.747020e-14 1.000000e+00
    outer loop
      vertex   2.312190e+01 1.319837e+02 4.060000e+01
      vertex   2.131126e+01 1.328089e+02 4.060000e+01
      vertex   2.056188e+01 1.325754e+02 4.060000e+01
    endloop
  endfacet
  facet normal 0.000000e+00 0.000000e+00 1.000000e+00
    outer loop
      vertex   2.312190e+01 1.319837e+02 4.060000e+01
      vertex   2.056188e+01 1.325754e+02 4.060000e+01
      vertex   2.327371e+01 1.315165e+02 4.060000e+01
    endloop
  endfacet
  facet normal 0.000000e+00 0.000000e+00 1.000000e+00
    outer loop
      vertex   2.327371e+01 1.315165e+02 4.060000e+01
      vertex   2.056188e+01 1.325754e+02 4.060000e+01
      vertex   1.978982e+01 1.324339e+02 4.060000e+01
    endloop
  endfacet
  facet normal 5.186351e-15 1.969475e-14 1.000000e+00
    outer loop
      vertex   2.327371e+01 1.315165e+02 4.060000e+01
      vertex   1.978982e+01 1.324339e+02 4.060000e+01
      vertex   2.351936e+01 1.310910e+02 4.060000e+01
    endloop
  endfacet
  facet normal -2.740198e-16 4.530088e-15 1.000000e+00
    outer loop
      vertex   2.351936e+01 1.310910e+02 4.060000e+01
      vertex   1.978982e+01 1.324339e+02 4.060000e+01
      vertex   1.900633e+01 1.323865e+02 4.060000e+01
    endloop
  endfacet
  facet normal -2.123215e-15 -1.911751e-15 1.000000e+00
    outer loop
      vertex   2.351936e+01 1.310910e+02 4.060000e+01
      vertex   1.900633e+01 1.323865e+02 4.060000e+01
      vertex   2.384809e+01 1.307259e+02 4.060000e+01
    endloop
  endfacet
  facet normal -1.009411e-14 5.943660e-16 1.000000e+00
    outer loop
      vertex   -3.586332e+01 1.657937e+02 4.060000e+01
      vertex   -3.772364e+01 1.700638e+02 4.060000e+01
      vertex   -3.590824e+01 1.650309e+02 4.060000e+01
    endloop
  endfacet
  facet normal -5.753688e-14 -1.651852e-14 1.000000e+00
    outer loop
      vertex   -3.590824e+01 1.650309e+02 4.060000e+01
      vertex   -3.772364e+01 1.700638e+02 4.060000e+01
      vertex   -3.796929e+01 1.704893e+02 4.060000e+01
    endloop
  endfacet
  facet normal 1.158857e-14 9.582742e-15 1.000000e+00
    outer loop
      vertex   -3.590824e+01 1.650309e+02 4.060000e+01
      vertex   -3.796929e+01 1.704893e+02 4.060000e+01
      vertex   -4.021675e+01 1.739487e+02 4.060000e+01
    endloop
  endfacet
  facet normal -6.324693e-15 -2.055017e-15 1.000000e+00
    outer loop
      vertex   -4.021675e+01 1.739487e+02 4.060000e+01
      vertex   -3.796929e+01 1.704893e+02 4.060000e+01
      vertex   -3.812110e+01 1.709565e+02 4.060000e+01
    endloop
  endfacet
  facet normal -3.989215e-15 -4.192833e-16 1.000000e+00
    outer loop
      vertex   -4.021675e+01 1.739487e+02 4.060000e+01
      vertex   -3.812110e+01 1.709565e+02 4.060000e+01
      vertex   -3.817245e+01 1.714451e+02 4.060000e+01
    endloop
  endfacet
  facet normal 1.074146e-14 9.671652e-15 1.000000e+00
    outer loop
      vertex   -3.772364e+01 1.700638e+02 4.060000e+01
      vertex   -3.586332e+01 1.657937e+02 4.060000e+01
      vertex   -3.739491e+01 1.696987e+02 4.060000e+01
    endloop
  endfacet
  facet normal 6.987461e-15 8.199288e-15 1.000000e+00
    outer loop
      vertex   -3.739491e+01 1.696987e+02 4.060000e+01
      vertex   -3.586332e+01 1.657937e+02 4.060000e+01
      vertex   -3.572919e+01 1.665460e+02 4.060000e+01
    endloop
  endfacet
  facet normal 5.315216e-15 7.315767e-15 1.000000e+00
    outer loop
      vertex   -3.739491e+01 1.696987e+02 4.060000e+01
      vertex   -3.572919e+01 1.665460e+02 4.060000e+01
      vertex   -3.699745e+01 1.694100e+02 4.060000e+01
    endloop
  endfacet
  facet normal -6.654217e-15 2.015253e-15 1.000000e+00
    outer loop
      vertex   -3.699745e+01 1.694100e+02 4.060000e+01
      vertex   -3.572919e+01 1.665460e+02 4.060000e+01
      vertex   -3.550770e+01 1.672774e+02 4.060000e+01
    endloop
  endfacet
  facet normal 4.306133e-15 9.671734e-15 1.000000e+00
    outer loop
      vertex   -3.699745e+01 1.694100e+02 4.060000e+01
      vertex   -3.550770e+01 1.672774e+02 4.060000e+01
      vertex   -3.654864e+01 1.692101e+02 4.060000e+01
    endloop
  endfacet
  facet normal -7.539318e-15 3.292088e-15 1.000000e+00
    outer loop
      vertex   -3.654864e+01 1.692101e+02 4.060000e+01
      vertex   -3.550770e+01 1.672774e+02 4.060000e+01
      vertex   -3.520191e+01 1.679777e+02 4.060000e+01
    endloop
  endfacet
  facet normal 3.192285e-15 1.501852e-14 1.000000e+00
    outer loop
      vertex   -3.654864e+01 1.692101e+02 4.060000e+01
      vertex   -3.520191e+01 1.679777e+02 4.060000e+01
      vertex   -3.606810e+01 1.691080e+02 4.060000e+01
    endloop
  endfacet
  facet normal -0.000000e+00 1.257225e-14 1.000000e+00
    outer loop
      vertex   -3.606810e+01 1.691080e+02 4.060000e+01
      vertex   -3.520191e+01 1.679777e+02 4.060000e+01
      vertex   -3.557681e+01 1.691080e+02 4.060000e+01
    endloop
  endfacet
  facet normal -1.371486e-14 8.023444e-15 1.000000e+00
    outer loop
      vertex   -3.557681e+01 1.691080e+02 4.060000e+01
      vertex   -3.520191e+01 1.679777e+02 4.060000e+01
      vertex   -3.481605e+01 1.686372e+02 4.060000e+01
    endloop
  endfacet
  facet normal -4.775909e-15 2.246888e-14 1.000000e+00
    outer loop
      vertex   -3.557681e+01 1.691080e+02 4.060000e+01
      vertex   -3.481605e+01 1.686372e+02 4.060000e+01
      vertex   -3.509626e+01 1.692101e+02 4.060000e+01
    endloop
  endfacet
  facet normal -1.203650e-15 2.421609e-14 1.000000e+00
    outer loop
      vertex   -3.509626e+01 1.692101e+02 4.060000e+01
      vertex   -3.481605e+01 1.686372e+02 4.060000e+01
      vertex   -3.435545e+01 1.692470e+02 4.060000e+01
    endloop
  endfacet
  facet normal 0.000000e+00 0.000000e+00 1.000000e+00
    outer loop
      vertex   -3.509626e+01 1.692101e+02 4.060000e+01
      vertex   -3.435545e+01 1.692470e+02 4.060000e+01
      vertex   -3.464745e+01 1.694100e+02 4.060000e+01
    endloop
  endfacet
  facet normal -0.000000e+00 0.000000e+00 1.000000e+00
    outer loop
      vertex   -3.464745e+01 1.694100e+02 4.060000e+01
      vertex   -3.435545e+01 1.692470e+02 4.060000e+01
      vertex   -3.425000e+01 1.696987e+02 4.060000e+01
    endloop
  endfacet
  facet normal -0.000000e+00 0.000000e+00 1.000000e+00
    outer loop
      vertex   -3.425000e+01 1.696987e+02 4.060000e+01
      vertex   -3.435545e+01 1.692470e+02 4.060000e+01
      vertex   -3.382648e+01 1.697984e+02 4.060000e+01
    endloop
  endfacet
  facet normal 0.000000e+00 0.000000e+00 1.000000e+00
    outer loop
      vertex   -3.425000e+01 1.696987e+02 4.060000e+01
      vertex   -3.382648e+01 1.697984e+02 4.060000e+01
      vertex   -3.392126e+01 1.700638e+02 4.060000e+01
    endloop
  endfacet
  facet normal -0.000000e+00 0.000000e+00 1.000000e+00
    outer loop
      vertex   -3.392126e+01 1.700638e+02 4.060000e+01
      vertex   -3.382648e+01 1.697984e+02 4.060000e+01
      vertex   -3.323644e+01 1.702840e+02 4.060000e+01
    endloop
  endfacet
  facet normal -6.592746e-15 2.050673e-14 1.000000e+00
    outer loop
      vertex   -3.392126e+01 1.700638e+02 4.060000e+01
      vertex   -3.323644e+01 1.702840e+02 4.060000e+01
      vertex   -3.367562e+01 1.704893e+02 4.060000e+01
    endloop
  endfacet
  facet normal -9.363925e-15 1.457855e-14 1.000000e+00
    outer loop
      vertex   -3.367562e+01 1.704893e+02 4.060000e+01
      vertex   -3.323644e+01 1.702840e+02 4.060000e+01
      vertex   -3.259349e+01 1.706970e+02 4.060000e+01
    endloop
  endfacet
  facet normal -7.002828e-15 2.275357e-15 1.000000e+00
    outer loop
      vertex   -3.367562e+01 1.704893e+02 4.060000e+01
      vertex   -3.259349e+01 1.706970e+02 4.060000e+01
      vertex   -3.352381e+01 1.709565e+02 4.060000e+01
    endloop
  endfacet
  facet normal -7.420084e-15 7.798822e-16 1.000000e+00
    outer loop
      vertex   -3.352381e+01 1.709565e+02 4.060000e+01
      vertex   -3.259349e+01 1.706970e+02 4.060000e+01
      vertex   -3.347245e+01 1.714451e+02 4.060000e+01
    endloop
  endfacet
  facet normal -2.942535e-15 6.040225e-15 1.000000e+00
    outer loop
      vertex   -3.347245e+01 1.714451e+02 4.060000e+01
      vertex   -3.259349e+01 1.706970e+02 4.060000e+01
      vertex   -3.190653e+01 1.710316e+02 4.060000e+01
    endloop
  endfacet
  facet normal -4.667051e-15 -4.905268e-16 1.000000e+00
    outer loop
      vertex   -3.347245e+01 1.714451e+02 4.060000e+01
      vertex   -3.190653e+01 1.710316e+02 4.060000e+01
      vertex   -3.352381e+01 1.719337e+02 4.060000e+01
    endloop
  endfacet
  facet normal 4.367921e-15 1.570746e-14 1.000000e+00
    outer loop
      vertex   -3.352381e+01 1.719337e+02 4.060000e+01
      vertex   -3.190653e+01 1.710316e+02 4.060000e+01
      vertex   -3.118503e+01 1.712833e+02 4.060000e+01
    endloop
  endfacet
  facet normal -0.000000e+00 -0.000000e+00 1.000000e+00
    outer loop
      vertex   -3.352381e+01 1.719337e+02 4.060000e+01
      vertex   -3.118503e+01 1.712833e+02 4.060000e+01
      vertex   -3.367562e+01 1.724009e+02 4.060000e+01
    endloop
  endfacet
  facet normal 0.000000e+00 0.000000e+00 1.000000e+00
    outer loop
      vertex   -3.367562e+01 1.724009e+02 4.060000e+01
      vertex   -3.118503e+01 1.712833e+02 4.060000e+01
      vertex   -3.043898e+01 1.714487e+02 4.060000e+01
    endloop
  endfacet
  facet normal 5.919088e-15 2.011780e-14 1.000000e+00
    outer loop
      vertex   -3.367562e+01 1.724009e+02 4.060000e+01
      vertex   -3.043898e+01 1.714487e+02 4.060000e+01
      vertex   -3.392126e+01 1.728264e+02 4.060000e+01
    endloop
  endfacet
  facet normal 0.000000e+00 0.000000e+00 1.000000e+00
    outer loop
      vertex   2.878325e+01 1.749487e+02 4.060000e+01
      vertex   -3.921675e+01 1.749487e+02 4.060000e+01
      vertex   -3.509626e+01 1.736801e+02 4.060000e+01
    endloop
  endfacet
  facet normal 0.000000e+00 0.000000e+00 1.000000e+00
    outer loop
      vertex   -3.509626e+01 1.736801e+02 4.060000e+01
      vertex   -3.921675e+01 1.749487e+02 4.060000e+01
      vertex   -3.557681e+01 1.737822e+02 4.060000e+01
    endloop
  endfacet
  facet normal 0.000000e+00 0.000000e+00 1.000000e+00
    outer loop
      vertex   -3.557681e+01 1.737822e+02 4.060000e+01
      vertex   -3.921675e+01 1.749487e+02 4.060000e+01
      vertex   -3.606810e+01 1.737822e+02 4.060000e+01
    endloop
  endfacet
  facet normal 0.000000e+00 0.000000e+00 1.000000e+00
    outer loop
      vertex   -3.606810e+01 1.737822e+02 4.060000e+01
      vertex   -3.921675e+01 1.749487e+02 4.060000e+01
      vertex   -3.654864e+01 1.736801e+02 4.060000e+01
    endloop
  endfacet
  facet normal 0.000000e+00 0.000000e+00 1.000000e+00
    outer loop
      vertex   -3.654864e+01 1.736801e+02 4.060000e+01
      vertex   -3.921675e+01 1.749487e+02 4.060000e+01
      vertex   -3.699745e+01 1.734803e+02 4.060000e+01
    endloop
  endfacet
  facet normal 0.000000e+00 0.000000e+00 1.000000e+00
    outer loop
      vertex   -3.699745e+01 1.734803e+02 4.060000e+01
      vertex   -3.921675e+01 1.749487e+02 4.060000e+01
      vertex   -3.739491e+01 1.731915e+02 4.060000e+01
    endloop
  endfacet
  facet normal 0.000000e+00 0.000000e+00 1.000000e+00
    outer loop
      vertex   -3.739491e+01 1.731915e+02 4.060000e+01
      vertex   -3.921675e+01 1.749487e+02 4.060000e+01
      vertex   -4.021675e+01 1.739487e+02 4.060000e+01
    endloop
  endfacet
  facet normal 0.000000e+00 0.000000e+00 1.000000e+00
    outer loop
      vertex   -3.739491e+01 1.731915e+02 4.060000e+01
      vertex   -4.021675e+01 1.739487e+02 4.060000e+01
      vertex   -3.772364e+01 1.728264e+02 4.060000e+01
    endloop
  endfacet
  facet normal 5.966820e-15 1.325547e-14 1.000000e+00
    outer loop
      vertex   -3.772364e+01 1.728264e+02 4.060000e+01
      vertex   -4.021675e+01 1.739487e+02 4.060000e+01
      vertex   -3.796929e+01 1.724009e+02 4.060000e+01
    endloop
  endfacet
  facet normal -2.583471e-15 8.394205e-16 1.000000e+00
    outer loop
      vertex   -3.796929e+01 1.724009e+02 4.060000e+01
      vertex   -4.021675e+01 1.739487e+02 4.060000e+01
      vertex   -3.812110e+01 1.719337e+02 4.060000e+01
    endloop
  endfacet
  facet normal -3.079375e-15 3.236554e-16 1.000000e+00
    outer loop
      vertex   -3.812110e+01 1.719337e+02 4.060000e+01
      vertex   -4.021675e+01 1.739487e+02 4.060000e+01
      vertex   -3.817245e+01 1.714451e+02 4.060000e+01
    endloop
  endfacet
  facet normal -8.078772e-16 3.593549e-15 1.000000e+00
    outer loop
      vertex   -4.021675e+01 1.739487e+02 4.060000e+01
      vertex   -4.021675e+01 1.304487e+02 4.060000e+01
      vertex   -3.590824e+01 1.650309e+02 4.060000e+01
    endloop
  endfacet
  facet normal 9.932384e-01 -1.160929e-01 0.000000e+00
    outer loop
      vertex   2.362041e+01 1.328989e+02 3.900000e+01
      vertex   2.362041e+01 1.328989e+02 4.010000e+01
      vertex   2.357055e+01 1.324723e+02 3.900000e+01
    endloop
  endfacet
  facet normal 9.932384e-01 -1.160929e-01 0.000000e+00
    outer loop
      vertex   2.357055e+01 1.324723e+02 3.900000e+01
      vertex   2.362041e+01 1.328989e+02 4.010000e+01
      vertex   2.357055e+01 1.324723e+02 4.010000e+01
    endloop
  endfacet
  facet normal 9.932384e-01 1.160929e-01 -0.000000e+00
    outer loop
      vertex   2.357055e+01 1.324723e+02 3.900000e+01
      vertex   2.357055e+01 1.324723e+02 4.010000e+01
      vertex   2.362041e+01 1.320457e+02 3.900000e+01
    endloop
  endfacet
  facet normal 9.932384e-01 1.160929e-01 -0.000000e+00
    outer loop
      vertex   2.362041e+01 1.320457e+02 3.900000e+01
      vertex   2.357055e+01 1.324723e+02 4.010000e+01
      vertex   2.362041e+01 1.320457e+02 4.010000e+01
    endloop
  endfacet
  facet normal 9.396926e-01 3.420201e-01 -0.000000e+00
    outer loop
      vertex   2.362041e+01 1.320457e+02 3.900000e+01
      vertex   2.362041e+01 1.320457e+02 4.010000e+01
      vertex   2.376733e+01 1.316420e+02 3.900000e+01
    endloop
  endfacet
  facet normal 9.396926e-01 3.420201e-01 -0.000000e+00
    outer loop
      vertex   2.376733e+01 1.316420e+02 3.900000e+01
      vertex   2.362041e+01 1.320457e+02 4.010000e+01
      vertex   2.376733e+01 1.316420e+02 4.010000e+01
    endloop
  endfacet
  facet normal 8.354878e-01 5.495090e-01 -0.000000e+00
    outer loop
      vertex   2.376733e+01 1.316420e+02 3.900000e+01
      vertex   2.376733e+01 1.316420e+02 4.010000e+01
      vertex   2.400336e+01 1.312831e+02 3.900000e+01
    endloop
  endfacet
  facet normal 8.354878e-01 5.495090e-01 -0.000000e+00
    outer loop
      vertex   2.400336e+01 1.312831e+02 3.900000e+01
      vertex   2.376733e+01 1.316420e+02 4.010000e+01
      vertex   2.400336e+01 1.312831e+02 4.010000e+01
    endloop
  endfacet
  facet normal 6.862416e-01 7.273736e-01 -0.000000e+00
    outer loop
      vertex   2.400336e+01 1.312831e+02 3.900000e+01
      vertex   2.400336e+01 1.312831e+02 4.010000e+01
      vertex   2.431580e+01 1.309884e+02 3.900000e+01
    endloop
  endfacet
  facet normal 6.862416e-01 7.273736e-01 -0.000000e+00
    outer loop
      vertex   2.431580e+01 1.309884e+02 3.900000e+01
      vertex   2.400336e+01 1.312831e+02 4.010000e+01
      vertex   2.431580e+01 1.309884e+02 4.010000e+01
    endloop
  endfacet
  facet normal 5.000000e-01 8.660254e-01 -0.000000e+00
    outer loop
      vertex   2.431580e+01 1.309884e+02 3.900000e+01
      vertex   2.431580e+01 1.309884e+02 4.010000e+01
      vertex   2.468780e+01 1.307736e+02 3.900000e+01
    endloop
  endfacet
  facet normal 5.000000e-01 8.660254e-01 -0.000000e+00
    outer loop
      vertex   2.468780e+01 1.307736e+02 3.900000e+01
      vertex   2.431580e+01 1.309884e+02 4.010000e+01
      vertex   2.468780e+01 1.307736e+02 4.010000e+01
    endloop
  endfacet
  facet normal 2.868032e-01 9.579895e-01 -0.000000e+00
    outer loop
      vertex   2.468780e+01 1.307736e+02 3.900000e+01
      vertex   2.468780e+01 1.307736e+02 4.010000e+01
      vertex   2.509930e+01 1.306504e+02 3.900000e+01
    endloop
  endfacet
  facet normal 2.868032e-01 9.579895e-01 -0.000000e+00
    outer loop
      vertex   2.509930e+01 1.306504e+02 3.900000e+01
      vertex   2.468780e+01 1.307736e+02 4.010000e+01
      vertex   2.509930e+01 1.306504e+02 4.010000e+01
    endloop
  endfacet
  facet normal 5.814483e-02 9.983082e-01 -0.000000e+00
    outer loop
      vertex   2.509930e+01 1.306504e+02 3.900000e+01
      vertex   2.509930e+01 1.306504e+02 4.010000e+01
      vertex   2.552811e+01 1.306254e+02 3.900000e+01
    endloop
  endfacet
  facet normal 5.814483e-02 9.983082e-01 -1.877927e-16
    outer loop
      vertex   2.552811e+01 1.306254e+02 3.900000e+01
      vertex   2.509930e+01 1.306504e+02 4.010000e+01
      vertex   2.552811e+01 1.306254e+02 4.010000e+01
    endloop
  endfacet
  facet normal -1.736482e-01 9.848078e-01 5.608384e-16
    outer loop
      vertex   2.552811e+01 1.306254e+02 3.900000e+01
      vertex   2.552811e+01 1.306254e+02 4.010000e+01
      vertex   2.595113e+01 1.307000e+02 3.900000e+01
    endloop
  endfacet
  facet normal -1.736482e-01 9.848078e-01 0.000000e+00
    outer loop
      vertex   2.595113e+01 1.307000e+02 3.900000e+01
      vertex   2.552811e+01 1.306254e+02 4.010000e+01
      vertex   2.595113e+01 1.307000e+02 4.010000e+01
    endloop
  endfacet
  facet normal -3.960798e-01 9.182161e-01 0.000000e+00
    outer loop
      vertex   2.595113e+01 1.307000e+02 3.900000e+01
      vertex   2.595113e+01 1.307000e+02 4.010000e+01
      vertex   2.634555e+01 1.308701e+02 3.900000e+01
    endloop
  endfacet
  facet normal -3.960798e-01 9.182161e-01 0.000000e+00
    outer loop
      vertex   2.634555e+01 1.308701e+02 3.900000e+01
      vertex   2.595113e+01 1.307000e+02 4.010000e+01
      vertex   2.634555e+01 1.308701e+02 4.010000e+01
    endloop
  endfacet
  facet normal -5.971586e-01 8.021232e-01 0.000000e+00
    outer loop
      vertex   2.634555e+01 1.308701e+02 3.900000e+01
      vertex   2.634555e+01 1.308701e+02 4.010000e+01
      vertex   2.669009e+01 1.311267e+02 3.900000e+01
    endloop
  endfacet
  facet normal -5.971586e-01 8.021232e-01 0.000000e+00
    outer loop
      vertex   2.669009e+01 1.311267e+02 3.900000e+01
      vertex   2.634555e+01 1.308701e+02 4.010000e+01
      vertex   2.669009e+01 1.311267e+02 4.010000e+01
    endloop
  endfacet
  facet normal -7.660444e-01 6.427876e-01 0.000000e+00
    outer loop
      vertex   2.669009e+01 1.311267e+02 3.900000e+01
      vertex   2.669009e+01 1.311267e+02 4.010000e+01
      vertex   2.696620e+01 1.314557e+02 3.900000e+01
    endloop
  endfacet
  facet normal -7.660444e-01 6.427876e-01 0.000000e+00
    outer loop
      vertex   2.696620e+01 1.314557e+02 3.900000e+01
      vertex   2.669009e+01 1.311267e+02 4.010000e+01
      vertex   2.696620e+01 1.314557e+02 4.010000e+01
    endloop
  endfacet
  facet normal -8.936326e-01 4.487992e-01 0.000000e+00
    outer loop
      vertex   2.696620e+01 1.314557e+02 3.900000e+01
      vertex   2.696620e+01 1.314557e+02 4.010000e+01
      vertex   2.715898e+01 1.318396e+02 3.900000e+01
    endloop
  endfacet
  facet normal -8.936326e-01 4.487992e-01 0.000000e+00
    outer loop
      vertex   2.715898e+01 1.318396e+02 3.900000e+01
      vertex   2.696620e+01 1.314557e+02 4.010000e+01
      vertex   2.715898e+01 1.318396e+02 4.010000e+01
    endloop
  endfacet
  facet normal -9.730449e-01 2.306159e-01 0.000000e+00
    outer loop
      vertex   2.715898e+01 1.318396e+02 3.900000e+01
      vertex   2.715898e+01 1.318396e+02 4.010000e+01
      vertex   2.725804e+01 1.322575e+02 3.900000e+01
    endloop
  endfacet
  facet normal -9.730449e-01 2.306159e-01 0.000000e+00
    outer loop
      vertex   2.725804e+01 1.322575e+02 3.900000e+01
      vertex   2.715898e+01 1.318396e+02 4.010000e+01
      vertex   2.725804e+01 1.322575e+02 4.010000e+01
    endloop
  endfacet
  facet normal -1.000000e+00 0.000000e+00 0.000000e+00
    outer loop
      vertex   2.725804e+01 1.322575e+02 3.900000e+01
      vertex   2.725804e+01 1.322575e+02 4.010000e+01
      vertex   2.725804e+01 1.326871e+02 3.900000e+01
    endloop
  endfacet
  facet normal -1.000000e+00 0.000000e+00 0.000000e+00
    outer loop
      vertex   2.725804e+01 1.326871e+02 3.900000e+01
      vertex   2.725804e+01 1.322575e+02 4.010000e+01
      vertex   2.725804e+01 1.326871e+02 4.010000e+01
    endloop
  endfacet
  facet normal -9.730449e-01 -2.306159e-01 0.000000e+00
    outer loop
      vertex   2.725804e+01 1.326871e+02 3.900000e+01
      vertex   2.725804e+01 1.326871e+02 4.010000e+01
      vertex   2.715898e+01 1.331050e+02 3.900000e+01
    endloop
  endfacet
  facet normal -9.730449e-01 -2.306159e-01 0.000000e+00
    outer loop
      vertex   2.715898e+01 1.331050e+02 3.900000e+01
      vertex   2.725804e+01 1.326871e+02 4.010000e+01
      vertex   2.715898e+01 1.331050e+02 4.010000e+01
    endloop
  endfacet
  facet normal -8.936326e-01 -4.487992e-01 0.000000e+00
    outer loop
      vertex   2.715898e+01 1.331050e+02 3.900000e+01
      vertex   2.715898e+01 1.331050e+02 4.010000e+01
      vertex   2.696620e+01 1.334889e+02 3.900000e+01
    endloop
  endfacet
  facet normal -8.936326e-01 -4.487992e-01 0.000000e+00
    outer loop
      vertex   2.696620e+01 1.334889e+02 3.900000e+01
      vertex   2.715898e+01 1.331050e+02 4.010000e+01
      vertex   2.696620e+01 1.334889e+02 4.010000e+01
    endloop
  endfacet
  facet normal -7.660444e-01 -6.427876e-01 0.000000e+00
    outer loop
      vertex   2.696620e+01 1.334889e+02 3.900000e+01
      vertex   2.696620e+01 1.334889e+02 4.010000e+01
      vertex   2.669009e+01 1.338179e+02 3.900000e+01
    endloop
  endfacet
  facet normal -7.660444e-01 -6.427876e-01 0.000000e+00
    outer loop
      vertex   2.669009e+01 1.338179e+02 3.900000e+01
      vertex   2.696620e+01 1.334889e+02 4.010000e+01
      vertex   2.669009e+01 1.338179e+02 4.010000e+01
    endloop
  endfacet
  facet normal -5.971586e-01 -8.021232e-01 0.000000e+00
    outer loop
      vertex   2.669009e+01 1.338179e+02 3.900000e+01
      vertex   2.669009e+01 1.338179e+02 4.010000e+01
      vertex   2.634555e+01 1.340744e+02 3.900000e+01
    endloop
  endfacet
  facet normal -5.971586e-01 -8.021232e-01 0.000000e+00
    outer loop
      vertex   2.634555e+01 1.340744e+02 3.900000e+01
      vertex   2.669009e+01 1.338179e+02 4.010000e+01
      vertex   2.634555e+01 1.340744e+02 4.010000e+01
    endloop
  endfacet
  facet normal -3.960798e-01 -9.182161e-01 0.000000e+00
    outer loop
      vertex   2.634555e+01 1.340744e+02 3.900000e+01
      vertex   2.634555e+01 1.340744e+02 4.010000e+01
      vertex   2.595113e+01 1.342446e+02 3.900000e+01
    endloop
  endfacet
  facet normal -3.960798e-01 -9.182161e-01 0.000000e+00
    outer loop
      vertex   2.595113e+01 1.342446e+02 3.900000e+01
      vertex   2.634555e+01 1.340744e+02 4.010000e+01
      vertex   2.595113e+01 1.342446e+02 4.010000e+01
    endloop
  endfacet
  facet normal -1.736482e-01 -9.848078e-01 0.000000e+00
    outer loop
      vertex   2.595113e+01 1.342446e+02 3.900000e+01
      vertex   2.595113e+01 1.342446e+02 4.010000e+01
      vertex   2.552811e+01 1.343192e+02 3.900000e+01
    endloop
  endfacet
  facet normal -1.736482e-01 -9.848078e-01 -5.608384e-16
    outer loop
      vertex   2.552811e+01 1.343192e+02 3.900000e+01
      vertex   2.595113e+01 1.342446e+02 4.010000e+01
      vertex   2.552811e+01 1.343192e+02 4.010000e+01
    endloop
  endfacet
  facet normal 5.814483e-02 -9.983082e-01 1.877927e-16
    outer loop
      vertex   2.552811e+01 1.343192e+02 3.900000e+01
      vertex   2.552811e+01 1.343192e+02 4.010000e+01
      vertex   2.509930e+01 1.342942e+02 3.900000e+01
    endloop
  endfacet
  facet normal 5.814483e-02 -9.983082e-01 0.000000e+00
    outer loop
      vertex   2.509930e+01 1.342942e+02 3.900000e+01
      vertex   2.552811e+01 1.343192e+02 4.010000e+01
      vertex   2.509930e+01 1.342942e+02 4.010000e+01
    endloop
  endfacet
  facet normal 2.868032e-01 -9.579895e-01 0.000000e+00
    outer loop
      vertex   2.509930e+01 1.342942e+02 3.900000e+01
      vertex   2.509930e+01 1.342942e+02 4.010000e+01
      vertex   2.468780e+01 1.341710e+02 3.900000e+01
    endloop
  endfacet
  facet normal 2.868032e-01 -9.579895e-01 0.000000e+00
    outer loop
      vertex   2.468780e+01 1.341710e+02 3.900000e+01
      vertex   2.509930e+01 1.342942e+02 4.010000e+01
      vertex   2.468780e+01 1.341710e+02 4.010000e+01
    endloop
  endfacet
  facet normal 5.000000e-01 -8.660254e-01 0.000000e+00
    outer loop
      vertex   2.468780e+01 1.341710e+02 3.900000e+01
      vertex   2.468780e+01 1.341710e+02 4.010000e+01
      vertex   2.431580e+01 1.339562e+02 3.900000e+01
    endloop
  endfacet
  facet normal 5.000000e-01 -8.660254e-01 0.000000e+00
    outer loop
      vertex   2.431580e+01 1.339562e+02 3.900000e+01
      vertex   2.468780e+01 1.341710e+02 4.010000e+01
      vertex   2.431580e+01 1.339562e+02 4.010000e+01
    endloop
  endfacet
  facet normal 6.862416e-01 -7.273736e-01 0.000000e+00
    outer loop
      vertex   2.431580e+01 1.339562e+02 3.900000e+01
      vertex   2.431580e+01 1.339562e+02 4.010000e+01
      vertex   2.400336e+01 1.336615e+02 3.900000e+01
    endloop
  endfacet
  facet normal 6.862416e-01 -7.273736e-01 0.000000e+00
    outer loop
      vertex   2.400336e+01 1.336615e+02 3.900000e+01
      vertex   2.431580e+01 1.339562e+02 4.010000e+01
      vertex   2.400336e+01 1.336615e+02 4.010000e+01
    endloop
  endfacet
  facet normal 8.354878e-01 -5.495090e-01 0.000000e+00
    outer loop
      vertex   2.400336e+01 1.336615e+02 3.900000e+01
      vertex   2.400336e+01 1.336615e+02 4.010000e+01
      vertex   2.376733e+01 1.333026e+02 3.900000e+01
    endloop
  endfacet
  facet normal 8.354878e-01 -5.495090e-01 0.000000e+00
    outer loop
      vertex   2.376733e+01 1.333026e+02 3.900000e+01
      vertex   2.400336e+01 1.336615e+02 4.010000e+01
      vertex   2.376733e+01 1.333026e+02 4.010000e+01
    endloop
  endfacet
  facet normal 9.396926e-01 -3.420201e-01 0.000000e+00
    outer loop
      vertex   2.376733e+01 1.333026e+02 3.900000e+01
      vertex   2.376733e+01 1.333026e+02 4.010000e+01
      vertex   2.362041e+01 1.328989e+02 3.900000e+01
    endloop
  endfacet
  facet normal 9.396926e-01 -3.420201e-01 0.000000e+00
    outer loop
      vertex   2.362041e+01 1.328989e+02 3.900000e+01
      vertex   2.376733e+01 1.333026e+02 4.010000e+01
      vertex   2.362041e+01 1.328989e+02 4.010000e+01
    endloop
  endfacet
  facet normal 7.051620e-01 -7.411551e-02 7.051620e-01
    outer loop
      vertex   -3.812110e+01 1.329609e+02 4.060000e+01
      vertex   -3.817245e+01 1.324723e+02 4.060000e+01
      vertex   -3.767245e+01 1.324723e+02 4.010000e+01
    endloop
  endfacet
  facet normal 7.051620e-01 7.411551e-02 7.051620e-01
    outer loop
      vertex   -3.767245e+01 1.324723e+02 4.010000e+01
      vertex   -3.817245e+01 1.324723e+02 4.060000e+01
      vertex   -3.812110e+01 1.319837e+02 4.060000e+01
    endloop
  endfacet
  facet normal 7.006873e-01 8.189860e-02 7.087524e-01
    outer loop
      vertex   -3.767245e+01 1.324723e+02 4.010000e+01
      vertex   -3.812110e+01 1.319837e+02 4.060000e+01
      vertex   -3.762259e+01 1.320457e+02 4.010000e+01
    endloop
  endfacet
  facet normal 6.770467e-01 2.199858e-01 7.022919e-01
    outer loop
      vertex   -3.762259e+01 1.320457e+02 4.010000e+01
      vertex   -3.812110e+01 1.319837e+02 4.060000e+01
      vertex   -3.796929e+01 1.315165e+02 4.060000e+01
    endloop
  endfacet
  facet normal 6.599703e-01 2.402096e-01 7.118557e-01
    outer loop
      vertex   -3.762259e+01 1.320457e+02 4.010000e+01
      vertex   -3.796929e+01 1.315165e+02 4.060000e+01
      vertex   -3.747567e+01 1.316420e+02 4.010000e+01
    endloop
  endfacet
  facet normal 6.183679e-01 3.570149e-01 7.001153e-01
    outer loop
      vertex   -3.747567e+01 1.316420e+02 4.010000e+01
      vertex   -3.796929e+01 1.315165e+02 4.060000e+01
      vertex   -3.772364e+01 1.310910e+02 4.060000e+01
    endloop
  endfacet
  facet normal 5.849220e-01 3.847093e-01 7.140483e-01
    outer loop
      vertex   -3.747567e+01 1.316420e+02 4.010000e+01
      vertex   -3.772364e+01 1.310910e+02 4.060000e+01
      vertex   -3.723964e+01 1.312831e+02 4.010000e+01
    endloop
  endfacet
  facet normal 5.316912e-01 4.787369e-01 6.986526e-01
    outer loop
      vertex   -3.723964e+01 1.312831e+02 4.010000e+01
      vertex   -3.772364e+01 1.310910e+02 4.060000e+01
      vertex   -3.739491e+01 1.307259e+02 4.060000e+01
    endloop
  endfacet
  facet normal 4.795195e-01 5.082610e-01 7.153543e-01
    outer loop
      vertex   -3.723964e+01 1.312831e+02 4.010000e+01
      vertex   -3.739491e+01 1.307259e+02 4.060000e+01
      vertex   -3.692720e+01 1.309884e+02 4.010000e+01
    endloop
  endfacet
  facet normal 4.209588e-01 5.794001e-01 6.979178e-01
    outer loop
      vertex   -3.692720e+01 1.309884e+02 4.010000e+01
      vertex   -3.739491e+01 1.307259e+02 4.060000e+01
      vertex   -3.699745e+01 1.304371e+02 4.060000e+01
    endloop
  endfacet
  facet normal 3.491588e-01 6.047607e-01 7.157881e-01
    outer loop
      vertex   -3.692720e+01 1.309884e+02 4.010000e+01
      vertex   -3.699745e+01 1.304371e+02 4.060000e+01
      vertex   -3.655520e+01 1.307736e+02 4.010000e+01
    endloop
  endfacet
  facet normal 2.912958e-01 6.542611e-01 6.979178e-01
    outer loop
      vertex   -3.655520e+01 1.307736e+02 4.010000e+01
      vertex   -3.699745e+01 1.304371e+02 4.060000e+01
      vertex   -3.654864e+01 1.302373e+02 4.060000e+01
    endloop
  endfacet
  facet normal 2.004072e-01 6.694066e-01 7.153543e-01
    outer loop
      vertex   -3.655520e+01 1.307736e+02 4.010000e+01
      vertex   -3.654864e+01 1.302373e+02 4.060000e+01
      vertex   -3.614370e+01 1.306504e+02 4.010000e+01
    endloop
  endfacet
  facet normal 1.487527e-01 6.998265e-01 6.986526e-01
    outer loop
      vertex   -3.614370e+01 1.306504e+02 4.010000e+01
      vertex   -3.654864e+01 1.302373e+02 4.060000e+01
      vertex   -3.606810e+01 1.301352e+02 4.060000e+01
    endloop
  endfacet
  facet normal 4.070699e-02 6.989120e-01 7.140483e-01
    outer loop
      vertex   -3.614370e+01 1.306504e+02 4.010000e+01
      vertex   -3.606810e+01 1.301352e+02 4.060000e+01
      vertex   -3.571489e+01 1.306254e+02 4.010000e+01
    endloop
  endfacet
  facet normal 0.000000e+00 7.140298e-01 7.001153e-01
    outer loop
      vertex   -3.571489e+01 1.306254e+02 4.010000e+01
      vertex   -3.606810e+01 1.301352e+02 4.060000e+01
      vertex   -3.557681e+01 1.301352e+02 4.060000e+01
    endloop
  endfacet
  facet normal -1.219576e-01 6.916559e-01 7.118557e-01
    outer loop
      vertex   -3.571489e+01 1.306254e+02 4.010000e+01
      vertex   -3.557681e+01 1.301352e+02 4.060000e+01
      vertex   -3.529187e+01 1.307000e+02 4.010000e+01
    endloop
  endfacet
  facet normal -1.480101e-01 6.963326e-01 7.022919e-01
    outer loop
      vertex   -3.529187e+01 1.307000e+02 4.010000e+01
      vertex   -3.557681e+01 1.301352e+02 4.060000e+01
      vertex   -3.509626e+01 1.302373e+02 4.060000e+01
    endloop
  endfacet
  facet normal -2.794174e-01 6.477623e-01 7.087524e-01
    outer loop
      vertex   -3.529187e+01 1.307000e+02 4.010000e+01
      vertex   -3.509626e+01 1.302373e+02 4.060000e+01
      vertex   -3.489745e+01 1.308701e+02 4.010000e+01
    endloop
  endfacet
  facet normal -2.883951e-01 6.477460e-01 7.051620e-01
    outer loop
      vertex   -3.489745e+01 1.308701e+02 4.010000e+01
      vertex   -3.509626e+01 1.302373e+02 4.060000e+01
      vertex   -3.464745e+01 1.304371e+02 4.060000e+01
    endloop
  endfacet
  facet normal -4.167669e-01 5.736304e-01 7.051620e-01
    outer loop
      vertex   -3.489745e+01 1.308701e+02 4.010000e+01
      vertex   -3.464745e+01 1.304371e+02 4.060000e+01
      vertex   -3.425000e+01 1.307259e+02 4.060000e+01
    endloop
  endfacet
  facet normal -4.212699e-01 5.658637e-01 7.087524e-01
    outer loop
      vertex   -3.489745e+01 1.308701e+02 4.010000e+01
      vertex   -3.425000e+01 1.307259e+02 4.060000e+01
      vertex   -3.455291e+01 1.311267e+02 4.010000e+01
    endloop
  endfacet
  facet normal -5.290367e-01 4.763468e-01 7.022919e-01
    outer loop
      vertex   -3.455291e+01 1.311267e+02 4.010000e+01
      vertex   -3.425000e+01 1.307259e+02 4.060000e+01
      vertex   -3.392126e+01 1.310910e+02 4.060000e+01
    endloop
  endfacet
  facet normal -5.380127e-01 4.514463e-01 7.118557e-01
    outer loop
      vertex   -3.455291e+01 1.311267e+02 4.010000e+01
      vertex   -3.392126e+01 1.310910e+02 4.060000e+01
      vertex   -3.427680e+01 1.314557e+02 4.010000e+01
    endloop
  endfacet
  facet normal -6.183679e-01 3.570149e-01 7.001153e-01
    outer loop
      vertex   -3.427680e+01 1.314557e+02 4.010000e+01
      vertex   -3.392126e+01 1.310910e+02 4.060000e+01
      vertex   -3.367562e+01 1.315165e+02 4.060000e+01
    endloop
  endfacet
  facet normal -6.256290e-01 3.142027e-01 7.140483e-01
    outer loop
      vertex   -3.427680e+01 1.314557e+02 4.010000e+01
      vertex   -3.367562e+01 1.315165e+02 4.060000e+01
      vertex   -3.408402e+01 1.318396e+02 4.010000e+01
    endloop
  endfacet
  facet normal -6.804439e-01 2.210896e-01 6.986526e-01
    outer loop
      vertex   -3.408402e+01 1.318396e+02 4.010000e+01
      vertex   -3.367562e+01 1.315165e+02 4.060000e+01
      vertex   -3.352381e+01 1.319837e+02 4.060000e+01
    endloop
  endfacet
  facet normal -6.799267e-01 1.611456e-01 7.153543e-01
    outer loop
      vertex   -3.408402e+01 1.318396e+02 4.010000e+01
      vertex   -3.352381e+01 1.319837e+02 4.060000e+01
      vertex   -3.398496e+01 1.322575e+02 4.010000e+01
    endloop
  endfacet
  facet normal -7.122546e-01 7.486098e-02 6.979178e-01
    outer loop
      vertex   -3.398496e+01 1.322575e+02 4.010000e+01
      vertex   -3.352381e+01 1.319837e+02 4.060000e+01
      vertex   -3.347245e+01 1.324723e+02 4.060000e+01
    endloop
  endfacet
  facet normal -6.983175e-01 0.000000e+00 7.157881e-01
    outer loop
      vertex   -3.398496e+01 1.322575e+02 4.010000e+01
      vertex   -3.347245e+01 1.324723e+02 4.060000e+01
      vertex   -3.398496e+01 1.326871e+02 4.010000e+01
    endloop
  endfacet
  facet normal -7.122546e-01 -7.486098e-02 6.979178e-01
    outer loop
      vertex   -3.398496e+01 1.326871e+02 4.010000e+01
      vertex   -3.347245e+01 1.324723e+02 4.060000e+01
      vertex   -3.352381e+01 1.329609e+02 4.060000e+01
    endloop
  endfacet
  facet normal -6.799267e-01 -1.611456e-01 7.153543e-01
    outer loop
      vertex   -3.398496e+01 1.326871e+02 4.010000e+01
      vertex   -3.352381e+01 1.329609e+02 4.060000e+01
      vertex   -3.408402e+01 1.331050e+02 4.010000e+01
    endloop
  endfacet
  facet normal -6.804439e-01 -2.210896e-01 6.986526e-01
    outer loop
      vertex   -3.408402e+01 1.331050e+02 4.010000e+01
      vertex   -3.352381e+01 1.329609e+02 4.060000e+01
      vertex   -3.367562e+01 1.334281e+02 4.060000e+01
    endloop
  endfacet
  facet normal -6.256290e-01 -3.142027e-01 7.140483e-01
    outer loop
      vertex   -3.408402e+01 1.331050e+02 4.010000e+01
      vertex   -3.367562e+01 1.334281e+02 4.060000e+01
      vertex   -3.427680e+01 1.334889e+02 4.010000e+01
    endloop
  endfacet
  facet normal -6.183679e-01 -3.570149e-01 7.001153e-01
    outer loop
      vertex   -3.427680e+01 1.334889e+02 4.010000e+01
      vertex   -3.367562e+01 1.334281e+02 4.060000e+01
      vertex   -3.392126e+01 1.338536e+02 4.060000e+01
    endloop
  endfacet
  facet normal -5.380127e-01 -4.514463e-01 7.118557e-01
    outer loop
      vertex   -3.427680e+01 1.334889e+02 4.010000e+01
      vertex   -3.392126e+01 1.338536e+02 4.060000e+01
      vertex   -3.455291e+01 1.338179e+02 4.010000e+01
    endloop
  endfacet
  facet normal -5.290367e-01 -4.763468e-01 7.022919e-01
    outer loop
      vertex   -3.455291e+01 1.338179e+02 4.010000e+01
      vertex   -3.392126e+01 1.338536e+02 4.060000e+01
      vertex   -3.425000e+01 1.342187e+02 4.060000e+01
    endloop
  endfacet
  facet normal -4.212699e-01 -5.658637e-01 7.087524e-01
    outer loop
      vertex   -3.455291e+01 1.338179e+02 4.010000e+01
      vertex   -3.425000e+01 1.342187e+02 4.060000e+01
      vertex   -3.489745e+01 1.340744e+02 4.010000e+01
    endloop
  endfacet
  facet normal -4.167669e-01 -5.736304e-01 7.051620e-01
    outer loop
      vertex   -3.489745e+01 1.340744e+02 4.010000e+01
      vertex   -3.425000e+01 1.342187e+02 4.060000e+01
      vertex   -3.464745e+01 1.345075e+02 4.060000e+01
    endloop
  endfacet
  facet normal -2.883951e-01 -6.477460e-01 7.051620e-01
    outer loop
      vertex   -3.489745e+01 1.340744e+02 4.010000e+01
      vertex   -3.464745e+01 1.345075e+02 4.060000e+01
      vertex   -3.509626e+01 1.347073e+02 4.060000e+01
    endloop
  endfacet
  facet normal -2.794174e-01 -6.477623e-01 7.087524e-01
    outer loop
      vertex   -3.489745e+01 1.340744e+02 4.010000e+01
      vertex   -3.509626e+01 1.347073e+02 4.060000e+01
      vertex   -3.529187e+01 1.342446e+02 4.010000e+01
    endloop
  endfacet
  facet normal -1.480101e-01 -6.963326e-01 7.022919e-01
    outer loop
      vertex   -3.529187e+01 1.342446e+02 4.010000e+01
      vertex   -3.509626e+01 1.347073e+02 4.060000e+01
      vertex   -3.557681e+01 1.348094e+02 4.060000e+01
    endloop
  endfacet
  facet normal -1.219576e-01 -6.916559e-01 7.118557e-01
    outer loop
      vertex   -3.529187e+01 1.342446e+02 4.010000e+01
      vertex   -3.557681e+01 1.348094e+02 4.060000e+01
      vertex   -3.571489e+01 1.343192e+02 4.010000e+01
    endloop
  endfacet
  facet normal 0.000000e+00 -7.140298e-01 7.001153e-01
    outer loop
      vertex   -3.571489e+01 1.343192e+02 4.010000e+01
      vertex   -3.557681e+01 1.348094e+02 4.060000e+01
      vertex   -3.606810e+01 1.348094e+02 4.060000e+01
    endloop
  endfacet
  facet normal 4.070699e-02 -6.989120e-01 7.140483e-01
    outer loop
      vertex   -3.571489e+01 1.343192e+02 4.010000e+01
      vertex   -3.606810e+01 1.348094e+02 4.060000e+01
      vertex   -3.614370e+01 1.342942e+02 4.010000e+01
    endloop
  endfacet
  facet normal 1.487527e-01 -6.998265e-01 6.986526e-01
    outer loop
      vertex   -3.614370e+01 1.342942e+02 4.010000e+01
      vertex   -3.606810e+01 1.348094e+02 4.060000e+01
      vertex   -3.654864e+01 1.347073e+02 4.060000e+01
    endloop
  endfacet
  facet normal 2.004072e-01 -6.694066e-01 7.153543e-01
    outer loop
      vertex   -3.614370e+01 1.342942e+02 4.010000e+01
      vertex   -3.654864e+01 1.347073e+02 4.060000e+01
      vertex   -3.655520e+01 1.341710e+02 4.010000e+01
    endloop
  endfacet
  facet normal 2.912958e-01 -6.542611e-01 6.979178e-01
    outer loop
      vertex   -3.655520e+01 1.341710e+02 4.010000e+01
      vertex   -3.654864e+01 1.347073e+02 4.060000e+01
      vertex   -3.699745e+01 1.345075e+02 4.060000e+01
    endloop
  endfacet
  facet normal 3.491588e-01 -6.047607e-01 7.157881e-01
    outer loop
      vertex   -3.655520e+01 1.341710e+02 4.010000e+01
      vertex   -3.699745e+01 1.345075e+02 4.060000e+01
      vertex   -3.692720e+01 1.339562e+02 4.010000e+01
    endloop
  endfacet
  facet normal 4.209588e-01 -5.794001e-01 6.979178e-01
    outer loop
      vertex   -3.692720e+01 1.339562e+02 4.010000e+01
      vertex   -3.699745e+01 1.345075e+02 4.060000e+01
      vertex   -3.739491e+01 1.342187e+02 4.060000e+01
    endloop
  endfacet
  facet normal 4.795195e-01 -5.082610e-01 7.153543e-01
    outer loop
      vertex   -3.692720e+01 1.339562e+02 4.010000e+01
      vertex   -3.739491e+01 1.342187e+02 4.060000e+01
      vertex   -3.723964e+01 1.336615e+02 4.010000e+01
    endloop
  endfacet
  facet normal 5.316912e-01 -4.787369e-01 6.986526e-01
    outer loop
      vertex   -3.723964e+01 1.336615e+02 4.010000e+01
      vertex   -3.739491e+01 1.342187e+02 4.060000e+01
      vertex   -3.772364e+01 1.338536e+02 4.060000e+01
    endloop
  endfacet
  facet normal 5.849220e-01 -3.847093e-01 7.140483e-01
    outer loop
      vertex   -3.723964e+01 1.336615e+02 4.010000e+01
      vertex   -3.772364e+01 1.338536e+02 4.060000e+01
      vertex   -3.747567e+01 1.333026e+02 4.010000e+01
    endloop
  endfacet
  facet normal 6.183679e-01 -3.570149e-01 7.001153e-01
    outer loop
      vertex   -3.747567e+01 1.333026e+02 4.010000e+01
      vertex   -3.772364e+01 1.338536e+02 4.060000e+01
      vertex   -3.796929e+01 1.334281e+02 4.060000e+01
    endloop
  endfacet
  facet normal 6.599703e-01 -2.402096e-01 7.118557e-01
    outer loop
      vertex   -3.747567e+01 1.333026e+02 4.010000e+01
      vertex   -3.796929e+01 1.334281e+02 4.060000e+01
      vertex   -3.762259e+01 1.328989e+02 4.010000e+01
    endloop
  endfacet
  facet normal 6.770467e-01 -2.199858e-01 7.022919e-01
    outer loop
      vertex   -3.762259e+01 1.328989e+02 4.010000e+01
      vertex   -3.796929e+01 1.334281e+02 4.060000e+01
      vertex   -3.812110e+01 1.329609e+02 4.060000e+01
    endloop
  endfacet
  facet normal 7.006873e-01 -8.189860e-02 7.087524e-01
    outer loop
      vertex   -3.762259e+01 1.328989e+02 4.010000e+01
      vertex   -3.812110e+01 1.329609e+02 4.060000e+01
      vertex   -3.767245e+01 1.324723e+02 4.010000e+01
    endloop
  endfacet
  facet normal 9.932384e-01 -1.160929e-01 0.000000e+00
    outer loop
      vertex   -3.762259e+01 1.328989e+02 3.900000e+01
      vertex   -3.762259e+01 1.328989e+02 4.010000e+01
      vertex   -3.767245e+01 1.324723e+02 3.900000e+01
    endloop
  endfacet
  facet normal 9.932384e-01 -1.160929e-01 0.000000e+00
    outer loop
      vertex   -3.767245e+01 1.324723e+02 3.900000e+01
      vertex   -3.762259e+01 1.328989e+02 4.010000e+01
      vertex   -3.767245e+01 1.324723e+02 4.010000e+01
    endloop
  endfacet
  facet normal 9.932384e-01 1.160929e-01 -0.000000e+00
    outer loop
      vertex   -3.767245e+01 1.324723e+02 3.900000e+01
      vertex   -3.767245e+01 1.324723e+02 4.010000e+01
      vertex   -3.762259e+01 1.320457e+02 3.900000e+01
    endloop
  endfacet
  facet normal 9.932384e-01 1.160929e-01 -0.000000e+00
    outer loop
      vertex   -3.762259e+01 1.320457e+02 3.900000e+01
      vertex   -3.767245e+01 1.324723e+02 4.010000e+01
      vertex   -3.762259e+01 1.320457e+02 4.010000e+01
    endloop
  endfacet
  facet normal 9.396926e-01 3.420201e-01 -0.000000e+00
    outer loop
      vertex   -3.762259e+01 1.320457e+02 3.900000e+01
      vertex   -3.762259e+01 1.320457e+02 4.010000e+01
      vertex   -3.747567e+01 1.316420e+02 3.900000e+01
    endloop
  endfacet
  facet normal 9.396926e-01 3.420201e-01 -0.000000e+00
    outer loop
      vertex   -3.747567e+01 1.316420e+02 3.900000e+01
      vertex   -3.762259e+01 1.320457e+02 4.010000e+01
      vertex   -3.747567e+01 1.316420e+02 4.010000e+01
    endloop
  endfacet
  facet normal 8.354878e-01 5.495090e-01 -0.000000e+00
    outer loop
      vertex   -3.747567e+01 1.316420e+02 3.900000e+01
      vertex   -3.747567e+01 1.316420e+02 4.010000e+01
      vertex   -3.723964e+01 1.312831e+02 3.900000e+01
    endloop
  endfacet
  facet normal 8.354878e-01 5.495090e-01 -0.000000e+00
    outer loop
      vertex   -3.723964e+01 1.312831e+02 3.900000e+01
      vertex   -3.747567e+01 1.316420e+02 4.010000e+01
      vertex   -3.723964e+01 1.312831e+02 4.010000e+01
    endloop
  endfacet
  facet normal 6.862416e-01 7.273736e-01 -0.000000e+00
    outer loop
      vertex   -3.723964e+01 1.312831e+02 3.900000e+01
      vertex   -3.723964e+01 1.312831e+02 4.010000e+01
      vertex   -3.692720e+01 1.309884e+02 3.900000e+01
    endloop
  endfacet
  facet normal 6.862416e-01 7.273736e-01 -0.000000e+00
    outer loop
      vertex   -3.692720e+01 1.309884e+02 3.900000e+01
      vertex   -3.723964e+01 1.312831e+02 4.010000e+01
      vertex   -3.692720e+01 1.309884e+02 4.010000e+01
    endloop
  endfacet
  facet normal 5.000000e-01 8.660254e-01 -0.000000e+00
    outer loop
      vertex   -3.692720e+01 1.309884e+02 3.900000e+01
      vertex   -3.692720e+01 1.309884e+02 4.010000e+01
      vertex   -3.655520e+01 1.307736e+02 3.900000e+01
    endloop
  endfacet
  facet normal 5.000000e-01 8.660254e-01 -0.000000e+00
    outer loop
      vertex   -3.655520e+01 1.307736e+02 3.900000e+01
      vertex   -3.692720e+01 1.309884e+02 4.010000e+01
      vertex   -3.655520e+01 1.307736e+02 4.010000e+01
    endloop
  endfacet
  facet normal 2.868032e-01 9.579895e-01 -0.000000e+00
    outer loop
      vertex   -3.655520e+01 1.307736e+02 3.900000e+01
      vertex   -3.655520e+01 1.307736e+02 4.010000e+01
      vertex   -3.614370e+01 1.306504e+02 3.900000e+01
    endloop
  endfacet
  facet normal 2.868032e-01 9.579895e-01 -0.000000e+00
    outer loop
      vertex   -3.614370e+01 1.306504e+02 3.900000e+01
      vertex   -3.655520e+01 1.307736e+02 4.010000e+01
      vertex   -3.614370e+01 1.306504e+02 4.010000e+01
    endloop
  endfacet
  facet normal 5.814483e-02 9.983082e-01 -0.000000e+00
    outer loop
      vertex   -3.614370e+01 1.306504e+02 3.900000e+01
      vertex   -3.614370e+01 1.306504e+02 4.010000e+01
      vertex   -3.571489e+01 1.306254e+02 3.900000e+01
    endloop
  endfacet
  facet normal 5.814483e-02 9.983082e-01 -0.000000e+00
    outer loop
      vertex   -3.571489e+01 1.306254e+02 3.900000e+01
      vertex   -3.614370e+01 1.306504e+02 4.010000e+01
      vertex   -3.571489e+01 1.306254e+02 4.010000e+01
    endloop
  endfacet
  facet normal -1.736482e-01 9.848078e-01 0.000000e+00
    outer loop
      vertex   -3.571489e+01 1.306254e+02 3.900000e+01
      vertex   -3.571489e+01 1.306254e+02 4.010000e+01
      vertex   -3.529187e+01 1.307000e+02 3.900000e+01
    endloop
  endfacet
  facet normal -1.736482e-01 9.848078e-01 0.000000e+00
    outer loop
      vertex   -3.529187e+01 1.307000e+02 3.900000e+01
      vertex   -3.571489e+01 1.306254e+02 4.010000e+01
      vertex   -3.529187e+01 1.307000e+02 4.010000e+01
    endloop
  endfacet
  facet normal -3.960798e-01 9.182161e-01 0.000000e+00
    outer loop
      vertex   -3.529187e+01 1.307000e+02 3.900000e+01
      vertex   -3.529187e+01 1.307000e+02 4.010000e+01
      vertex   -3.489745e+01 1.308701e+02 3.900000e+01
    endloop
  endfacet
  facet normal -3.960798e-01 9.182161e-01 0.000000e+00
    outer loop
      vertex   -3.489745e+01 1.308701e+02 3.900000e+01
      vertex   -3.529187e+01 1.307000e+02 4.010000e+01
      vertex   -3.489745e+01 1.308701e+02 4.010000e+01
    endloop
  endfacet
  facet normal -5.971586e-01 8.021232e-01 0.000000e+00
    outer loop
      vertex   -3.489745e+01 1.308701e+02 3.900000e+01
      vertex   -3.489745e+01 1.308701e+02 4.010000e+01
      vertex   -3.455291e+01 1.311267e+02 3.900000e+01
    endloop
  endfacet
  facet normal -5.971586e-01 8.021232e-01 0.000000e+00
    outer loop
      vertex   -3.455291e+01 1.311267e+02 3.900000e+01
      vertex   -3.489745e+01 1.308701e+02 4.010000e+01
      vertex   -3.455291e+01 1.311267e+02 4.010000e+01
    endloop
  endfacet
  facet normal -7.660444e-01 6.427876e-01 0.000000e+00
    outer loop
      vertex   -3.455291e+01 1.311267e+02 3.900000e+01
      vertex   -3.455291e+01 1.311267e+02 4.010000e+01
      vertex   -3.427680e+01 1.314557e+02 3.900000e+01
    endloop
  endfacet
  facet normal -7.660444e-01 6.427876e-01 0.000000e+00
    outer loop
      vertex   -3.427680e+01 1.314557e+02 3.900000e+01
      vertex   -3.455291e+01 1.311267e+02 4.010000e+01
      vertex   -3.427680e+01 1.314557e+02 4.010000e+01
    endloop
  endfacet
  facet normal -8.936326e-01 4.487992e-01 0.000000e+00
    outer loop
      vertex   -3.427680e+01 1.314557e+02 3.900000e+01
      vertex   -3.427680e+01 1.314557e+02 4.010000e+01
      vertex   -3.408402e+01 1.318396e+02 3.900000e+01
    endloop
  endfacet
  facet normal -8.936326e-01 4.487992e-01 0.000000e+00
    outer loop
      vertex   -3.408402e+01 1.318396e+02 3.900000e+01
      vertex   -3.427680e+01 1.314557e+02 4.010000e+01
      vertex   -3.408402e+01 1.318396e+02 4.010000e+01
    endloop
  endfacet
  facet normal -9.730449e-01 2.306159e-01 0.000000e+00
    outer loop
      vertex   -3.408402e+01 1.318396e+02 3.900000e+01
      vertex   -3.408402e+01 1.318396e+02 4.010000e+01
      vertex   -3.398496e+01 1.322575e+02 3.900000e+01
    endloop
  endfacet
  facet normal -9.730449e-01 2.306159e-01 0.000000e+00
    outer loop
      vertex   -3.398496e+01 1.322575e+02 3.900000e+01
      vertex   -3.408402e+01 1.318396e+02 4.010000e+01
      vertex   -3.398496e+01 1.322575e+02 4.010000e+01
    endloop
  endfacet
  facet normal -1.000000e+00 0.000000e+00 0.000000e+00
    outer loop
      vertex   -3.398496e+01 1.322575e+02 3.900000e+01
      vertex   -3.398496e+01 1.322575e+02 4.010000e+01
      vertex   -3.398496e+01 1.326871e+02 3.900000e+01
    endloop
  endfacet
  facet normal -1.000000e+00 0.000000e+00 0.000000e+00
    outer loop
      vertex   -3.398496e+01 1.326871e+02 3.900000e+01
      vertex   -3.398496e+01 1.322575e+02 4.010000e+01
      vertex   -3.398496e+01 1.326871e+02 4.010000e+01
    endloop
  endfacet
  facet normal -9.730449e-01 -2.306159e-01 0.000000e+00
    outer loop
      vertex   -3.398496e+01 1.326871e+02 3.900000e+01
      vertex   -3.398496e+01 1.326871e+02 4.010000e+01
      vertex   -3.408402e+01 1.331050e+02 3.900000e+01
    endloop
  endfacet
  facet normal -9.730449e-01 -2.306159e-01 0.000000e+00
    outer loop
      vertex   -3.408402e+01 1.331050e+02 3.900000e+01
      vertex   -3.398496e+01 1.326871e+02 4.010000e+01
      vertex   -3.408402e+01 1.331050e+02 4.010000e+01
    endloop
  endfacet
  facet normal -8.936326e-01 -4.487992e-01 0.000000e+00
    outer loop
      vertex   -3.408402e+01 1.331050e+02 3.900000e+01
      vertex   -3.408402e+01 1.331050e+02 4.010000e+01
      vertex   -3.427680e+01 1.334889e+02 3.900000e+01
    endloop
  endfacet
  facet normal -8.936326e-01 -4.487992e-01 0.000000e+00
    outer loop
      vertex   -3.427680e+01 1.334889e+02 3.900000e+01
      vertex   -3.408402e+01 1.331050e+02 4.010000e+01
      vertex   -3.427680e+01 1.334889e+02 4.010000e+01
    endloop
  endfacet
  facet normal -7.660444e-01 -6.427876e-01 0.000000e+00
    outer loop
      vertex   -3.427680e+01 1.334889e+02 3.900000e+01
      vertex   -3.427680e+01 1.334889e+02 4.010000e+01
      vertex   -3.455291e+01 1.338179e+02 3.900000e+01
    endloop
  endfacet
  facet normal -7.660444e-01 -6.427876e-01 0.000000e+00
    outer loop
      vertex   -3.455291e+01 1.338179e+02 3.900000e+01
      vertex   -3.427680e+01 1.334889e+02 4.010000e+01
      vertex   -3.455291e+01 1.338179e+02 4.010000e+01
    endloop
  endfacet
  facet normal -5.971586e-01 -8.021232e-01 0.000000e+00
    outer loop
      vertex   -3.455291e+01 1.338179e+02 3.900000e+01
      vertex   -3.455291e+01 1.338179e+02 4.010000e+01
      vertex   -3.489745e+01 1.340744e+02 3.900000e+01
    endloop
  endfacet
  facet normal -5.971586e-01 -8.021232e-01 0.000000e+00
    outer loop
      vertex   -3.489745e+01 1.340744e+02 3.900000e+01
      vertex   -3.455291e+01 1.338179e+02 4.010000e+01
      vertex   -3.489745e+01 1.340744e+02 4.010000e+01
    endloop
  endfacet
  facet normal -3.960798e-01 -9.182161e-01 0.000000e+00
    outer loop
      vertex   -3.489745e+01 1.340744e+02 3.900000e+01
      vertex   -3.489745e+01 1.340744e+02 4.010000e+01
      vertex   -3.529187e+01 1.342446e+02 3.900000e+01
    endloop
  endfacet
  facet normal -3.960798e-01 -9.182161e-01 0.000000e+00
    outer loop
      vertex   -3.529187e+01 1.342446e+02 3.900000e+01
      vertex   -3.489745e+01 1.340744e+02 4.010000e+01
      vertex   -3.529187e+01 1.342446e+02 4.010000e+01
    endloop
  endfacet
  facet normal -1.736482e-01 -9.848078e-01 0.000000e+00
    outer loop
      vertex   -3.529187e+01 1.342446e+02 3.900000e+01
      vertex   -3.529187e+01 1.342446e+02 4.010000e+01
      vertex   -3.571489e+01 1.343192e+02 3.900000e+01
    endloop
  endfacet
  facet normal -1.736482e-01 -9.848078e-01 0.000000e+00
    outer loop
      vertex   -3.571489e+01 1.343192e+02 3.900000e+01
      vertex   -3.529187e+01 1.342446e+02 4.010000e+01
      vertex   -3.571489e+01 1.343192e+02 4.010000e+01
    endloop
  endfacet
  facet normal 5.814483e-02 -9.983082e-01 0.000000e+00
    outer loop
      vertex   -3.571489e+01 1.343192e+02 3.900000e+01
      vertex   -3.571489e+01 1.343192e+02 4.010000e+01
      vertex   -3.614370e+01 1.342942e+02 3.900000e+01
    endloop
  endfacet
  facet normal 5.814483e-02 -9.983082e-01 0.000000e+00
    outer loop
      vertex   -3.614370e+01 1.342942e+02 3.900000e+01
      vertex   -3.571489e+01 1.343192e+02 4.010000e+01
      vertex   -3.614370e+01 1.342942e+02 4.010000e+01
    endloop
  endfacet
  facet normal 2.868032e-01 -9.579895e-01 0.000000e+00
    outer loop
      vertex   -3.614370e+01 1.342942e+02 3.900000e+01
      vertex   -3.614370e+01 1.342942e+02 4.010000e+01
      vertex   -3.655520e+01 1.341710e+02 3.900000e+01
    endloop
  endfacet
  facet normal 2.868032e-01 -9.579895e-01 0.000000e+00
    outer loop
      vertex   -3.655520e+01 1.341710e+02 3.900000e+01
      vertex   -3.614370e+01 1.342942e+02 4.010000e+01
      vertex   -3.655520e+01 1.341710e+02 4.010000e+01
    endloop
  endfacet
  facet normal 5.000000e-01 -8.660254e-01 0.000000e+00
    outer loop
      vertex   -3.655520e+01 1.341710e+02 3.900000e+01
      vertex   -3.655520e+01 1.341710e+02 4.010000e+01
      vertex   -3.692720e+01 1.339562e+02 3.900000e+01
    endloop
  endfacet
  facet normal 5.000000e-01 -8.660254e-01 0.000000e+00
    outer loop
      vertex   -3.692720e+01 1.339562e+02 3.900000e+01
      vertex   -3.655520e+01 1.341710e+02 4.010000e+01
      vertex   -3.692720e+01 1.339562e+02 4.010000e+01
    endloop
  endfacet
  facet normal 6.862416e-01 -7.273736e-01 0.000000e+00
    outer loop
      vertex   -3.692720e+01 1.339562e+02 3.900000e+01
      vertex   -3.692720e+01 1.339562e+02 4.010000e+01
      vertex   -3.723964e+01 1.336615e+02 3.900000e+01
    endloop
  endfacet
  facet normal 6.862416e-01 -7.273736e-01 0.000000e+00
    outer loop
      vertex   -3.723964e+01 1.336615e+02 3.900000e+01
      vertex   -3.692720e+01 1.339562e+02 4.010000e+01
      vertex   -3.723964e+01 1.336615e+02 4.010000e+01
    endloop
  endfacet
  facet normal 8.354878e-01 -5.495090e-01 0.000000e+00
    outer loop
      vertex   -3.723964e+01 1.336615e+02 3.900000e+01
      vertex   -3.723964e+01 1.336615e+02 4.010000e+01
      vertex   -3.747567e+01 1.333026e+02 3.900000e+01
    endloop
  endfacet
  facet normal 8.354878e-01 -5.495090e-01 0.000000e+00
    outer loop
      vertex   -3.747567e+01 1.333026e+02 3.900000e+01
      vertex   -3.723964e+01 1.336615e+02 4.010000e+01
      vertex   -3.747567e+01 1.333026e+02 4.010000e+01
    endloop
  endfacet
  facet normal 9.396926e-01 -3.420201e-01 0.000000e+00
    outer loop
      vertex   -3.747567e+01 1.333026e+02 3.900000e+01
      vertex   -3.747567e+01 1.333026e+02 4.010000e+01
      vertex   -3.762259e+01 1.328989e+02 3.900000e+01
    endloop
  endfacet
  facet normal 9.396926e-01 -3.420201e-01 0.000000e+00
    outer loop
      vertex   -3.762259e+01 1.328989e+02 3.900000e+01
      vertex   -3.747567e+01 1.333026e+02 4.010000e+01
      vertex   -3.762259e+01 1.328989e+02 4.010000e+01
    endloop
  endfacet
  facet normal 7.051620e-01 -7.411551e-02 7.051620e-01
    outer loop
      vertex   -3.812110e+01 1.719337e+02 4.060000e+01
      vertex   -3.817245e+01 1.714451e+02 4.060000e+01
      vertex   -3.767245e+01 1.714451e+02 4.010000e+01
    endloop
  endfacet
  facet normal 7.051620e-01 7.411551e-02 7.051620e-01
    outer loop
      vertex   -3.767245e+01 1.714451e+02 4.010000e+01
      vertex   -3.817245e+01 1.714451e+02 4.060000e+01
      vertex   -3.812110e+01 1.709565e+02 4.060000e+01
    endloop
  endfacet
  facet normal 7.006873e-01 8.189860e-02 7.087524e-01
    outer loop
      vertex   -3.767245e+01 1.714451e+02 4.010000e+01
      vertex   -3.812110e+01 1.709565e+02 4.060000e+01
      vertex   -3.762259e+01 1.710185e+02 4.010000e+01
    endloop
  endfacet
  facet normal 6.770467e-01 2.199858e-01 7.022919e-01
    outer loop
      vertex   -3.762259e+01 1.710185e+02 4.010000e+01
      vertex   -3.812110e+01 1.709565e+02 4.060000e+01
      vertex   -3.796929e+01 1.704893e+02 4.060000e+01
    endloop
  endfacet
  facet normal 6.599703e-01 2.402096e-01 7.118557e-01
    outer loop
      vertex   -3.762259e+01 1.710185e+02 4.010000e+01
      vertex   -3.796929e+01 1.704893e+02 4.060000e+01
      vertex   -3.747567e+01 1.706148e+02 4.010000e+01
    endloop
  endfacet
  facet normal 6.183679e-01 3.570149e-01 7.001153e-01
    outer loop
      vertex   -3.747567e+01 1.706148e+02 4.010000e+01
      vertex   -3.796929e+01 1.704893e+02 4.060000e+01
      vertex   -3.772364e+01 1.700638e+02 4.060000e+01
    endloop
  endfacet
  facet normal 5.849220e-01 3.847093e-01 7.140483e-01
    outer loop
      vertex   -3.747567e+01 1.706148e+02 4.010000e+01
      vertex   -3.772364e+01 1.700638e+02 4.060000e+01
      vertex   -3.723964e+01 1.702560e+02 4.010000e+01
    endloop
  endfacet
  facet normal 5.316912e-01 4.787369e-01 6.986526e-01
    outer loop
      vertex   -3.723964e+01 1.702560e+02 4.010000e+01
      vertex   -3.772364e+01 1.700638e+02 4.060000e+01
      vertex   -3.739491e+01 1.696987e+02 4.060000e+01
    endloop
  endfacet
  facet normal 4.795195e-01 5.082610e-01 7.153543e-01
    outer loop
      vertex   -3.723964e+01 1.702560e+02 4.010000e+01
      vertex   -3.739491e+01 1.696987e+02 4.060000e+01
      vertex   -3.692720e+01 1.699612e+02 4.010000e+01
    endloop
  endfacet
  facet normal 4.209588e-01 5.794001e-01 6.979178e-01
    outer loop
      vertex   -3.692720e+01 1.699612e+02 4.010000e+01
      vertex   -3.739491e+01 1.696987e+02 4.060000e+01
      vertex   -3.699745e+01 1.694100e+02 4.060000e+01
    endloop
  endfacet
  facet normal 3.491588e-01 6.047607e-01 7.157881e-01
    outer loop
      vertex   -3.692720e+01 1.699612e+02 4.010000e+01
      vertex   -3.699745e+01 1.694100e+02 4.060000e+01
      vertex   -3.655520e+01 1.697464e+02 4.010000e+01
    endloop
  endfacet
  facet normal 2.912958e-01 6.542611e-01 6.979178e-01
    outer loop
      vertex   -3.655520e+01 1.697464e+02 4.010000e+01
      vertex   -3.699745e+01 1.694100e+02 4.060000e+01
      vertex   -3.654864e+01 1.692101e+02 4.060000e+01
    endloop
  endfacet
  facet normal 2.004072e-01 6.694066e-01 7.153543e-01
    outer loop
      vertex   -3.655520e+01 1.697464e+02 4.010000e+01
      vertex   -3.654864e+01 1.692101e+02 4.060000e+01
      vertex   -3.614370e+01 1.696232e+02 4.010000e+01
    endloop
  endfacet
  facet normal 1.487527e-01 6.998265e-01 6.986526e-01
    outer loop
      vertex   -3.614370e+01 1.696232e+02 4.010000e+01
      vertex   -3.654864e+01 1.692101e+02 4.060000e+01
      vertex   -3.606810e+01 1.691080e+02 4.060000e+01
    endloop
  endfacet
  facet normal 4.070699e-02 6.989120e-01 7.140483e-01
    outer loop
      vertex   -3.614370e+01 1.696232e+02 4.010000e+01
      vertex   -3.606810e+01 1.691080e+02 4.060000e+01
      vertex   -3.571489e+01 1.695982e+02 4.010000e+01
    endloop
  endfacet
  facet normal 0.000000e+00 7.140298e-01 7.001153e-01
    outer loop
      vertex   -3.571489e+01 1.695982e+02 4.010000e+01
      vertex   -3.606810e+01 1.691080e+02 4.060000e+01
      vertex   -3.557681e+01 1.691080e+02 4.060000e+01
    endloop
  endfacet
  facet normal -1.219576e-01 6.916559e-01 7.118557e-01
    outer loop
      vertex   -3.571489e+01 1.695982e+02 4.010000e+01
      vertex   -3.557681e+01 1.691080e+02 4.060000e+01
      vertex   -3.529187e+01 1.696728e+02 4.010000e+01
    endloop
  endfacet
  facet normal -1.480101e-01 6.963326e-01 7.022919e-01
    outer loop
      vertex   -3.529187e+01 1.696728e+02 4.010000e+01
      vertex   -3.557681e+01 1.691080e+02 4.060000e+01
      vertex   -3.509626e+01 1.692101e+02 4.060000e+01
    endloop
  endfacet
  facet normal -2.794174e-01 6.477623e-01 7.087524e-01
    outer loop
      vertex   -3.529187e+01 1.696728e+02 4.010000e+01
      vertex   -3.509626e+01 1.692101e+02 4.060000e+01
      vertex   -3.489745e+01 1.698430e+02 4.010000e+01
    endloop
  endfacet
  facet normal -2.883951e-01 6.477460e-01 7.051620e-01
    outer loop
      vertex   -3.489745e+01 1.698430e+02 4.010000e+01
      vertex   -3.509626e+01 1.692101e+02 4.060000e+01
      vertex   -3.464745e+01 1.694100e+02 4.060000e+01
    endloop
  endfacet
  facet normal -4.167669e-01 5.736304e-01 7.051620e-01
    outer loop
      vertex   -3.489745e+01 1.698430e+02 4.010000e+01
      vertex   -3.464745e+01 1.694100e+02 4.060000e+01
      vertex   -3.425000e+01 1.696987e+02 4.060000e+01
    endloop
  endfacet
  facet normal -4.212699e-01 5.658637e-01 7.087524e-01
    outer loop
      vertex   -3.489745e+01 1.698430e+02 4.010000e+01
      vertex   -3.425000e+01 1.696987e+02 4.060000e+01
      vertex   -3.455291e+01 1.700995e+02 4.010000e+01
    endloop
  endfacet
  facet normal -5.290367e-01 4.763468e-01 7.022919e-01
    outer loop
      vertex   -3.455291e+01 1.700995e+02 4.010000e+01
      vertex   -3.425000e+01 1.696987e+02 4.060000e+01
      vertex   -3.392126e+01 1.700638e+02 4.060000e+01
    endloop
  endfacet
  facet normal -5.380127e-01 4.514463e-01 7.118557e-01
    outer loop
      vertex   -3.455291e+01 1.700995e+02 4.010000e+01
      vertex   -3.392126e+01 1.700638e+02 4.060000e+01
      vertex   -3.427680e+01 1.704285e+02 4.010000e+01
    endloop
  endfacet
  facet normal -6.183679e-01 3.570149e-01 7.001153e-01
    outer loop
      vertex   -3.427680e+01 1.704285e+02 4.010000e+01
      vertex   -3.392126e+01 1.700638e+02 4.060000e+01
      vertex   -3.367562e+01 1.704893e+02 4.060000e+01
    endloop
  endfacet
  facet normal -6.256290e-01 3.142027e-01 7.140483e-01
    outer loop
      vertex   -3.427680e+01 1.704285e+02 4.010000e+01
      vertex   -3.367562e+01 1.704893e+02 4.060000e+01
      vertex   -3.408402e+01 1.708124e+02 4.010000e+01
    endloop
  endfacet
  facet normal -6.804439e-01 2.210896e-01 6.986526e-01
    outer loop
      vertex   -3.408402e+01 1.708124e+02 4.010000e+01
      vertex   -3.367562e+01 1.704893e+02 4.060000e+01
      vertex   -3.352381e+01 1.709565e+02 4.060000e+01
    endloop
  endfacet
  facet normal -6.799267e-01 1.611456e-01 7.153543e-01
    outer loop
      vertex   -3.408402e+01 1.708124e+02 4.010000e+01
      vertex   -3.352381e+01 1.709565e+02 4.060000e+01
      vertex   -3.398496e+01 1.712303e+02 4.010000e+01
    endloop
  endfacet
  facet normal -7.122546e-01 7.486098e-02 6.979178e-01
    outer loop
      vertex   -3.398496e+01 1.712303e+02 4.010000e+01
      vertex   -3.352381e+01 1.709565e+02 4.060000e+01
      vertex   -3.347245e+01 1.714451e+02 4.060000e+01
    endloop
  endfacet
  facet normal -6.983175e-01 0.000000e+00 7.157881e-01
    outer loop
      vertex   -3.398496e+01 1.712303e+02 4.010000e+01
      vertex   -3.347245e+01 1.714451e+02 4.060000e+01
      vertex   -3.398496e+01 1.716599e+02 4.010000e+01
    endloop
  endfacet
  facet normal -7.122546e-01 -7.486098e-02 6.979178e-01
    outer loop
      vertex   -3.398496e+01 1.716599e+02 4.010000e+01
      vertex   -3.347245e+01 1.714451e+02 4.060000e+01
      vertex   -3.352381e+01 1.719337e+02 4.060000e+01
    endloop
  endfacet
  facet normal -6.799267e-01 -1.611456e-01 7.153543e-01
    outer loop
      vertex   -3.398496e+01 1.716599e+02 4.010000e+01
      vertex   -3.352381e+01 1.719337e+02 4.060000e+01
      vertex   -3.408402e+01 1.720778e+02 4.010000e+01
    endloop
  endfacet
  facet normal -6.804439e-01 -2.210896e-01 6.986526e-01
    outer loop
      vertex   -3.408402e+01 1.720778e+02 4.010000e+01
      vertex   -3.352381e+01 1.719337e+02 4.060000e+01
      vertex   -3.367562e+01 1.724009e+02 4.060000e+01
    endloop
  endfacet
  facet normal -6.256290e-01 -3.142027e-01 7.140483e-01
    outer loop
      vertex   -3.408402e+01 1.720778e+02 4.010000e+01
      vertex   -3.367562e+01 1.724009e+02 4.060000e+01
      vertex   -3.427680e+01 1.724617e+02 4.010000e+01
    endloop
  endfacet
  facet normal -6.183679e-01 -3.570149e-01 7.001153e-01
    outer loop
      vertex   -3.427680e+01 1.724617e+02 4.010000e+01
      vertex   -3.367562e+01 1.724009e+02 4.060000e+01
      vertex   -3.392126e+01 1.728264e+02 4.060000e+01
    endloop
  endfacet
  facet normal -5.380127e-01 -4.514463e-01 7.118557e-01
    outer loop
      vertex   -3.427680e+01 1.724617e+02 4.010000e+01
      vertex   -3.392126e+01 1.728264e+02 4.060000e+01
      vertex   -3.455291e+01 1.727908e+02 4.010000e+01
    endloop
  endfacet
  facet normal -5.290367e-01 -4.763468e-01 7.022919e-01
    outer loop
      vertex   -3.455291e+01 1.727908e+02 4.010000e+01
      vertex   -3.392126e+01 1.728264e+02 4.060000e+01
      vertex   -3.425000e+01 1.731915e+02 4.060000e+01
    endloop
  endfacet
  facet normal -4.212699e-01 -5.658637e-01 7.087524e-01
    outer loop
      vertex   -3.455291e+01 1.727908e+02 4.010000e+01
      vertex   -3.425000e+01 1.731915e+02 4.060000e+01
      vertex   -3.489745e+01 1.730473e+02 4.010000e+01
    endloop
  endfacet
  facet normal -4.167669e-01 -5.736304e-01 7.051620e-01
    outer loop
      vertex   -3.489745e+01 1.730473e+02 4.010000e+01
      vertex   -3.425000e+01 1.731915e+02 4.060000e+01
      vertex   -3.464745e+01 1.734803e+02 4.060000e+01
    endloop
  endfacet
  facet normal -2.883951e-01 -6.477460e-01 7.051620e-01
    outer loop
      vertex   -3.489745e+01 1.730473e+02 4.010000e+01
      vertex   -3.464745e+01 1.734803e+02 4.060000e+01
      vertex   -3.509626e+01 1.736801e+02 4.060000e+01
    endloop
  endfacet
  facet normal -2.794174e-01 -6.477623e-01 7.087524e-01
    outer loop
      vertex   -3.489745e+01 1.730473e+02 4.010000e+01
      vertex   -3.509626e+01 1.736801e+02 4.060000e+01
      vertex   -3.529187e+01 1.732174e+02 4.010000e+01
    endloop
  endfacet
  facet normal -1.480101e-01 -6.963326e-01 7.022919e-01
    outer loop
      vertex   -3.529187e+01 1.732174e+02 4.010000e+01
      vertex   -3.509626e+01 1.736801e+02 4.060000e+01
      vertex   -3.557681e+01 1.737822e+02 4.060000e+01
    endloop
  endfacet
  facet normal -1.219576e-01 -6.916559e-01 7.118557e-01
    outer loop
      vertex   -3.529187e+01 1.732174e+02 4.010000e+01
      vertex   -3.557681e+01 1.737822e+02 4.060000e+01
      vertex   -3.571489e+01 1.732920e+02 4.010000e+01
    endloop
  endfacet
  facet normal 0.000000e+00 -7.140298e-01 7.001153e-01
    outer loop
      vertex   -3.571489e+01 1.732920e+02 4.010000e+01
      vertex   -3.557681e+01 1.737822e+02 4.060000e+01
      vertex   -3.606810e+01 1.737822e+02 4.060000e+01
    endloop
  endfacet
  facet normal 4.070699e-02 -6.989120e-01 7.140483e-01
    outer loop
      vertex   -3.571489e+01 1.732920e+02 4.010000e+01
      vertex   -3.606810e+01 1.737822e+02 4.060000e+01
      vertex   -3.614370e+01 1.732670e+02 4.010000e+01
    endloop
  endfacet
  facet normal 1.487527e-01 -6.998265e-01 6.986526e-01
    outer loop
      vertex   -3.614370e+01 1.732670e+02 4.010000e+01
      vertex   -3.606810e+01 1.737822e+02 4.060000e+01
      vertex   -3.654864e+01 1.736801e+02 4.060000e+01
    endloop
  endfacet
  facet normal 2.004072e-01 -6.694066e-01 7.153543e-01
    outer loop
      vertex   -3.614370e+01 1.732670e+02 4.010000e+01
      vertex   -3.654864e+01 1.736801e+02 4.060000e+01
      vertex   -3.655520e+01 1.731438e+02 4.010000e+01
    endloop
  endfacet
  facet normal 2.912958e-01 -6.542611e-01 6.979178e-01
    outer loop
      vertex   -3.655520e+01 1.731438e+02 4.010000e+01
      vertex   -3.654864e+01 1.736801e+02 4.060000e+01
      vertex   -3.699745e+01 1.734803e+02 4.060000e+01
    endloop
  endfacet
  facet normal 3.491588e-01 -6.047607e-01 7.157881e-01
    outer loop
      vertex   -3.655520e+01 1.731438e+02 4.010000e+01
      vertex   -3.699745e+01 1.734803e+02 4.060000e+01
      vertex   -3.692720e+01 1.729290e+02 4.010000e+01
    endloop
  endfacet
  facet normal 4.209588e-01 -5.794001e-01 6.979178e-01
    outer loop
      vertex   -3.692720e+01 1.729290e+02 4.010000e+01
      vertex   -3.699745e+01 1.734803e+02 4.060000e+01
      vertex   -3.739491e+01 1.731915e+02 4.060000e+01
    endloop
  endfacet
  facet normal 4.795195e-01 -5.082610e-01 7.153543e-01
    outer loop
      vertex   -3.692720e+01 1.729290e+02 4.010000e+01
      vertex   -3.739491e+01 1.731915e+02 4.060000e+01
      vertex   -3.723964e+01 1.726343e+02 4.010000e+01
    endloop
  endfacet
  facet normal 5.316912e-01 -4.787369e-01 6.986526e-01
    outer loop
      vertex   -3.723964e+01 1.726343e+02 4.010000e+01
      vertex   -3.739491e+01 1.731915e+02 4.060000e+01
      vertex   -3.772364e+01 1.728264e+02 4.060000e+01
    endloop
  endfacet
  facet normal 5.849220e-01 -3.847093e-01 7.140483e-01
    outer loop
      vertex   -3.723964e+01 1.726343e+02 4.010000e+01
      vertex   -3.772364e+01 1.728264e+02 4.060000e+01
      vertex   -3.747567e+01 1.722754e+02 4.010000e+01
    endloop
  endfacet
  facet normal 6.183679e-01 -3.570149e-01 7.001153e-01
    outer loop
      vertex   -3.747567e+01 1.722754e+02 4.010000e+01
      vertex   -3.772364e+01 1.728264e+02 4.060000e+01
      vertex   -3.796929e+01 1.724009e+02 4.060000e+01
    endloop
  endfacet
  facet normal 6.599703e-01 -2.402096e-01 7.118557e-01
    outer loop
      vertex   -3.747567e+01 1.722754e+02 4.010000e+01
      vertex   -3.796929e+01 1.724009e+02 4.060000e+01
      vertex   -3.762259e+01 1.718718e+02 4.010000e+01
    endloop
  endfacet
  facet normal 6.770467e-01 -2.199858e-01 7.022919e-01
    outer loop
      vertex   -3.762259e+01 1.718718e+02 4.010000e+01
      vertex   -3.796929e+01 1.724009e+02 4.060000e+01
      vertex   -3.812110e+01 1.719337e+02 4.060000e+01
    endloop
  endfacet
  facet normal 7.006873e-01 -8.189860e-02 7.087524e-01
    outer loop
      vertex   -3.762259e+01 1.718718e+02 4.010000e+01
      vertex   -3.812110e+01 1.719337e+02 4.060000e+01
      vertex   -3.767245e+01 1.714451e+02 4.010000e+01
    endloop
  endfacet
  facet normal 9.932384e-01 -1.160929e-01 0.000000e+00
    outer loop
      vertex   -3.762259e+01 1.718718e+02 3.900000e+01
      vertex   -3.762259e+01 1.718718e+02 4.010000e+01
      vertex   -3.767245e+01 1.714451e+02 3.900000e+01
    endloop
  endfacet
  facet normal 9.932384e-01 -1.160929e-01 0.000000e+00
    outer loop
      vertex   -3.767245e+01 1.714451e+02 3.900000e+01
      vertex   -3.762259e+01 1.718718e+02 4.010000e+01
      vertex   -3.767245e+01 1.714451e+02 4.010000e+01
    endloop
  endfacet
  facet normal 9.932384e-01 1.160929e-01 -0.000000e+00
    outer loop
      vertex   -3.767245e+01 1.714451e+02 3.900000e+01
      vertex   -3.767245e+01 1.714451e+02 4.010000e+01
      vertex   -3.762259e+01 1.710185e+02 3.900000e+01
    endloop
  endfacet
  facet normal 9.932384e-01 1.160929e-01 -0.000000e+00
    outer loop
      vertex   -3.762259e+01 1.710185e+02 3.900000e+01
      vertex   -3.767245e+01 1.714451e+02 4.010000e+01
      vertex   -3.762259e+01 1.710185e+02 4.010000e+01
    endloop
  endfacet
  facet normal 9.396926e-01 3.420201e-01 -0.000000e+00
    outer loop
      vertex   -3.762259e+01 1.710185e+02 3.900000e+01
      vertex   -3.762259e+01 1.710185e+02 4.010000e+01
      vertex   -3.747567e+01 1.706148e+02 3.900000e+01
    endloop
  endfacet
  facet normal 9.396926e-01 3.420201e-01 -0.000000e+00
    outer loop
      vertex   -3.747567e+01 1.706148e+02 3.900000e+01
      vertex   -3.762259e+01 1.710185e+02 4.010000e+01
      vertex   -3.747567e+01 1.706148e+02 4.010000e+01
    endloop
  endfacet
  facet normal 8.354878e-01 5.495090e-01 -0.000000e+00
    outer loop
      vertex   -3.747567e+01 1.706148e+02 3.900000e+01
      vertex   -3.747567e+01 1.706148e+02 4.010000e+01
      vertex   -3.723964e+01 1.702560e+02 3.900000e+01
    endloop
  endfacet
  facet normal 8.354878e-01 5.495090e-01 -0.000000e+00
    outer loop
      vertex   -3.723964e+01 1.702560e+02 3.900000e+01
      vertex   -3.747567e+01 1.706148e+02 4.010000e+01
      vertex   -3.723964e+01 1.702560e+02 4.010000e+01
    endloop
  endfacet
  facet normal 6.862416e-01 7.273736e-01 -0.000000e+00
    outer loop
      vertex   -3.723964e+01 1.702560e+02 3.900000e+01
      vertex   -3.723964e+01 1.702560e+02 4.010000e+01
      vertex   -3.692720e+01 1.699612e+02 3.900000e+01
    endloop
  endfacet
  facet normal 6.862416e-01 7.273736e-01 -0.000000e+00
    outer loop
      vertex   -3.692720e+01 1.699612e+02 3.900000e+01
      vertex   -3.723964e+01 1.702560e+02 4.010000e+01
      vertex   -3.692720e+01 1.699612e+02 4.010000e+01
    endloop
  endfacet
  facet normal 5.000000e-01 8.660254e-01 -0.000000e+00
    outer loop
      vertex   -3.692720e+01 1.699612e+02 3.900000e+01
      vertex   -3.692720e+01 1.699612e+02 4.010000e+01
      vertex   -3.655520e+01 1.697464e+02 3.900000e+01
    endloop
  endfacet
  facet normal 5.000000e-01 8.660254e-01 -0.000000e+00
    outer loop
      vertex   -3.655520e+01 1.697464e+02 3.900000e+01
      vertex   -3.692720e+01 1.699612e+02 4.010000e+01
      vertex   -3.655520e+01 1.697464e+02 4.010000e+01
    endloop
  endfacet
  facet normal 2.868032e-01 9.579895e-01 -0.000000e+00
    outer loop
      vertex   -3.655520e+01 1.697464e+02 3.900000e+01
      vertex   -3.655520e+01 1.697464e+02 4.010000e+01
      vertex   -3.614370e+01 1.696232e+02 3.900000e+01
    endloop
  endfacet
  facet normal 2.868032e-01 9.579895e-01 -0.000000e+00
    outer loop
      vertex   -3.614370e+01 1.696232e+02 3.900000e+01
      vertex   -3.655520e+01 1.697464e+02 4.010000e+01
      vertex   -3.614370e+01 1.696232e+02 4.010000e+01
    endloop
  endfacet
  facet normal 5.814483e-02 9.983082e-01 -0.000000e+00
    outer loop
      vertex   -3.614370e+01 1.696232e+02 3.900000e+01
      vertex   -3.614370e+01 1.696232e+02 4.010000e+01
      vertex   -3.571489e+01 1.695982e+02 3.900000e+01
    endloop
  endfacet
  facet normal 5.814483e-02 9.983082e-01 -0.000000e+00
    outer loop
      vertex   -3.571489e+01 1.695982e+02 3.900000e+01
      vertex   -3.614370e+01 1.696232e+02 4.010000e+01
      vertex   -3.571489e+01 1.695982e+02 4.010000e+01
    endloop
  endfacet
  facet normal -1.736482e-01 9.848078e-01 0.000000e+00
    outer loop
      vertex   -3.571489e+01 1.695982e+02 3.900000e+01
      vertex   -3.571489e+01 1.695982e+02 4.010000e+01
      vertex   -3.529187e+01 1.696728e+02 3.900000e+01
    endloop
  endfacet
  facet normal -1.736482e-01 9.848078e-01 0.000000e+00
    outer loop
      vertex   -3.529187e+01 1.696728e+02 3.900000e+01
      vertex   -3.571489e+01 1.695982e+02 4.010000e+01
      vertex   -3.529187e+01 1.696728e+02 4.010000e+01
    endloop
  endfacet
  facet normal -3.960798e-01 9.182161e-01 0.000000e+00
    outer loop
      vertex   -3.529187e+01 1.696728e+02 3.900000e+01
      vertex   -3.529187e+01 1.696728e+02 4.010000e+01
      vertex   -3.489745e+01 1.698430e+02 3.900000e+01
    endloop
  endfacet
  facet normal -3.960798e-01 9.182161e-01 0.000000e+00
    outer loop
      vertex   -3.489745e+01 1.698430e+02 3.900000e+01
      vertex   -3.529187e+01 1.696728e+02 4.010000e+01
      vertex   -3.489745e+01 1.698430e+02 4.010000e+01
    endloop
  endfacet
  facet normal -5.971586e-01 8.021232e-01 0.000000e+00
    outer loop
      vertex   -3.489745e+01 1.698430e+02 3.900000e+01
      vertex   -3.489745e+01 1.698430e+02 4.010000e+01
      vertex   -3.455291e+01 1.700995e+02 3.900000e+01
    endloop
  endfacet
  facet normal -5.971586e-01 8.021232e-01 0.000000e+00
    outer loop
      vertex   -3.455291e+01 1.700995e+02 3.900000e+01
      vertex   -3.489745e+01 1.698430e+02 4.010000e+01
      vertex   -3.455291e+01 1.700995e+02 4.010000e+01
    endloop
  endfacet
  facet normal -7.660444e-01 6.427876e-01 0.000000e+00
    outer loop
      vertex   -3.455291e+01 1.700995e+02 3.900000e+01
      vertex   -3.455291e+01 1.700995e+02 4.010000e+01
      vertex   -3.427680e+01 1.704285e+02 3.900000e+01
    endloop
  endfacet
  facet normal -7.660444e-01 6.427876e-01 0.000000e+00
    outer loop
      vertex   -3.427680e+01 1.704285e+02 3.900000e+01
      vertex   -3.455291e+01 1.700995e+02 4.010000e+01
      vertex   -3.427680e+01 1.704285e+02 4.010000e+01
    endloop
  endfacet
  facet normal -8.936326e-01 4.487992e-01 0.000000e+00
    outer loop
      vertex   -3.427680e+01 1.704285e+02 3.900000e+01
      vertex   -3.427680e+01 1.704285e+02 4.010000e+01
      vertex   -3.408402e+01 1.708124e+02 3.900000e+01
    endloop
  endfacet
  facet normal -8.936326e-01 4.487992e-01 0.000000e+00
    outer loop
      vertex   -3.408402e+01 1.708124e+02 3.900000e+01
      vertex   -3.427680e+01 1.704285e+02 4.010000e+01
      vertex   -3.408402e+01 1.708124e+02 4.010000e+01
    endloop
  endfacet
  facet normal -9.730449e-01 2.306159e-01 0.000000e+00
    outer loop
      vertex   -3.408402e+01 1.708124e+02 3.900000e+01
      vertex   -3.408402e+01 1.708124e+02 4.010000e+01
      vertex   -3.398496e+01 1.712303e+02 3.900000e+01
    endloop
  endfacet
  facet normal -9.730449e-01 2.306159e-01 0.000000e+00
    outer loop
      vertex   -3.398496e+01 1.712303e+02 3.900000e+01
      vertex   -3.408402e+01 1.708124e+02 4.010000e+01
      vertex   -3.398496e+01 1.712303e+02 4.010000e+01
    endloop
  endfacet
  facet normal -1.000000e+00 0.000000e+00 0.000000e+00
    outer loop
      vertex   -3.398496e+01 1.712303e+02 3.900000e+01
      vertex   -3.398496e+01 1.712303e+02 4.010000e+01
      vertex   -3.398496e+01 1.716599e+02 3.900000e+01
    endloop
  endfacet
  facet normal -1.000000e+00 0.000000e+00 0.000000e+00
    outer loop
      vertex   -3.398496e+01 1.716599e+02 3.900000e+01
      vertex   -3.398496e+01 1.712303e+02 4.010000e+01
      vertex   -3.398496e+01 1.716599e+02 4.010000e+01
    endloop
  endfacet
  facet normal -9.730449e-01 -2.306159e-01 0.000000e+00
    outer loop
      vertex   -3.398496e+01 1.716599e+02 3.900000e+01
      vertex   -3.398496e+01 1.716599e+02 4.010000e+01
      vertex   -3.408402e+01 1.720778e+02 3.900000e+01
    endloop
  endfacet
  facet normal -9.730449e-01 -2.306159e-01 0.000000e+00
    outer loop
      vertex   -3.408402e+01 1.720778e+02 3.900000e+01
      vertex   -3.398496e+01 1.716599e+02 4.010000e+01
      vertex   -3.408402e+01 1.720778e+02 4.010000e+01
    endloop
  endfacet
  facet normal -8.936326e-01 -4.487992e-01 0.000000e+00
    outer loop
      vertex   -3.408402e+01 1.720778e+02 3.900000e+01
      vertex   -3.408402e+01 1.720778e+02 4.010000e+01
      vertex   -3.427680e+01 1.724617e+02 3.900000e+01
    endloop
  endfacet
  facet normal -8.936326e-01 -4.487992e-01 0.000000e+00
    outer loop
      vertex   -3.427680e+01 1.724617e+02 3.900000e+01
      vertex   -3.408402e+01 1.720778e+02 4.010000e+01
      vertex   -3.427680e+01 1.724617e+02 4.010000e+01
    endloop
  endfacet
  facet normal -7.660444e-01 -6.427876e-01 0.000000e+00
    outer loop
      vertex   -3.427680e+01 1.724617e+02 3.900000e+01
      vertex   -3.427680e+01 1.724617e+02 4.010000e+01
      vertex   -3.455291e+01 1.727908e+02 3.900000e+01
    endloop
  endfacet
  facet normal -7.660444e-01 -6.427876e-01 0.000000e+00
    outer loop
      vertex   -3.455291e+01 1.727908e+02 3.900000e+01
      vertex   -3.427680e+01 1.724617e+02 4.010000e+01
      vertex   -3.455291e+01 1.727908e+02 4.010000e+01
    endloop
  endfacet
  facet normal -5.971586e-01 -8.021232e-01 0.000000e+00
    outer loop
      vertex   -3.455291e+01 1.727908e+02 3.900000e+01
      vertex   -3.455291e+01 1.727908e+02 4.010000e+01
      vertex   -3.489745e+01 1.730473e+02 3.900000e+01
    endloop
  endfacet
  facet normal -5.971586e-01 -8.021232e-01 0.000000e+00
    outer loop
      vertex   -3.489745e+01 1.730473e+02 3.900000e+01
      vertex   -3.455291e+01 1.727908e+02 4.010000e+01
      vertex   -3.489745e+01 1.730473e+02 4.010000e+01
    endloop
  endfacet
  facet normal -3.960798e-01 -9.182161e-01 0.000000e+00
    outer loop
      vertex   -3.489745e+01 1.730473e+02 3.900000e+01
      vertex   -3.489745e+01 1.730473e+02 4.010000e+01
      vertex   -3.529187e+01 1.732174e+02 3.900000e+01
    endloop
  endfacet
  facet normal -3.960798e-01 -9.182161e-01 0.000000e+00
    outer loop
      vertex   -3.529187e+01 1.732174e+02 3.900000e+01
      vertex   -3.489745e+01 1.730473e+02 4.010000e+01
      vertex   -3.529187e+01 1.732174e+02 4.010000e+01
    endloop
  endfacet
  facet normal -1.736482e-01 -9.848078e-01 0.000000e+00
    outer loop
      vertex   -3.529187e+01 1.732174e+02 3.900000e+01
      vertex   -3.529187e+01 1.732174e+02 4.010000e+01
      vertex   -3.571489e+01 1.732920e+02 3.900000e+01
    endloop
  endfacet
  facet normal -1.736482e-01 -9.848078e-01 0.000000e+00
    outer loop
      vertex   -3.571489e+01 1.732920e+02 3.900000e+01
      vertex   -3.529187e+01 1.732174e+02 4.010000e+01
      vertex   -3.571489e+01 1.732920e+02 4.010000e+01
    endloop
  endfacet
  facet normal 5.814483e-02 -9.983082e-01 0.000000e+00
    outer loop
      vertex   -3.571489e+01 1.732920e+02 3.900000e+01
      vertex   -3.571489e+01 1.732920e+02 4.010000e+01
      vertex   -3.614370e+01 1.732670e+02 3.900000e+01
    endloop
  endfacet
  facet normal 5.814483e-02 -9.983082e-01 0.000000e+00
    outer loop
      vertex   -3.614370e+01 1.732670e+02 3.900000e+01
      vertex   -3.571489e+01 1.732920e+02 4.010000e+01
      vertex   -3.614370e+01 1.732670e+02 4.010000e+01
    endloop
  endfacet
  facet normal 2.868032e-01 -9.579895e-01 0.000000e+00
    outer loop
      vertex   -3.614370e+01 1.732670e+02 3.900000e+01
      vertex   -3.614370e+01 1.732670e+02 4.010000e+01
      vertex   -3.655520e+01 1.731438e+02 3.900000e+01
    endloop
  endfacet
  facet normal 2.868032e-01 -9.579895e-01 0.000000e+00
    outer loop
      vertex   -3.655520e+01 1.731438e+02 3.900000e+01
      vertex   -3.614370e+01 1.732670e+02 4.010000e+01
      vertex   -3.655520e+01 1.731438e+02 4.010000e+01
    endloop
  endfacet
  facet normal 5.000000e-01 -8.660254e-01 0.000000e+00
    outer loop
      vertex   -3.655520e+01 1.731438e+02 3.900000e+01
      vertex   -3.655520e+01 1.731438e+02 4.010000e+01
      vertex   -3.692720e+01 1.729290e+02 3.900000e+01
    endloop
  endfacet
  facet normal 5.000000e-01 -8.660254e-01 0.000000e+00
    outer loop
      vertex   -3.692720e+01 1.729290e+02 3.900000e+01
      vertex   -3.655520e+01 1.731438e+02 4.010000e+01
      vertex   -3.692720e+01 1.729290e+02 4.010000e+01
    endloop
  endfacet
  facet normal 6.862416e-01 -7.273736e-01 0.000000e+00
    outer loop
      vertex   -3.692720e+01 1.729290e+02 3.900000e+01
      vertex   -3.692720e+01 1.729290e+02 4.010000e+01
      vertex   -3.723964e+01 1.726343e+02 3.900000e+01
    endloop
  endfacet
  facet normal 6.862416e-01 -7.273736e-01 0.000000e+00
    outer loop
      vertex   -3.723964e+01 1.726343e+02 3.900000e+01
      vertex   -3.692720e+01 1.729290e+02 4.010000e+01
      vertex   -3.723964e+01 1.726343e+02 4.010000e+01
    endloop
  endfacet
  facet normal 8.354878e-01 -5.495090e-01 0.000000e+00
    outer loop
      vertex   -3.723964e+01 1.726343e+02 3.900000e+01
      vertex   -3.723964e+01 1.726343e+02 4.010000e+01
      vertex   -3.747567e+01 1.722754e+02 3.900000e+01
    endloop
  endfacet
  facet normal 8.354878e-01 -5.495090e-01 0.000000e+00
    outer loop
      vertex   -3.747567e+01 1.722754e+02 3.900000e+01
      vertex   -3.723964e+01 1.726343e+02 4.010000e+01
      vertex   -3.747567e+01 1.722754e+02 4.010000e+01
    endloop
  endfacet
  facet normal 9.396926e-01 -3.420201e-01 0.000000e+00
    outer loop
      vertex   -3.747567e+01 1.722754e+02 3.900000e+01
      vertex   -3.747567e+01 1.722754e+02 4.010000e+01
      vertex   -3.762259e+01 1.718718e+02 3.900000e+01
    endloop
  endfacet
  facet normal 9.396926e-01 -3.420201e-01 0.000000e+00
    outer loop
      vertex   -3.762259e+01 1.718718e+02 3.900000e+01
      vertex   -3.747567e+01 1.722754e+02 4.010000e+01
      vertex   -3.762259e+01 1.718718e+02 4.010000e+01
    endloop
  endfacet
  facet normal 7.051620e-01 -7.411551e-02 7.051620e-01
    outer loop
      vertex   2.312190e+01 1.719337e+02 4.060000e+01
      vertex   2.307055e+01 1.714451e+02 4.060000e+01
      vertex   2.357055e+01 1.714451e+02 4.010000e+01
    endloop
  endfacet
  facet normal 7.051620e-01 7.411551e-02 7.051620e-01
    outer loop
      vertex   2.357055e+01 1.714451e+02 4.010000e+01
      vertex   2.307055e+01 1.714451e+02 4.060000e+01
      vertex   2.312190e+01 1.709565e+02 4.060000e+01
    endloop
  endfacet
  facet normal 7.006873e-01 8.189860e-02 7.087524e-01
    outer loop
      vertex   2.357055e+01 1.714451e+02 4.010000e+01
      vertex   2.312190e+01 1.709565e+02 4.060000e+01
      vertex   2.362041e+01 1.710185e+02 4.010000e+01
    endloop
  endfacet
  facet normal 6.770467e-01 2.199858e-01 7.022919e-01
    outer loop
      vertex   2.362041e+01 1.710185e+02 4.010000e+01
      vertex   2.312190e+01 1.709565e+02 4.060000e+01
      vertex   2.327371e+01 1.704893e+02 4.060000e+01
    endloop
  endfacet
  facet normal 6.599703e-01 2.402096e-01 7.118557e-01
    outer loop
      vertex   2.362041e+01 1.710185e+02 4.010000e+01
      vertex   2.327371e+01 1.704893e+02 4.060000e+01
      vertex   2.376733e+01 1.706148e+02 4.010000e+01
    endloop
  endfacet
  facet normal 6.183679e-01 3.570149e-01 7.001153e-01
    outer loop
      vertex   2.376733e+01 1.706148e+02 4.010000e+01
      vertex   2.327371e+01 1.704893e+02 4.060000e+01
      vertex   2.351936e+01 1.700638e+02 4.060000e+01
    endloop
  endfacet
  facet normal 5.849220e-01 3.847093e-01 7.140483e-01
    outer loop
      vertex   2.376733e+01 1.706148e+02 4.010000e+01
      vertex   2.351936e+01 1.700638e+02 4.060000e+01
      vertex   2.400336e+01 1.702560e+02 4.010000e+01
    endloop
  endfacet
  facet normal 5.316912e-01 4.787369e-01 6.986526e-01
    outer loop
      vertex   2.400336e+01 1.702560e+02 4.010000e+01
      vertex   2.351936e+01 1.700638e+02 4.060000e+01
      vertex   2.384809e+01 1.696987e+02 4.060000e+01
    endloop
  endfacet
  facet normal 4.795195e-01 5.082610e-01 7.153543e-01
    outer loop
      vertex   2.400336e+01 1.702560e+02 4.010000e+01
      vertex   2.384809e+01 1.696987e+02 4.060000e+01
      vertex   2.431580e+01 1.699612e+02 4.010000e+01
    endloop
  endfacet
  facet normal 4.209588e-01 5.794001e-01 6.979178e-01
    outer loop
      vertex   2.431580e+01 1.699612e+02 4.010000e+01
      vertex   2.384809e+01 1.696987e+02 4.060000e+01
      vertex   2.424555e+01 1.694100e+02 4.060000e+01
    endloop
  endfacet
  facet normal 3.491588e-01 6.047607e-01 7.157881e-01
    outer loop
      vertex   2.431580e+01 1.699612e+02 4.010000e+01
      vertex   2.424555e+01 1.694100e+02 4.060000e+01
      vertex   2.468780e+01 1.697464e+02 4.010000e+01
    endloop
  endfacet
  facet normal 2.912958e-01 6.542611e-01 6.979178e-01
    outer loop
      vertex   2.468780e+01 1.697464e+02 4.010000e+01
      vertex   2.424555e+01 1.694100e+02 4.060000e+01
      vertex   2.469436e+01 1.692101e+02 4.060000e+01
    endloop
  endfacet
  facet normal 2.004072e-01 6.694066e-01 7.153543e-01
    outer loop
      vertex   2.468780e+01 1.697464e+02 4.010000e+01
      vertex   2.469436e+01 1.692101e+02 4.060000e+01
      vertex   2.509930e+01 1.696232e+02 4.010000e+01
    endloop
  endfacet
  facet normal 1.487527e-01 6.998265e-01 6.986526e-01
    outer loop
      vertex   2.509930e+01 1.696232e+02 4.010000e+01
      vertex   2.469436e+01 1.692101e+02 4.060000e+01
      vertex   2.517490e+01 1.691080e+02 4.060000e+01
    endloop
  endfacet
  facet normal 4.070699e-02 6.989120e-01 7.140483e-01
    outer loop
      vertex   2.509930e+01 1.696232e+02 4.010000e+01
      vertex   2.517490e+01 1.691080e+02 4.060000e+01
      vertex   2.552811e+01 1.695982e+02 4.010000e+01
    endloop
  endfacet
  facet normal 0.000000e+00 7.140298e-01 7.001153e-01
    outer loop
      vertex   2.552811e+01 1.695982e+02 4.010000e+01
      vertex   2.517490e+01 1.691080e+02 4.060000e+01
      vertex   2.566619e+01 1.691080e+02 4.060000e+01
    endloop
  endfacet
  facet normal -1.219576e-01 6.916559e-01 7.118557e-01
    outer loop
      vertex   2.552811e+01 1.695982e+02 4.010000e+01
      vertex   2.566619e+01 1.691080e+02 4.060000e+01
      vertex   2.595113e+01 1.696728e+02 4.010000e+01
    endloop
  endfacet
  facet normal -1.480101e-01 6.963326e-01 7.022919e-01
    outer loop
      vertex   2.595113e+01 1.696728e+02 4.010000e+01
      vertex   2.566619e+01 1.691080e+02 4.060000e+01
      vertex   2.614674e+01 1.692101e+02 4.060000e+01
    endloop
  endfacet
  facet normal -2.794174e-01 6.477623e-01 7.087524e-01
    outer loop
      vertex   2.595113e+01 1.696728e+02 4.010000e+01
      vertex   2.614674e+01 1.692101e+02 4.060000e+01
      vertex   2.634555e+01 1.698430e+02 4.010000e+01
    endloop
  endfacet
  facet normal -2.883951e-01 6.477460e-01 7.051620e-01
    outer loop
      vertex   2.634555e+01 1.698430e+02 4.010000e+01
      vertex   2.614674e+01 1.692101e+02 4.060000e+01
      vertex   2.659555e+01 1.694100e+02 4.060000e+01
    endloop
  endfacet
  facet normal -4.167669e-01 5.736304e-01 7.051620e-01
    outer loop
      vertex   2.634555e+01 1.698430e+02 4.010000e+01
      vertex   2.659555e+01 1.694100e+02 4.060000e+01
      vertex   2.699300e+01 1.696987e+02 4.060000e+01
    endloop
  endfacet
  facet normal -4.212699e-01 5.658637e-01 7.087524e-01
    outer loop
      vertex   2.634555e+01 1.698430e+02 4.010000e+01
      vertex   2.699300e+01 1.696987e+02 4.060000e+01
      vertex   2.669009e+01 1.700995e+02 4.010000e+01
    endloop
  endfacet
  facet normal -5.290367e-01 4.763468e-01 7.022919e-01
    outer loop
      vertex   2.669009e+01 1.700995e+02 4.010000e+01
      vertex   2.699300e+01 1.696987e+02 4.060000e+01
      vertex   2.732174e+01 1.700638e+02 4.060000e+01
    endloop
  endfacet
  facet normal -5.380127e-01 4.514463e-01 7.118557e-01
    outer loop
      vertex   2.669009e+01 1.700995e+02 4.010000e+01
      vertex   2.732174e+01 1.700638e+02 4.060000e+01
      vertex   2.696620e+01 1.704285e+02 4.010000e+01
    endloop
  endfacet
  facet normal -6.183679e-01 3.570149e-01 7.001153e-01
    outer loop
      vertex   2.696620e+01 1.704285e+02 4.010000e+01
      vertex   2.732174e+01 1.700638e+02 4.060000e+01
      vertex   2.756738e+01 1.704893e+02 4.060000e+01
    endloop
  endfacet
  facet normal -6.256290e-01 3.142027e-01 7.140483e-01
    outer loop
      vertex   2.696620e+01 1.704285e+02 4.010000e+01
      vertex   2.756738e+01 1.704893e+02 4.060000e+01
      vertex   2.715898e+01 1.708124e+02 4.010000e+01
    endloop
  endfacet
  facet normal -6.804439e-01 2.210896e-01 6.986526e-01
    outer loop
      vertex   2.715898e+01 1.708124e+02 4.010000e+01
      vertex   2.756738e+01 1.704893e+02 4.060000e+01
      vertex   2.771919e+01 1.709565e+02 4.060000e+01
    endloop
  endfacet
  facet normal -6.799267e-01 1.611456e-01 7.153543e-01
    outer loop
      vertex   2.715898e+01 1.708124e+02 4.010000e+01
      vertex   2.771919e+01 1.709565e+02 4.060000e+01
      vertex   2.725804e+01 1.712303e+02 4.010000e+01
    endloop
  endfacet
  facet normal -7.122546e-01 7.486098e-02 6.979178e-01
    outer loop
      vertex   2.725804e+01 1.712303e+02 4.010000e+01
      vertex   2.771919e+01 1.709565e+02 4.060000e+01
      vertex   2.777055e+01 1.714451e+02 4.060000e+01
    endloop
  endfacet
  facet normal -6.983175e-01 0.000000e+00 7.157881e-01
    outer loop
      vertex   2.725804e+01 1.712303e+02 4.010000e+01
      vertex   2.777055e+01 1.714451e+02 4.060000e+01
      vertex   2.725804e+01 1.716599e+02 4.010000e+01
    endloop
  endfacet
  facet normal -7.122546e-01 -7.486098e-02 6.979178e-01
    outer loop
      vertex   2.725804e+01 1.716599e+02 4.010000e+01
      vertex   2.777055e+01 1.714451e+02 4.060000e+01
      vertex   2.771919e+01 1.719337e+02 4.060000e+01
    endloop
  endfacet
  facet normal -6.799267e-01 -1.611456e-01 7.153543e-01
    outer loop
      vertex   2.725804e+01 1.716599e+02 4.010000e+01
      vertex   2.771919e+01 1.719337e+02 4.060000e+01
      vertex   2.715898e+01 1.720778e+02 4.010000e+01
    endloop
  endfacet
  facet normal -6.804439e-01 -2.210896e-01 6.986526e-01
    outer loop
      vertex   2.715898e+01 1.720778e+02 4.010000e+01
      vertex   2.771919e+01 1.719337e+02 4.060000e+01
      vertex   2.756738e+01 1.724009e+02 4.060000e+01
    endloop
  endfacet
  facet normal -6.256290e-01 -3.142027e-01 7.140483e-01
    outer loop
      vertex   2.715898e+01 1.720778e+02 4.010000e+01
      vertex   2.756738e+01 1.724009e+02 4.060000e+01
      vertex   2.696620e+01 1.724617e+02 4.010000e+01
    endloop
  endfacet
  facet normal -6.183679e-01 -3.570149e-01 7.001153e-01
    outer loop
      vertex   2.696620e+01 1.724617e+02 4.010000e+01
      vertex   2.756738e+01 1.724009e+02 4.060000e+01
      vertex   2.732174e+01 1.728264e+02 4.060000e+01
    endloop
  endfacet
  facet normal -5.380127e-01 -4.514463e-01 7.118557e-01
    outer loop
      vertex   2.696620e+01 1.724617e+02 4.010000e+01
      vertex   2.732174e+01 1.728264e+02 4.060000e+01
      vertex   2.669009e+01 1.727908e+02 4.010000e+01
    endloop
  endfacet
  facet normal -5.290367e-01 -4.763468e-01 7.022919e-01
    outer loop
      vertex   2.669009e+01 1.727908e+02 4.010000e+01
      vertex   2.732174e+01 1.728264e+02 4.060000e+01
      vertex   2.699300e+01 1.731915e+02 4.060000e+01
    endloop
  endfacet
  facet normal -4.212699e-01 -5.658637e-01 7.087524e-01
    outer loop
      vertex   2.669009e+01 1.727908e+02 4.010000e+01
      vertex   2.699300e+01 1.731915e+02 4.060000e+01
      vertex   2.634555e+01 1.730473e+02 4.010000e+01
    endloop
  endfacet
  facet normal -4.167669e-01 -5.736304e-01 7.051620e-01
    outer loop
      vertex   2.634555e+01 1.730473e+02 4.010000e+01
      vertex   2.699300e+01 1.731915e+02 4.060000e+01
      vertex   2.659555e+01 1.734803e+02 4.060000e+01
    endloop
  endfacet
  facet normal -2.883951e-01 -6.477460e-01 7.051620e-01
    outer loop
      vertex   2.634555e+01 1.730473e+02 4.010000e+01
      vertex   2.659555e+01 1.734803e+02 4.060000e+01
      vertex   2.614674e+01 1.736801e+02 4.060000e+01
    endloop
  endfacet
  facet normal -2.794174e-01 -6.477623e-01 7.087524e-01
    outer loop
      vertex   2.634555e+01 1.730473e+02 4.010000e+01
      vertex   2.614674e+01 1.736801e+02 4.060000e+01
      vertex   2.595113e+01 1.732174e+02 4.010000e+01
    endloop
  endfacet
  facet normal -1.480101e-01 -6.963326e-01 7.022919e-01
    outer loop
      vertex   2.595113e+01 1.732174e+02 4.010000e+01
      vertex   2.614674e+01 1.736801e+02 4.060000e+01
      vertex   2.566619e+01 1.737822e+02 4.060000e+01
    endloop
  endfacet
  facet normal -1.219576e-01 -6.916559e-01 7.118557e-01
    outer loop
      vertex   2.595113e+01 1.732174e+02 4.010000e+01
      vertex   2.566619e+01 1.737822e+02 4.060000e+01
      vertex   2.552811e+01 1.732920e+02 4.010000e+01
    endloop
  endfacet
  facet normal 0.000000e+00 -7.140298e-01 7.001153e-01
    outer loop
      vertex   2.552811e+01 1.732920e+02 4.010000e+01
      vertex   2.566619e+01 1.737822e+02 4.060000e+01
      vertex   2.517490e+01 1.737822e+02 4.060000e+01
    endloop
  endfacet
  facet normal 4.070699e-02 -6.989120e-01 7.140483e-01
    outer loop
      vertex   2.552811e+01 1.732920e+02 4.010000e+01
      vertex   2.517490e+01 1.737822e+02 4.060000e+01
      vertex   2.509930e+01 1.732670e+02 4.010000e+01
    endloop
  endfacet
  facet normal 1.487527e-01 -6.998265e-01 6.986526e-01
    outer loop
      vertex   2.509930e+01 1.732670e+02 4.010000e+01
      vertex   2.517490e+01 1.737822e+02 4.060000e+01
      vertex   2.469436e+01 1.736801e+02 4.060000e+01
    endloop
  endfacet
  facet normal 2.004072e-01 -6.694066e-01 7.153543e-01
    outer loop
      vertex   2.509930e+01 1.732670e+02 4.010000e+01
      vertex   2.469436e+01 1.736801e+02 4.060000e+01
      vertex   2.468780e+01 1.731438e+02 4.010000e+01
    endloop
  endfacet
  facet normal 2.912958e-01 -6.542611e-01 6.979178e-01
    outer loop
      vertex   2.468780e+01 1.731438e+02 4.010000e+01
      vertex   2.469436e+01 1.736801e+02 4.060000e+01
      vertex   2.424555e+01 1.734803e+02 4.060000e+01
    endloop
  endfacet
  facet normal 3.491588e-01 -6.047607e-01 7.157881e-01
    outer loop
      vertex   2.468780e+01 1.731438e+02 4.010000e+01
      vertex   2.424555e+01 1.734803e+02 4.060000e+01
      vertex   2.431580e+01 1.729290e+02 4.010000e+01
    endloop
  endfacet
  facet normal 4.209588e-01 -5.794001e-01 6.979178e-01
    outer loop
      vertex   2.431580e+01 1.729290e+02 4.010000e+01
      vertex   2.424555e+01 1.734803e+02 4.060000e+01
      vertex   2.384809e+01 1.731915e+02 4.060000e+01
    endloop
  endfacet
  facet normal 4.795195e-01 -5.082610e-01 7.153543e-01
    outer loop
      vertex   2.431580e+01 1.729290e+02 4.010000e+01
      vertex   2.384809e+01 1.731915e+02 4.060000e+01
      vertex   2.400336e+01 1.726343e+02 4.010000e+01
    endloop
  endfacet
  facet normal 5.316912e-01 -4.787369e-01 6.986526e-01
    outer loop
      vertex   2.400336e+01 1.726343e+02 4.010000e+01
      vertex   2.384809e+01 1.731915e+02 4.060000e+01
      vertex   2.351936e+01 1.728264e+02 4.060000e+01
    endloop
  endfacet
  facet normal 5.849220e-01 -3.847093e-01 7.140483e-01
    outer loop
      vertex   2.400336e+01 1.726343e+02 4.010000e+01
      vertex   2.351936e+01 1.728264e+02 4.060000e+01
      vertex   2.376733e+01 1.722754e+02 4.010000e+01
    endloop
  endfacet
  facet normal 6.183679e-01 -3.570149e-01 7.001153e-01
    outer loop
      vertex   2.376733e+01 1.722754e+02 4.010000e+01
      vertex   2.351936e+01 1.728264e+02 4.060000e+01
      vertex   2.327371e+01 1.724009e+02 4.060000e+01
    endloop
  endfacet
  facet normal 6.599703e-01 -2.402096e-01 7.118557e-01
    outer loop
      vertex   2.376733e+01 1.722754e+02 4.010000e+01
      vertex   2.327371e+01 1.724009e+02 4.060000e+01
      vertex   2.362041e+01 1.718718e+02 4.010000e+01
    endloop
  endfacet
  facet normal 6.770467e-01 -2.199858e-01 7.022919e-01
    outer loop
      vertex   2.362041e+01 1.718718e+02 4.010000e+01
      vertex   2.327371e+01 1.724009e+02 4.060000e+01
      vertex   2.312190e+01 1.719337e+02 4.060000e+01
    endloop
  endfacet
  facet normal 7.006873e-01 -8.189860e-02 7.087524e-01
    outer loop
      vertex   2.362041e+01 1.718718e+02 4.010000e+01
      vertex   2.312190e+01 1.719337e+02 4.060000e+01
      vertex   2.357055e+01 1.714451e+02 4.010000e+01
    endloop
  endfacet
  facet normal 9.932384e-01 -1.160929e-01 0.000000e+00
    outer loop
      vertex   2.362041e+01 1.718718e+02 3.900000e+01
      vertex   2.362041e+01 1.718718e+02 4.010000e+01
      vertex   2.357055e+01 1.714451e+02 3.900000e+01
    endloop
  endfacet
  facet normal 9.932384e-01 -1.160929e-01 0.000000e+00
    outer loop
      vertex   2.357055e+01 1.714451e+02 3.900000e+01
      vertex   2.362041e+01 1.718718e+02 4.010000e+01
      vertex   2.357055e+01 1.714451e+02 4.010000e+01
    endloop
  endfacet
  facet normal 9.932384e-01 1.160929e-01 -0.000000e+00
    outer loop
      vertex   2.357055e+01 1.714451e+02 3.900000e+01
      vertex   2.357055e+01 1.714451e+02 4.010000e+01
      vertex   2.362041e+01 1.710185e+02 3.900000e+01
    endloop
  endfacet
  facet normal 9.932384e-01 1.160929e-01 -0.000000e+00
    outer loop
      vertex   2.362041e+01 1.710185e+02 3.900000e+01
      vertex   2.357055e+01 1.714451e+02 4.010000e+01
      vertex   2.362041e+01 1.710185e+02 4.010000e+01
    endloop
  endfacet
  facet normal 9.396926e-01 3.420201e-01 -0.000000e+00
    outer loop
      vertex   2.362041e+01 1.710185e+02 3.900000e+01
      vertex   2.362041e+01 1.710185e+02 4.010000e+01
      vertex   2.376733e+01 1.706148e+02 3.900000e+01
    endloop
  endfacet
  facet normal 9.396926e-01 3.420201e-01 -0.000000e+00
    outer loop
      vertex   2.376733e+01 1.706148e+02 3.900000e+01
      vertex   2.362041e+01 1.710185e+02 4.010000e+01
      vertex   2.376733e+01 1.706148e+02 4.010000e+01
    endloop
  endfacet
  facet normal 8.354878e-01 5.495090e-01 -0.000000e+00
    outer loop
      vertex   2.376733e+01 1.706148e+02 3.900000e+01
      vertex   2.376733e+01 1.706148e+02 4.010000e+01
      vertex   2.400336e+01 1.702560e+02 3.900000e+01
    endloop
  endfacet
  facet normal 8.354878e-01 5.495090e-01 -0.000000e+00
    outer loop
      vertex   2.400336e+01 1.702560e+02 3.900000e+01
      vertex   2.376733e+01 1.706148e+02 4.010000e+01
      vertex   2.400336e+01 1.702560e+02 4.010000e+01
    endloop
  endfacet
  facet normal 6.862416e-01 7.273736e-01 -0.000000e+00
    outer loop
      vertex   2.400336e+01 1.702560e+02 3.900000e+01
      vertex   2.400336e+01 1.702560e+02 4.010000e+01
      vertex   2.431580e+01 1.699612e+02 3.900000e+01
    endloop
  endfacet
  facet normal 6.862416e-01 7.273736e-01 -0.000000e+00
    outer loop
      vertex   2.431580e+01 1.699612e+02 3.900000e+01
      vertex   2.400336e+01 1.702560e+02 4.010000e+01
      vertex   2.431580e+01 1.699612e+02 4.010000e+01
    endloop
  endfacet
  facet normal 5.000000e-01 8.660254e-01 -0.000000e+00
    outer loop
      vertex   2.431580e+01 1.699612e+02 3.900000e+01
      vertex   2.431580e+01 1.699612e+02 4.010000e+01
      vertex   2.468780e+01 1.697464e+02 3.900000e+01
    endloop
  endfacet
  facet normal 5.000000e-01 8.660254e-01 -0.000000e+00
    outer loop
      vertex   2.468780e+01 1.697464e+02 3.900000e+01
      vertex   2.431580e+01 1.699612e+02 4.010000e+01
      vertex   2.468780e+01 1.697464e+02 4.010000e+01
    endloop
  endfacet
  facet normal 2.868032e-01 9.579895e-01 -0.000000e+00
    outer loop
      vertex   2.468780e+01 1.697464e+02 3.900000e+01
      vertex   2.468780e+01 1.697464e+02 4.010000e+01
      vertex   2.509930e+01 1.696232e+02 3.900000e+01
    endloop
  endfacet
  facet normal 2.868032e-01 9.579895e-01 -0.000000e+00
    outer loop
      vertex   2.509930e+01 1.696232e+02 3.900000e+01
      vertex   2.468780e+01 1.697464e+02 4.010000e+01
      vertex   2.509930e+01 1.696232e+02 4.010000e+01
    endloop
  endfacet
  facet normal 5.814483e-02 9.983082e-01 -0.000000e+00
    outer loop
      vertex   2.509930e+01 1.696232e+02 3.900000e+01
      vertex   2.509930e+01 1.696232e+02 4.010000e+01
      vertex   2.552811e+01 1.695982e+02 3.900000e+01
    endloop
  endfacet
  facet normal 5.814483e-02 9.983082e-01 -1.877927e-16
    outer loop
      vertex   2.552811e+01 1.695982e+02 3.900000e+01
      vertex   2.509930e+01 1.696232e+02 4.010000e+01
      vertex   2.552811e+01 1.695982e+02 4.010000e+01
    endloop
  endfacet
  facet normal -1.736482e-01 9.848078e-01 5.608384e-16
    outer loop
      vertex   2.552811e+01 1.695982e+02 3.900000e+01
      vertex   2.552811e+01 1.695982e+02 4.010000e+01
      vertex   2.595113e+01 1.696728e+02 3.900000e+01
    endloop
  endfacet
  facet normal -1.736482e-01 9.848078e-01 0.000000e+00
    outer loop
      vertex   2.595113e+01 1.696728e+02 3.900000e+01
      vertex   2.552811e+01 1.695982e+02 4.010000e+01
      vertex   2.595113e+01 1.696728e+02 4.010000e+01
    endloop
  endfacet
  facet normal -3.960798e-01 9.182161e-01 0.000000e+00
    outer loop
      vertex   2.595113e+01 1.696728e+02 3.900000e+01
      vertex   2.595113e+01 1.696728e+02 4.010000e+01
      vertex   2.634555e+01 1.698430e+02 3.900000e+01
    endloop
  endfacet
  facet normal -3.960798e-01 9.182161e-01 0.000000e+00
    outer loop
      vertex   2.634555e+01 1.698430e+02 3.900000e+01
      vertex   2.595113e+01 1.696728e+02 4.010000e+01
      vertex   2.634555e+01 1.698430e+02 4.010000e+01
    endloop
  endfacet
  facet normal -5.971586e-01 8.021232e-01 0.000000e+00
    outer loop
      vertex   2.634555e+01 1.698430e+02 3.900000e+01
      vertex   2.634555e+01 1.698430e+02 4.010000e+01
      vertex   2.669009e+01 1.700995e+02 3.900000e+01
    endloop
  endfacet
  facet normal -5.971586e-01 8.021232e-01 0.000000e+00
    outer loop
      vertex   2.669009e+01 1.700995e+02 3.900000e+01
      vertex   2.634555e+01 1.698430e+02 4.010000e+01
      vertex   2.669009e+01 1.700995e+02 4.010000e+01
    endloop
  endfacet
  facet normal -7.660444e-01 6.427876e-01 0.000000e+00
    outer loop
      vertex   2.669009e+01 1.700995e+02 3.900000e+01
      vertex   2.669009e+01 1.700995e+02 4.010000e+01
      vertex   2.696620e+01 1.704285e+02 3.900000e+01
    endloop
  endfacet
  facet normal -7.660444e-01 6.427876e-01 0.000000e+00
    outer loop
      vertex   2.696620e+01 1.704285e+02 3.900000e+01
      vertex   2.669009e+01 1.700995e+02 4.010000e+01
      vertex   2.696620e+01 1.704285e+02 4.010000e+01
    endloop
  endfacet
  facet normal -8.936326e-01 4.487992e-01 0.000000e+00
    outer loop
      vertex   2.696620e+01 1.704285e+02 3.900000e+01
      vertex   2.696620e+01 1.704285e+02 4.010000e+01
      vertex   2.715898e+01 1.708124e+02 3.900000e+01
    endloop
  endfacet
  facet normal -8.936326e-01 4.487992e-01 0.000000e+00
    outer loop
      vertex   2.715898e+01 1.708124e+02 3.900000e+01
      vertex   2.696620e+01 1.704285e+02 4.010000e+01
      vertex   2.715898e+01 1.708124e+02 4.010000e+01
    endloop
  endfacet
  facet normal -9.730449e-01 2.306159e-01 0.000000e+00
    outer loop
      vertex   2.715898e+01 1.708124e+02 3.900000e+01
      vertex   2.715898e+01 1.708124e+02 4.010000e+01
      vertex   2.725804e+01 1.712303e+02 3.900000e+01
    endloop
  endfacet
  facet normal -9.730449e-01 2.306159e-01 0.000000e+00
    outer loop
      vertex   2.725804e+01 1.712303e+02 3.900000e+01
      vertex   2.715898e+01 1.708124e+02 4.010000e+01
      vertex   2.725804e+01 1.712303e+02 4.010000e+01
    endloop
  endfacet
  facet normal -1.000000e+00 0.000000e+00 0.000000e+00
    outer loop
      vertex   2.725804e+01 1.712303e+02 3.900000e+01
      vertex   2.725804e+01 1.712303e+02 4.010000e+01
      vertex   2.725804e+01 1.716599e+02 3.900000e+01
    endloop
  endfacet
  facet normal -1.000000e+00 0.000000e+00 0.000000e+00
    outer loop
      vertex   2.725804e+01 1.716599e+02 3.900000e+01
      vertex   2.725804e+01 1.712303e+02 4.010000e+01
      vertex   2.725804e+01 1.716599e+02 4.010000e+01
    endloop
  endfacet
  facet normal -9.730449e-01 -2.306159e-01 0.000000e+00
    outer loop
      vertex   2.725804e+01 1.716599e+02 3.900000e+01
      vertex   2.725804e+01 1.716599e+02 4.010000e+01
      vertex   2.715898e+01 1.720778e+02 3.900000e+01
    endloop
  endfacet
  facet normal -9.730449e-01 -2.306159e-01 0.000000e+00
    outer loop
      vertex   2.715898e+01 1.720778e+02 3.900000e+01
      vertex   2.725804e+01 1.716599e+02 4.010000e+01
      vertex   2.715898e+01 1.720778e+02 4.010000e+01
    endloop
  endfacet
  facet normal -8.936326e-01 -4.487992e-01 0.000000e+00
    outer loop
      vertex   2.715898e+01 1.720778e+02 3.900000e+01
      vertex   2.715898e+01 1.720778e+02 4.010000e+01
      vertex   2.696620e+01 1.724617e+02 3.900000e+01
    endloop
  endfacet
  facet normal -8.936326e-01 -4.487992e-01 0.000000e+00
    outer loop
      vertex   2.696620e+01 1.724617e+02 3.900000e+01
      vertex   2.715898e+01 1.720778e+02 4.010000e+01
      vertex   2.696620e+01 1.724617e+02 4.010000e+01
    endloop
  endfacet
  facet normal -7.660444e-01 -6.427876e-01 0.000000e+00
    outer loop
      vertex   2.696620e+01 1.724617e+02 3.900000e+01
      vertex   2.696620e+01 1.724617e+02 4.010000e+01
      vertex   2.669009e+01 1.727908e+02 3.900000e+01
    endloop
  endfacet
  facet normal -7.660444e-01 -6.427876e-01 0.000000e+00
    outer loop
      vertex   2.669009e+01 1.727908e+02 3.900000e+01
      vertex   2.696620e+01 1.724617e+02 4.010000e+01
      vertex   2.669009e+01 1.727908e+02 4.010000e+01
    endloop
  endfacet
  facet normal -5.971586e-01 -8.021232e-01 0.000000e+00
    outer loop
      vertex   2.669009e+01 1.727908e+02 3.900000e+01
      vertex   2.669009e+01 1.727908e+02 4.010000e+01
      vertex   2.634555e+01 1.730473e+02 3.900000e+01
    endloop
  endfacet
  facet normal -5.971586e-01 -8.021232e-01 0.000000e+00
    outer loop
      vertex   2.634555e+01 1.730473e+02 3.900000e+01
      vertex   2.669009e+01 1.727908e+02 4.010000e+01
      vertex   2.634555e+01 1.730473e+02 4.010000e+01
    endloop
  endfacet
  facet normal -3.960798e-01 -9.182161e-01 0.000000e+00
    outer loop
      vertex   2.634555e+01 1.730473e+02 3.900000e+01
      vertex   2.634555e+01 1.730473e+02 4.010000e+01
      vertex   2.595113e+01 1.732174e+02 3.900000e+01
    endloop
  endfacet
  facet normal -3.960798e-01 -9.182161e-01 0.000000e+00
    outer loop
      vertex   2.595113e+01 1.732174e+02 3.900000e+01
      vertex   2.634555e+01 1.730473e+02 4.010000e+01
      vertex   2.595113e+01 1.732174e+02 4.010000e+01
    endloop
  endfacet
  facet normal -1.736482e-01 -9.848078e-01 0.000000e+00
    outer loop
      vertex   2.595113e+01 1.732174e+02 3.900000e+01
      vertex   2.595113e+01 1.732174e+02 4.010000e+01
      vertex   2.552811e+01 1.732920e+02 3.900000e+01
    endloop
  endfacet
  facet normal -1.736482e-01 -9.848078e-01 -5.608384e-16
    outer loop
      vertex   2.552811e+01 1.732920e+02 3.900000e+01
      vertex   2.595113e+01 1.732174e+02 4.010000e+01
      vertex   2.552811e+01 1.732920e+02 4.010000e+01
    endloop
  endfacet
  facet normal 5.814483e-02 -9.983082e-01 1.877927e-16
    outer loop
      vertex   2.552811e+01 1.732920e+02 3.900000e+01
      vertex   2.552811e+01 1.732920e+02 4.010000e+01
      vertex   2.509930e+01 1.732670e+02 3.900000e+01
    endloop
  endfacet
  facet normal 5.814483e-02 -9.983082e-01 0.000000e+00
    outer loop
      vertex   2.509930e+01 1.732670e+02 3.900000e+01
      vertex   2.552811e+01 1.732920e+02 4.010000e+01
      vertex   2.509930e+01 1.732670e+02 4.010000e+01
    endloop
  endfacet
  facet normal 2.868032e-01 -9.579895e-01 0.000000e+00
    outer loop
      vertex   2.509930e+01 1.732670e+02 3.900000e+01
      vertex   2.509930e+01 1.732670e+02 4.010000e+01
      vertex   2.468780e+01 1.731438e+02 3.900000e+01
    endloop
  endfacet
  facet normal 2.868032e-01 -9.579895e-01 0.000000e+00
    outer loop
      vertex   2.468780e+01 1.731438e+02 3.900000e+01
      vertex   2.509930e+01 1.732670e+02 4.010000e+01
      vertex   2.468780e+01 1.731438e+02 4.010000e+01
    endloop
  endfacet
  facet normal 5.000000e-01 -8.660254e-01 0.000000e+00
    outer loop
      vertex   2.468780e+01 1.731438e+02 3.900000e+01
      vertex   2.468780e+01 1.731438e+02 4.010000e+01
      vertex   2.431580e+01 1.729290e+02 3.900000e+01
    endloop
  endfacet
  facet normal 5.000000e-01 -8.660254e-01 0.000000e+00
    outer loop
      vertex   2.431580e+01 1.729290e+02 3.900000e+01
      vertex   2.468780e+01 1.731438e+02 4.010000e+01
      vertex   2.431580e+01 1.729290e+02 4.010000e+01
    endloop
  endfacet
  facet normal 6.862416e-01 -7.273736e-01 0.000000e+00
    outer loop
      vertex   2.431580e+01 1.729290e+02 3.900000e+01
      vertex   2.431580e+01 1.729290e+02 4.010000e+01
      vertex   2.400336e+01 1.726343e+02 3.900000e+01
    endloop
  endfacet
  facet normal 6.862416e-01 -7.273736e-01 0.000000e+00
    outer loop
      vertex   2.400336e+01 1.726343e+02 3.900000e+01
      vertex   2.431580e+01 1.729290e+02 4.010000e+01
      vertex   2.400336e+01 1.726343e+02 4.010000e+01
    endloop
  endfacet
  facet normal 8.354878e-01 -5.495090e-01 0.000000e+00
    outer loop
      vertex   2.400336e+01 1.726343e+02 3.900000e+01
      vertex   2.400336e+01 1.726343e+02 4.010000e+01
      vertex   2.376733e+01 1.722754e+02 3.900000e+01
    endloop
  endfacet
  facet normal 8.354878e-01 -5.495090e-01 0.000000e+00
    outer loop
      vertex   2.376733e+01 1.722754e+02 3.900000e+01
      vertex   2.400336e+01 1.726343e+02 4.010000e+01
      vertex   2.376733e+01 1.722754e+02 4.010000e+01
    endloop
  endfacet
  facet normal 9.396926e-01 -3.420201e-01 0.000000e+00
    outer loop
      vertex   2.376733e+01 1.722754e+02 3.900000e+01
      vertex   2.376733e+01 1.722754e+02 4.010000e+01
      vertex   2.362041e+01 1.718718e+02 3.900000e+01
    endloop
  endfacet
  facet normal 9.396926e-01 -3.420201e-01 0.000000e+00
    outer loop
      vertex   2.362041e+01 1.718718e+02 3.900000e+01
      vertex   2.376733e+01 1.722754e+02 4.010000e+01
      vertex   2.362041e+01 1.718718e+02 4.010000e+01
    endloop
  endfacet
  facet normal -0.000000e+00 0.000000e+00 -1.000000e+00
    outer loop
      vertex   -3.762259e+01 1.718718e+02 3.900000e+01
      vertex   -3.767245e+01 1.714451e+02 3.900000e+01
      vertex   -4.021675e+01 1.739487e+02 3.900000e+01
    endloop
  endfacet
  facet normal 0.000000e+00 0.000000e+00 -1.000000e+00
    outer loop
      vertex   -4.021675e+01 1.739487e+02 3.900000e+01
      vertex   -3.767245e+01 1.714451e+02 3.900000e+01
      vertex   -3.762259e+01 1.710185e+02 3.900000e+01
    endloop
  endfacet
  facet normal -3.376482e-14 -2.989281e-14 -1.000000e+00
    outer loop
      vertex   -4.021675e+01 1.739487e+02 3.900000e+01
      vertex   -3.762259e+01 1.710185e+02 3.900000e+01
      vertex   -3.747567e+01 1.706148e+02 3.900000e+01
    endloop
  endfacet
  facet normal -5.463719e-15 -6.623596e-15 -1.000000e+00
    outer loop
      vertex   -4.021675e+01 1.739487e+02 3.900000e+01
      vertex   -3.747567e+01 1.706148e+02 3.900000e+01
      vertex   -3.590824e+01 1.650309e+02 3.900000e+01
    endloop
  endfacet
  facet normal -1.350086e-14 -8.879654e-15 -1.000000e+00
    outer loop
      vertex   -3.590824e+01 1.650309e+02 3.900000e+01
      vertex   -3.747567e+01 1.706148e+02 3.900000e+01
      vertex   -3.723964e+01 1.702560e+02 3.900000e+01
    endloop
  endfacet
  facet normal -1.235318e-14 -8.587214e-15 -1.000000e+00
    outer loop
      vertex   -3.590824e+01 1.650309e+02 3.900000e+01
      vertex   -3.723964e+01 1.702560e+02 3.900000e+01
      vertex   -3.586332e+01 1.657937e+02 3.900000e+01
    endloop
  endfacet
  facet normal 9.814495e-15 -1.749902e-15 -1.000000e+00
    outer loop
      vertex   -3.586332e+01 1.657937e+02 3.900000e+01
      vertex   -3.723964e+01 1.702560e+02 3.900000e+01
      vertex   -3.572919e+01 1.665460e+02 3.900000e+01
    endloop
  endfacet
  facet normal -8.801584e-15 -9.329134e-15 -1.000000e+00
    outer loop
      vertex   -3.572919e+01 1.665460e+02 3.900000e+01
      vertex   -3.723964e+01 1.702560e+02 3.900000e+01
      vertex   -3.692720e+01 1.699612e+02 3.900000e+01
    endloop
  endfacet
  facet normal 9.549012e-15 -2.891952e-15 -1.000000e+00
    outer loop
      vertex   -3.572919e+01 1.665460e+02 3.900000e+01
      vertex   -3.692720e+01 1.699612e+02 3.900000e+01
      vertex   -3.550770e+01 1.672774e+02 3.900000e+01
    endloop
  endfacet
  facet normal -6.601440e-15 -1.143403e-14 -1.000000e+00
    outer loop
      vertex   -3.550770e+01 1.672774e+02 3.900000e+01
      vertex   -3.692720e+01 1.699612e+02 3.900000e+01
      vertex   -3.655520e+01 1.697464e+02 3.900000e+01
    endloop
  endfacet
  facet normal 1.002823e-14 -4.378885e-15 -1.000000e+00
    outer loop
      vertex   -3.550770e+01 1.672774e+02 3.900000e+01
      vertex   -3.655520e+01 1.697464e+02 3.900000e+01
      vertex   -3.520191e+01 1.679777e+02 3.900000e+01
    endloop
  endfacet
  facet normal -4.679974e-15 -1.563220e-14 -1.000000e+00
    outer loop
      vertex   -3.520191e+01 1.679777e+02 3.900000e+01
      vertex   -3.655520e+01 1.697464e+02 3.900000e+01
      vertex   -3.614370e+01 1.696232e+02 3.900000e+01
    endloop
  endfacet
  facet normal 1.884463e-15 -1.187525e-14 -1.000000e+00
    outer loop
      vertex   -3.520191e+01 1.679777e+02 3.900000e+01
      vertex   -3.614370e+01 1.696232e+02 3.900000e+01
      vertex   -3.481605e+01 1.686372e+02 3.900000e+01
    endloop
  endfacet
  facet normal -9.108795e-16 -1.563920e-14 -1.000000e+00
    outer loop
      vertex   -3.481605e+01 1.686372e+02 3.900000e+01
      vertex   -3.614370e+01 1.696232e+02 3.900000e+01
      vertex   -3.571489e+01 1.695982e+02 3.900000e+01
    endloop
  endfacet
  facet normal 2.238265e-15 -1.269383e-14 -1.000000e+00
    outer loop
      vertex   -3.481605e+01 1.686372e+02 3.900000e+01
      vertex   -3.571489e+01 1.695982e+02 3.900000e+01
      vertex   -3.529187e+01 1.696728e+02 3.900000e+01
    endloop
  endfacet
  facet normal 1.129518e-14 -8.532590e-15 -1.000000e+00
    outer loop
      vertex   -3.481605e+01 1.686372e+02 3.900000e+01
      vertex   -3.529187e+01 1.696728e+02 3.900000e+01
      vertex   -3.435545e+01 1.692470e+02 3.900000e+01
    endloop
  endfacet
  facet normal 7.387182e-15 -1.712541e-14 -1.000000e+00
    outer loop
      vertex   -3.435545e+01 1.692470e+02 3.900000e+01
      vertex   -3.529187e+01 1.696728e+02 3.900000e+01
      vertex   -3.489745e+01 1.698430e+02 3.900000e+01
    endloop
  endfacet
  facet normal 1.275989e-14 -1.223959e-14 -1.000000e+00
    outer loop
      vertex   -3.435545e+01 1.692470e+02 3.900000e+01
      vertex   -3.489745e+01 1.698430e+02 3.900000e+01
      vertex   -3.382648e+01 1.697984e+02 3.900000e+01
    endloop
  endfacet
  facet normal 1.256683e-14 -1.688019e-14 -1.000000e+00
    outer loop
      vertex   -3.382648e+01 1.697984e+02 3.900000e+01
      vertex   -3.489745e+01 1.698430e+02 3.900000e+01
      vertex   -3.455291e+01 1.700995e+02 3.900000e+01
    endloop
  endfacet
  facet normal 1.451497e-14 -1.217951e-14 -1.000000e+00
    outer loop
      vertex   -3.382648e+01 1.697984e+02 3.900000e+01
      vertex   -3.455291e+01 1.700995e+02 3.900000e+01
      vertex   -3.427680e+01 1.704285e+02 3.900000e+01
    endloop
  endfacet
  facet normal 1.168660e-14 -1.420088e-14 -1.000000e+00
    outer loop
      vertex   -3.382648e+01 1.697984e+02 3.900000e+01
      vertex   -3.427680e+01 1.704285e+02 3.900000e+01
      vertex   -3.323644e+01 1.702840e+02 3.900000e+01
    endloop
  endfacet
  facet normal 1.276862e-14 -6.412644e-15 -1.000000e+00
    outer loop
      vertex   -3.323644e+01 1.702840e+02 3.900000e+01
      vertex   -3.427680e+01 1.704285e+02 3.900000e+01
      vertex   -3.408402e+01 1.708124e+02 3.900000e+01
    endloop
  endfacet
  facet normal 3.065140e-15 -2.197777e-14 -1.000000e+00
    outer loop
      vertex   -3.323644e+01 1.702840e+02 3.900000e+01
      vertex   -3.408402e+01 1.708124e+02 3.900000e+01
      vertex   -3.259349e+01 1.706970e+02 3.900000e+01
    endloop
  endfacet
  facet normal 3.388417e-15 -1.780311e-14 -1.000000e+00
    outer loop
      vertex   -3.259349e+01 1.706970e+02 3.900000e+01
      vertex   -3.408402e+01 1.708124e+02 3.900000e+01
      vertex   -3.398496e+01 1.712303e+02 3.900000e+01
    endloop
  endfacet
  facet normal 5.715501e-15 -1.173237e-14 -1.000000e+00
    outer loop
      vertex   -3.259349e+01 1.706970e+02 3.900000e+01
      vertex   -3.398496e+01 1.712303e+02 3.900000e+01
      vertex   -3.190653e+01 1.710316e+02 3.900000e+01
    endloop
  endfacet
  facet normal 6.837283e-15 0.000000e+00 -1.000000e+00
    outer loop
      vertex   -3.190653e+01 1.710316e+02 3.900000e+01
      vertex   -3.398496e+01 1.712303e+02 3.900000e+01
      vertex   -3.398496e+01 1.716599e+02 3.900000e+01
    endloop
  endfacet
  facet normal 1.829567e-15 -1.656642e-14 -1.000000e+00
    outer loop
      vertex   -3.190653e+01 1.710316e+02 3.900000e+01
      vertex   -3.398496e+01 1.716599e+02 3.900000e+01
      vertex   -3.408402e+01 1.720778e+02 3.900000e+01
    endloop
  endfacet
  facet normal 4.118131e-15 -1.180332e-14 -1.000000e+00
    outer loop
      vertex   -3.190653e+01 1.710316e+02 3.900000e+01
      vertex   -3.408402e+01 1.720778e+02 3.900000e+01
      vertex   -3.118503e+01 1.712833e+02 3.900000e+01
    endloop
  endfacet
  facet normal 8.526604e-15 4.282222e-15 -1.000000e+00
    outer loop
      vertex   -3.118503e+01 1.712833e+02 3.900000e+01
      vertex   -3.408402e+01 1.720778e+02 3.900000e+01
      vertex   -3.427680e+01 1.724617e+02 3.900000e+01
    endloop
  endfacet
  facet normal -9.510394e-15 -4.304291e-14 -1.000000e+00
    outer loop
      vertex   -3.118503e+01 1.712833e+02 3.900000e+01
      vertex   -3.427680e+01 1.724617e+02 3.900000e+01
      vertex   -3.043898e+01 1.714487e+02 3.900000e+01
    endloop
  endfacet
  facet normal 2.378169e-15 1.995521e-15 -1.000000e+00
    outer loop
      vertex   -3.043898e+01 1.714487e+02 3.900000e+01
      vertex   -3.427680e+01 1.724617e+02 3.900000e+01
      vertex   -3.455291e+01 1.727908e+02 3.900000e+01
    endloop
  endfacet
  facet normal 3.074379e-15 4.129608e-15 -1.000000e+00
    outer loop
      vertex   -3.043898e+01 1.714487e+02 3.900000e+01
      vertex   -3.455291e+01 1.727908e+02 3.900000e+01
      vertex   -3.489745e+01 1.730473e+02 3.900000e+01
    endloop
  endfacet
  facet normal 9.442554e-15 2.189030e-14 -1.000000e+00
    outer loop
      vertex   -3.489745e+01 1.730473e+02 3.900000e+01
      vertex   -3.529187e+01 1.732174e+02 3.900000e+01
      vertex   -3.043898e+01 1.714487e+02 3.900000e+01
    endloop
  endfacet
  facet normal 0.000000e+00 -4.017227e-15 -1.000000e+00
    outer loop
      vertex   -3.043898e+01 1.714487e+02 3.900000e+01
      vertex   -3.529187e+01 1.732174e+02 3.900000e+01
      vertex   2.003707e+01 1.714487e+02 3.900000e+01
    endloop
  endfacet
  facet normal -5.124849e-18 -4.177540e-15 -1.000000e+00
    outer loop
      vertex   2.003707e+01 1.714487e+02 3.900000e+01
      vertex   -3.529187e+01 1.732174e+02 3.900000e+01
      vertex   2.468780e+01 1.731438e+02 3.900000e+01
    endloop
  endfacet
  facet normal -4.144009e-15 7.177634e-15 -1.000000e+00
    outer loop
      vertex   2.003707e+01 1.714487e+02 3.900000e+01
      vertex   2.468780e+01 1.731438e+02 3.900000e+01
      vertex   2.431580e+01 1.729290e+02 3.900000e+01
    endloop
  endfacet
  facet normal 1.205620e-15 6.837409e-15 -1.000000e+00
    outer loop
      vertex   -3.571489e+01 1.732920e+02 3.900000e+01
      vertex   -3.921675e+01 1.749487e+02 3.900000e+01
      vertex   -3.529187e+01 1.732174e+02 3.900000e+01
    endloop
  endfacet
  facet normal 1.715414e-30 4.104193e-15 -1.000000e+00
    outer loop
      vertex   -3.529187e+01 1.732174e+02 3.900000e+01
      vertex   -3.921675e+01 1.749487e+02 3.900000e+01
      vertex   2.878325e+01 1.749487e+02 3.900000e+01
    endloop
  endfacet
  facet normal 4.816198e-18 3.925942e-15 -1.000000e+00
    outer loop
      vertex   -3.529187e+01 1.732174e+02 3.900000e+01
      vertex   2.878325e+01 1.749487e+02 3.900000e+01
      vertex   2.468780e+01 1.731438e+02 3.900000e+01
    endloop
  endfacet
  facet normal -3.675598e-15 1.227735e-14 -1.000000e+00
    outer loop
      vertex   2.468780e+01 1.731438e+02 3.900000e+01
      vertex   2.878325e+01 1.749487e+02 3.900000e+01
      vertex   2.509930e+01 1.732670e+02 3.900000e+01
    endloop
  endfacet
  facet normal -2.820867e-16 4.843242e-15 -1.000000e+00
    outer loop
      vertex   2.509930e+01 1.732670e+02 3.900000e+01
      vertex   2.878325e+01 1.749487e+02 3.900000e+01
      vertex   2.552811e+01 1.732920e+02 3.900000e+01
    endloop
  endfacet
  facet normal 5.616677e-16 3.185376e-15 -1.000000e+00
    outer loop
      vertex   2.552811e+01 1.732920e+02 3.900000e+01
      vertex   2.878325e+01 1.749487e+02 3.900000e+01
      vertex   2.595113e+01 1.732174e+02 3.900000e+01
    endloop
  endfacet
  facet normal 1.037950e-15 2.406239e-15 -1.000000e+00
    outer loop
      vertex   2.595113e+01 1.732174e+02 3.900000e+01
      vertex   2.878325e+01 1.749487e+02 3.900000e+01
      vertex   2.634555e+01 1.730473e+02 3.900000e+01
    endloop
  endfacet
  facet normal 1.637534e-15 1.637534e-15 -1.000000e+00
    outer loop
      vertex   2.634555e+01 1.730473e+02 3.900000e+01
      vertex   2.878325e+01 1.749487e+02 3.900000e+01
      vertex   2.978325e+01 1.739487e+02 3.900000e+01
    endloop
  endfacet
  facet normal 1.528545e-15 2.053192e-15 -1.000000e+00
    outer loop
      vertex   2.634555e+01 1.730473e+02 3.900000e+01
      vertex   2.978325e+01 1.739487e+02 3.900000e+01
      vertex   2.669009e+01 1.727908e+02 3.900000e+01
    endloop
  endfacet
  facet normal 1.748058e-15 1.466795e-15 -1.000000e+00
    outer loop
      vertex   2.669009e+01 1.727908e+02 3.900000e+01
      vertex   2.978325e+01 1.739487e+02 3.900000e+01
      vertex   2.696620e+01 1.724617e+02 3.900000e+01
    endloop
  endfacet
  facet normal 1.993762e-15 1.001305e-15 -1.000000e+00
    outer loop
      vertex   2.696620e+01 1.724617e+02 3.900000e+01
      vertex   2.978325e+01 1.739487e+02 3.900000e+01
      vertex   2.715898e+01 1.720778e+02 3.900000e+01
    endloop
  endfacet
  facet normal 1.268364e-14 -1.399396e-14 -1.000000e+00
    outer loop
      vertex   2.715898e+01 1.720778e+02 3.900000e+01
      vertex   2.978325e+01 1.739487e+02 3.900000e+01
      vertex   2.725804e+01 1.716599e+02 3.900000e+01
    endloop
  endfacet
  facet normal 0.000000e+00 0.000000e+00 -1.000000e+00
    outer loop
      vertex   2.725804e+01 1.716599e+02 3.900000e+01
      vertex   2.978325e+01 1.739487e+02 3.900000e+01
      vertex   2.725804e+01 1.712303e+02 3.900000e+01
    endloop
  endfacet
  facet normal 2.456794e-14 -2.282275e-14 -1.000000e+00
    outer loop
      vertex   2.725804e+01 1.712303e+02 3.900000e+01
      vertex   2.978325e+01 1.739487e+02 3.900000e+01
      vertex   2.715898e+01 1.708124e+02 3.900000e+01
    endloop
  endfacet
  facet normal -6.772375e-15 3.401214e-15 -1.000000e+00
    outer loop
      vertex   2.715898e+01 1.708124e+02 3.900000e+01
      vertex   2.978325e+01 1.739487e+02 3.900000e+01
      vertex   2.696620e+01 1.704285e+02 3.900000e+01
    endloop
  endfacet
  facet normal 6.128836e-15 -6.923232e-15 -1.000000e+00
    outer loop
      vertex   2.696620e+01 1.704285e+02 3.900000e+01
      vertex   2.978325e+01 1.739487e+02 3.900000e+01
      vertex   2.550633e+01 1.650309e+02 3.900000e+01
    endloop
  endfacet
  facet normal -1.598799e-14 -9.414120e-16 -1.000000e+00
    outer loop
      vertex   2.696620e+01 1.704285e+02 3.900000e+01
      vertex   2.550633e+01 1.650309e+02 3.900000e+01
      vertex   2.546142e+01 1.657937e+02 3.900000e+01
    endloop
  endfacet
  facet normal -2.224213e-16 3.818826e-15 -1.000000e+00
    outer loop
      vertex   -3.571489e+01 1.732920e+02 3.900000e+01
      vertex   -3.614370e+01 1.732670e+02 3.900000e+01
      vertex   -3.921675e+01 1.749487e+02 3.900000e+01
    endloop
  endfacet
  facet normal -8.176429e-16 2.731118e-15 -1.000000e+00
    outer loop
      vertex   -3.921675e+01 1.749487e+02 3.900000e+01
      vertex   -3.614370e+01 1.732670e+02 3.900000e+01
      vertex   -3.655520e+01 1.731438e+02 3.900000e+01
    endloop
  endfacet
  facet normal -1.227694e-15 2.126428e-15 -1.000000e+00
    outer loop
      vertex   -3.921675e+01 1.749487e+02 3.900000e+01
      vertex   -3.655520e+01 1.731438e+02 3.900000e+01
      vertex   -3.692720e+01 1.729290e+02 3.900000e+01
    endloop
  endfacet
  facet normal -1.648912e-15 1.648912e-15 -1.000000e+00
    outer loop
      vertex   -3.921675e+01 1.749487e+02 3.900000e+01
      vertex   -3.692720e+01 1.729290e+02 3.900000e+01
      vertex   -4.021675e+01 1.739487e+02 3.900000e+01
    endloop
  endfacet
  facet normal -1.625853e-15 1.723304e-15 -1.000000e+00
    outer loop
      vertex   -4.021675e+01 1.739487e+02 3.900000e+01
      vertex   -3.692720e+01 1.729290e+02 3.900000e+01
      vertex   -3.723964e+01 1.726343e+02 3.900000e+01
    endloop
  endfacet
  facet normal -1.849604e-15 1.216504e-15 -1.000000e+00
    outer loop
      vertex   -4.021675e+01 1.739487e+02 3.900000e+01
      vertex   -3.723964e+01 1.726343e+02 3.900000e+01
      vertex   -3.747567e+01 1.722754e+02 3.900000e+01
    endloop
  endfacet
  facet normal -1.091331e-14 -1.363130e-14 -1.000000e+00
    outer loop
      vertex   -3.747567e+01 1.722754e+02 3.900000e+01
      vertex   -3.762259e+01 1.718718e+02 3.900000e+01
      vertex   -4.021675e+01 1.739487e+02 3.900000e+01
    endloop
  endfacet
  facet normal -3.200732e-15 -3.741120e-16 -1.000000e+00
    outer loop
      vertex   2.362041e+01 1.320457e+02 3.900000e+01
      vertex   2.131126e+01 1.328089e+02 3.900000e+01
      vertex   2.357055e+01 1.324723e+02 3.900000e+01
    endloop
  endfacet
  facet normal -2.362810e-15 5.249948e-15 -1.000000e+00
    outer loop
      vertex   2.357055e+01 1.324723e+02 3.900000e+01
      vertex   2.131126e+01 1.328089e+02 3.900000e+01
      vertex   2.202703e+01 1.331310e+02 3.900000e+01
    endloop
  endfacet
  facet normal -4.384687e-15 5.124964e-16 -1.000000e+00
    outer loop
      vertex   2.357055e+01 1.324723e+02 3.900000e+01
      vertex   2.202703e+01 1.331310e+02 3.900000e+01
      vertex   2.362041e+01 1.328989e+02 3.900000e+01
    endloop
  endfacet
  facet normal -5.647448e-15 -8.156057e-15 -1.000000e+00
    outer loop
      vertex   2.362041e+01 1.328989e+02 3.900000e+01
      vertex   2.202703e+01 1.331310e+02 3.900000e+01
      vertex   2.269875e+01 1.335371e+02 3.900000e+01
    endloop
  endfacet
  facet normal -9.735473e-15 -1.405999e-14 -1.000000e+00
    outer loop
      vertex   2.362041e+01 1.328989e+02 3.900000e+01
      vertex   2.269875e+01 1.335371e+02 3.900000e+01
      vertex   2.376733e+01 1.333026e+02 3.900000e+01
    endloop
  endfacet
  facet normal -5.194252e-15 6.629973e-15 -1.000000e+00
    outer loop
      vertex   2.376733e+01 1.333026e+02 3.900000e+01
      vertex   2.269875e+01 1.335371e+02 3.900000e+01
      vertex   2.331663e+01 1.340212e+02 3.900000e+01
    endloop
  endfacet
  facet normal -7.695382e-15 5.061332e-15 -1.000000e+00
    outer loop
      vertex   2.376733e+01 1.333026e+02 3.900000e+01
      vertex   2.331663e+01 1.340212e+02 3.900000e+01
      vertex   2.400336e+01 1.336615e+02 3.900000e+01
    endloop
  endfacet
  facet normal -6.652819e-15 7.051576e-15 -1.000000e+00
    outer loop
      vertex   2.400336e+01 1.336615e+02 3.900000e+01
      vertex   2.331663e+01 1.340212e+02 3.900000e+01
      vertex   2.431580e+01 1.339562e+02 3.900000e+01
    endloop
  endfacet
  facet normal -7.458730e-15 -5.343321e-15 -1.000000e+00
    outer loop
      vertex   2.431580e+01 1.339562e+02 3.900000e+01
      vertex   2.331663e+01 1.340212e+02 3.900000e+01
      vertex   2.387165e+01 1.345762e+02 3.900000e+01
    endloop
  endfacet
  facet normal 0.000000e+00 0.000000e+00 -1.000000e+00
    outer loop
      vertex   2.431580e+01 1.339562e+02 3.900000e+01
      vertex   2.387165e+01 1.345762e+02 3.900000e+01
      vertex   2.468780e+01 1.341710e+02 3.900000e+01
    endloop
  endfacet
  facet normal 0.000000e+00 0.000000e+00 -1.000000e+00
    outer loop
      vertex   2.468780e+01 1.341710e+02 3.900000e+01
      vertex   2.387165e+01 1.345762e+02 3.900000e+01
      vertex   2.509930e+01 1.342942e+02 3.900000e+01
    endloop
  endfacet
  facet normal 0.000000e+00 0.000000e+00 -1.000000e+00
    outer loop
      vertex   2.509930e+01 1.342942e+02 3.900000e+01
      vertex   2.387165e+01 1.345762e+02 3.900000e+01
      vertex   2.435573e+01 1.351941e+02 3.900000e+01
    endloop
  endfacet
  facet normal 0.000000e+00 0.000000e+00 -1.000000e+00
    outer loop
      vertex   2.509930e+01 1.342942e+02 3.900000e+01
      vertex   2.435573e+01 1.351941e+02 3.900000e+01
      vertex   2.552811e+01 1.343192e+02 3.900000e+01
    endloop
  endfacet
  facet normal 0.000000e+00 0.000000e+00 -1.000000e+00
    outer loop
      vertex   2.552811e+01 1.343192e+02 3.900000e+01
      vertex   2.435573e+01 1.351941e+02 3.900000e+01
      vertex   2.476180e+01 1.358658e+02 3.900000e+01
    endloop
  endfacet
  facet normal 0.000000e+00 0.000000e+00 -1.000000e+00
    outer loop
      vertex   2.552811e+01 1.343192e+02 3.900000e+01
      vertex   2.476180e+01 1.358658e+02 3.900000e+01
      vertex   2.595113e+01 1.342446e+02 3.900000e+01
    endloop
  endfacet
  facet normal 0.000000e+00 0.000000e+00 -1.000000e+00
    outer loop
      vertex   2.595113e+01 1.342446e+02 3.900000e+01
      vertex   2.476180e+01 1.358658e+02 3.900000e+01
      vertex   2.508394e+01 1.365816e+02 3.900000e+01
    endloop
  endfacet
  facet normal 0.000000e+00 0.000000e+00 -1.000000e+00
    outer loop
      vertex   2.595113e+01 1.342446e+02 3.900000e+01
      vertex   2.508394e+01 1.365816e+02 3.900000e+01
      vertex   2.634555e+01 1.340744e+02 3.900000e+01
    endloop
  endfacet
  facet normal -1.163661e-14 -5.855627e-15 -1.000000e+00
    outer loop
      vertex   2.634555e+01 1.340744e+02 3.900000e+01
      vertex   2.508394e+01 1.365816e+02 3.900000e+01
      vertex   2.531745e+01 1.373310e+02 3.900000e+01
    endloop
  endfacet
  facet normal -2.123453e-15 -2.852292e-15 -1.000000e+00
    outer loop
      vertex   2.634555e+01 1.340744e+02 3.900000e+01
      vertex   2.531745e+01 1.373310e+02 3.900000e+01
      vertex   2.669009e+01 1.338179e+02 3.900000e+01
    endloop
  endfacet
  facet normal 3.523777e-15 -6.457561e-16 -1.000000e+00
    outer loop
      vertex   2.669009e+01 1.338179e+02 3.900000e+01
      vertex   2.531745e+01 1.373310e+02 3.900000e+01
      vertex   2.545894e+01 1.381030e+02 3.900000e+01
    endloop
  endfacet
  facet normal -3.005096e-15 -2.521575e-15 -1.000000e+00
    outer loop
      vertex   2.669009e+01 1.338179e+02 3.900000e+01
      vertex   2.545894e+01 1.381030e+02 3.900000e+01
      vertex   2.696620e+01 1.334889e+02 3.900000e+01
    endloop
  endfacet
  facet normal -1.944733e-14 -7.892616e-15 -1.000000e+00
    outer loop
      vertex   2.696620e+01 1.334889e+02 3.900000e+01
      vertex   2.545894e+01 1.381030e+02 3.900000e+01
      vertex   2.550633e+01 1.388865e+02 3.900000e+01
    endloop
  endfacet
  facet normal 3.111388e-15 -1.791279e-15 -1.000000e+00
    outer loop
      vertex   2.696620e+01 1.334889e+02 3.900000e+01
      vertex   2.550633e+01 1.388865e+02 3.900000e+01
      vertex   2.978325e+01 1.304487e+02 3.900000e+01
    endloop
  endfacet
  facet normal 2.111796e-16 -3.261316e-15 -1.000000e+00
    outer loop
      vertex   2.978325e+01 1.304487e+02 3.900000e+01
      vertex   2.550633e+01 1.388865e+02 3.900000e+01
      vertex   2.550633e+01 1.650309e+02 3.900000e+01
    endloop
  endfacet
  facet normal -1.154428e-15 -3.430206e-15 -1.000000e+00
    outer loop
      vertex   2.978325e+01 1.304487e+02 3.900000e+01
      vertex   2.550633e+01 1.650309e+02 3.900000e+01
      vertex   2.978325e+01 1.739487e+02 3.900000e+01
    endloop
  endfacet
  facet normal -1.493209e-15 4.791875e-15 -1.000000e+00
    outer loop
      vertex   2.131126e+01 1.328089e+02 3.900000e+01
      vertex   2.362041e+01 1.320457e+02 3.900000e+01
      vertex   2.056188e+01 1.325754e+02 3.900000e+01
    endloop
  endfacet
  facet normal -5.733460e-15 -1.969022e-14 -1.000000e+00
    outer loop
      vertex   2.056188e+01 1.325754e+02 3.900000e+01
      vertex   2.362041e+01 1.320457e+02 3.900000e+01
      vertex   2.376733e+01 1.316420e+02 3.900000e+01
    endloop
  endfacet
  facet normal 0.000000e+00 0.000000e+00 -1.000000e+00
    outer loop
      vertex   2.056188e+01 1.325754e+02 3.900000e+01
      vertex   2.376733e+01 1.316420e+02 3.900000e+01
      vertex   2.400336e+01 1.312831e+02 3.900000e+01
    endloop
  endfacet
  facet normal 0.000000e+00 -0.000000e+00 -1.000000e+00
    outer loop
      vertex   2.056188e+01 1.325754e+02 3.900000e+01
      vertex   2.400336e+01 1.312831e+02 3.900000e+01
      vertex   1.978982e+01 1.324339e+02 3.900000e+01
    endloop
  endfacet
  facet normal 0.000000e+00 0.000000e+00 -1.000000e+00
    outer loop
      vertex   1.978982e+01 1.324339e+02 3.900000e+01
      vertex   2.400336e+01 1.312831e+02 3.900000e+01
      vertex   2.431580e+01 1.309884e+02 3.900000e+01
    endloop
  endfacet
  facet normal 7.624878e-15 2.387357e-14 -1.000000e+00
    outer loop
      vertex   1.978982e+01 1.324339e+02 3.900000e+01
      vertex   2.431580e+01 1.309884e+02 3.900000e+01
      vertex   1.900633e+01 1.323865e+02 3.900000e+01
    endloop
  endfacet
  facet normal 2.460483e-15 4.261682e-15 -1.000000e+00
    outer loop
      vertex   1.900633e+01 1.323865e+02 3.900000e+01
      vertex   2.431580e+01 1.309884e+02 3.900000e+01
      vertex   2.468780e+01 1.307736e+02 3.900000e+01
    endloop
  endfacet
  facet normal -2.178485e-15 -1.207902e-14 -1.000000e+00
    outer loop
      vertex   1.900633e+01 1.323865e+02 3.900000e+01
      vertex   2.468780e+01 1.307736e+02 3.900000e+01
      vertex   2.828325e+01 1.289487e+02 3.900000e+01
    endloop
  endfacet
  facet normal -5.683725e-15 -1.898496e-14 -1.000000e+00
    outer loop
      vertex   2.828325e+01 1.289487e+02 3.900000e+01
      vertex   2.468780e+01 1.307736e+02 3.900000e+01
      vertex   2.509930e+01 1.306504e+02 3.900000e+01
    endloop
  endfacet
  facet normal -5.458597e-16 -9.372049e-15 -1.000000e+00
    outer loop
      vertex   2.828325e+01 1.289487e+02 3.900000e+01
      vertex   2.509930e+01 1.306504e+02 3.900000e+01
      vertex   2.552811e+01 1.306254e+02 3.900000e+01
    endloop
  endfacet
  facet normal 1.158691e-15 -6.571263e-15 -1.000000e+00
    outer loop
      vertex   2.552811e+01 1.306254e+02 3.900000e+01
      vertex   2.595113e+01 1.307000e+02 3.900000e+01
      vertex   2.828325e+01 1.289487e+02 3.900000e+01
    endloop
  endfacet
  facet normal 2.223145e-15 -5.153829e-15 -1.000000e+00
    outer loop
      vertex   2.828325e+01 1.289487e+02 3.900000e+01
      vertex   2.595113e+01 1.307000e+02 3.900000e+01
      vertex   2.634555e+01 1.308701e+02 3.900000e+01
    endloop
  endfacet
  facet normal 3.144884e-15 -4.224312e-15 -1.000000e+00
    outer loop
      vertex   2.828325e+01 1.289487e+02 3.900000e+01
      vertex   2.634555e+01 1.308701e+02 3.900000e+01
      vertex   2.669009e+01 1.311267e+02 3.900000e+01
    endloop
  endfacet
  facet normal -1.703269e-15 -7.770634e-15 -1.000000e+00
    outer loop
      vertex   2.828325e+01 1.289487e+02 3.900000e+01
      vertex   2.669009e+01 1.311267e+02 3.900000e+01
      vertex   2.978325e+01 1.304487e+02 3.900000e+01
    endloop
  endfacet
  facet normal 0.000000e+00 0.000000e+00 -1.000000e+00
    outer loop
      vertex   2.978325e+01 1.304487e+02 3.900000e+01
      vertex   2.669009e+01 1.311267e+02 3.900000e+01
      vertex   2.696620e+01 1.314557e+02 3.900000e+01
    endloop
  endfacet
  facet normal 0.000000e+00 0.000000e+00 -1.000000e+00
    outer loop
      vertex   2.978325e+01 1.304487e+02 3.900000e+01
      vertex   2.696620e+01 1.314557e+02 3.900000e+01
      vertex   2.715898e+01 1.318396e+02 3.900000e+01
    endloop
  endfacet
  facet normal -8.004738e-15 -1.510288e-14 -1.000000e+00
    outer loop
      vertex   2.715898e+01 1.318396e+02 3.900000e+01
      vertex   2.725804e+01 1.322575e+02 3.900000e+01
      vertex   2.978325e+01 1.304487e+02 3.900000e+01
    endloop
  endfacet
  facet normal 2.813789e-15 0.000000e+00 -1.000000e+00
    outer loop
      vertex   2.978325e+01 1.304487e+02 3.900000e+01
      vertex   2.725804e+01 1.322575e+02 3.900000e+01
      vertex   2.725804e+01 1.326871e+02 3.900000e+01
    endloop
  endfacet
  facet normal -1.551492e-14 -2.067714e-14 -1.000000e+00
    outer loop
      vertex   2.978325e+01 1.304487e+02 3.900000e+01
      vertex   2.725804e+01 1.326871e+02 3.900000e+01
      vertex   2.715898e+01 1.331050e+02 3.900000e+01
    endloop
  endfacet
  facet normal 1.101452e-14 5.531698e-15 -1.000000e+00
    outer loop
      vertex   2.715898e+01 1.331050e+02 3.900000e+01
      vertex   2.696620e+01 1.334889e+02 3.900000e+01
      vertex   2.978325e+01 1.304487e+02 3.900000e+01
    endloop
  endfacet
  facet normal -9.236774e-15 1.079624e-15 -1.000000e+00
    outer loop
      vertex   -3.762259e+01 1.328989e+02 3.900000e+01
      vertex   -3.767245e+01 1.324723e+02 3.900000e+01
      vertex   -4.021675e+01 1.304487e+02 3.900000e+01
    endloop
  endfacet
  facet normal -7.665461e-15 -8.959639e-16 -1.000000e+00
    outer loop
      vertex   -4.021675e+01 1.304487e+02 3.900000e+01
      vertex   -3.767245e+01 1.324723e+02 3.900000e+01
      vertex   -3.762259e+01 1.320457e+02 3.900000e+01
    endloop
  endfacet
  facet normal 2.140313e-15 -1.682441e-14 -1.000000e+00
    outer loop
      vertex   -4.021675e+01 1.304487e+02 3.900000e+01
      vertex   -3.762259e+01 1.320457e+02 3.900000e+01
      vertex   -3.747567e+01 1.316420e+02 3.900000e+01
    endloop
  endfacet
  facet normal -4.030352e-15 -2.650804e-15 -1.000000e+00
    outer loop
      vertex   -3.747567e+01 1.316420e+02 3.900000e+01
      vertex   -3.723964e+01 1.312831e+02 3.900000e+01
      vertex   -4.021675e+01 1.304487e+02 3.900000e+01
    endloop
  endfacet
  facet normal -3.680033e-15 -3.900607e-15 -1.000000e+00
    outer loop
      vertex   -4.021675e+01 1.304487e+02 3.900000e+01
      vertex   -3.723964e+01 1.312831e+02 3.900000e+01
      vertex   -3.692720e+01 1.309884e+02 3.900000e+01
    endloop
  endfacet
  facet normal -3.711122e-15 -3.711122e-15 -1.000000e+00
    outer loop
      vertex   -4.021675e+01 1.304487e+02 3.900000e+01
      vertex   -3.692720e+01 1.309884e+02 3.900000e+01
      vertex   -3.871675e+01 1.289487e+02 3.900000e+01
    endloop
  endfacet
  facet normal -2.669991e-15 -4.624561e-15 -1.000000e+00
    outer loop
      vertex   -3.871675e+01 1.289487e+02 3.900000e+01
      vertex   -3.692720e+01 1.309884e+02 3.900000e+01
      vertex   -3.655520e+01 1.307736e+02 3.900000e+01
    endloop
  endfacet
  facet normal -1.721011e-15 -5.748577e-15 -1.000000e+00
    outer loop
      vertex   -3.871675e+01 1.289487e+02 3.900000e+01
      vertex   -3.655520e+01 1.307736e+02 3.900000e+01
      vertex   -3.614370e+01 1.306504e+02 3.900000e+01
    endloop
  endfacet
  facet normal -4.470102e-16 -7.674868e-15 -1.000000e+00
    outer loop
      vertex   -3.614370e+01 1.306504e+02 3.900000e+01
      vertex   -3.571489e+01 1.306254e+02 3.900000e+01
      vertex   -3.871675e+01 1.289487e+02 3.900000e+01
    endloop
  endfacet
  facet normal 2.183740e-15 -1.238460e-14 -1.000000e+00
    outer loop
      vertex   -3.871675e+01 1.289487e+02 3.900000e+01
      vertex   -3.571489e+01 1.306254e+02 3.900000e+01
      vertex   -3.529187e+01 1.307000e+02 3.900000e+01
    endloop
  endfacet
  facet normal 2.544516e-15 -1.309012e-14 -1.000000e+00
    outer loop
      vertex   -3.871675e+01 1.289487e+02 3.900000e+01
      vertex   -3.529187e+01 1.307000e+02 3.900000e+01
      vertex   -2.940824e+01 1.323865e+02 3.900000e+01
    endloop
  endfacet
  facet normal -3.599699e-15 8.345041e-15 -1.000000e+00
    outer loop
      vertex   -2.940824e+01 1.323865e+02 3.900000e+01
      vertex   -3.529187e+01 1.307000e+02 3.900000e+01
      vertex   -3.489745e+01 1.308701e+02 3.900000e+01
    endloop
  endfacet
  facet normal -2.058120e-15 2.764534e-15 -1.000000e+00
    outer loop
      vertex   -2.940824e+01 1.323865e+02 3.900000e+01
      vertex   -3.489745e+01 1.308701e+02 3.900000e+01
      vertex   -3.455291e+01 1.311267e+02 3.900000e+01
    endloop
  endfacet
  facet normal -7.546149e-15 2.517512e-14 -1.000000e+00
    outer loop
      vertex   -2.940824e+01 1.323865e+02 3.900000e+01
      vertex   -3.455291e+01 1.311267e+02 3.900000e+01
      vertex   -3.019173e+01 1.324339e+02 3.900000e+01
    endloop
  endfacet
  facet normal 0.000000e+00 0.000000e+00 -1.000000e+00
    outer loop
      vertex   -3.019173e+01 1.324339e+02 3.900000e+01
      vertex   -3.455291e+01 1.311267e+02 3.900000e+01
      vertex   -3.427680e+01 1.314557e+02 3.900000e+01
    endloop
  endfacet
  facet normal -0.000000e+00 0.000000e+00 -1.000000e+00
    outer loop
      vertex   -3.019173e+01 1.324339e+02 3.900000e+01
      vertex   -3.427680e+01 1.314557e+02 3.900000e+01
      vertex   -3.096379e+01 1.325754e+02 3.900000e+01
    endloop
  endfacet
  facet normal 0.000000e+00 0.000000e+00 -1.000000e+00
    outer loop
      vertex   -3.096379e+01 1.325754e+02 3.900000e+01
      vertex   -3.427680e+01 1.314557e+02 3.900000e+01
      vertex   -3.408402e+01 1.318396e+02 3.900000e+01
    endloop
  endfacet
  facet normal -0.000000e+00 0.000000e+00 -1.000000e+00
    outer loop
      vertex   -3.096379e+01 1.325754e+02 3.900000e+01
      vertex   -3.408402e+01 1.318396e+02 3.900000e+01
      vertex   -3.171317e+01 1.328089e+02 3.900000e+01
    endloop
  endfacet
  facet normal 7.696426e-15 -1.882412e-14 -1.000000e+00
    outer loop
      vertex   -3.171317e+01 1.328089e+02 3.900000e+01
      vertex   -3.408402e+01 1.318396e+02 3.900000e+01
      vertex   -3.398496e+01 1.322575e+02 3.900000e+01
    endloop
  endfacet
  facet normal 2.031918e-15 4.514736e-15 -1.000000e+00
    outer loop
      vertex   -3.171317e+01 1.328089e+02 3.900000e+01
      vertex   -3.398496e+01 1.322575e+02 3.900000e+01
      vertex   -3.242894e+01 1.331310e+02 3.900000e+01
    endloop
  endfacet
  facet normal 4.566406e-15 0.000000e+00 -1.000000e+00
    outer loop
      vertex   -3.242894e+01 1.331310e+02 3.900000e+01
      vertex   -3.398496e+01 1.322575e+02 3.900000e+01
      vertex   -3.398496e+01 1.326871e+02 3.900000e+01
    endloop
  endfacet
  facet normal 8.820522e-15 -1.490954e-14 -1.000000e+00
    outer loop
      vertex   -3.242894e+01 1.331310e+02 3.900000e+01
      vertex   -3.398496e+01 1.326871e+02 3.900000e+01
      vertex   -3.408402e+01 1.331050e+02 3.900000e+01
    endloop
  endfacet
  facet normal 8.636666e-15 -3.211286e-15 -1.000000e+00
    outer loop
      vertex   -3.242894e+01 1.331310e+02 3.900000e+01
      vertex   -3.408402e+01 1.331050e+02 3.900000e+01
      vertex   -3.310066e+01 1.335371e+02 3.900000e+01
    endloop
  endfacet
  facet normal 5.919410e-15 2.972840e-15 -1.000000e+00
    outer loop
      vertex   -3.310066e+01 1.335371e+02 3.900000e+01
      vertex   -3.408402e+01 1.331050e+02 3.900000e+01
      vertex   -3.427680e+01 1.334889e+02 3.900000e+01
    endloop
  endfacet
  facet normal 5.740844e-15 7.327647e-15 -1.000000e+00
    outer loop
      vertex   -3.310066e+01 1.335371e+02 3.900000e+01
      vertex   -3.427680e+01 1.334889e+02 3.900000e+01
      vertex   -3.371854e+01 1.340212e+02 3.900000e+01
    endloop
  endfacet
  facet normal 7.070652e-15 5.932981e-15 -1.000000e+00
    outer loop
      vertex   -3.371854e+01 1.340212e+02 3.900000e+01
      vertex   -3.427680e+01 1.334889e+02 3.900000e+01
      vertex   -3.455291e+01 1.338179e+02 3.900000e+01
    endloop
  endfacet
  facet normal 9.355506e-15 -3.446545e-15 -1.000000e+00
    outer loop
      vertex   -3.371854e+01 1.340212e+02 3.900000e+01
      vertex   -3.455291e+01 1.338179e+02 3.900000e+01
      vertex   -3.427356e+01 1.345762e+02 3.900000e+01
    endloop
  endfacet
  facet normal 0.000000e+00 0.000000e+00 -1.000000e+00
    outer loop
      vertex   -3.427356e+01 1.345762e+02 3.900000e+01
      vertex   -3.455291e+01 1.338179e+02 3.900000e+01
      vertex   -3.489745e+01 1.340744e+02 3.900000e+01
    endloop
  endfacet
  facet normal 0.000000e+00 0.000000e+00 -1.000000e+00
    outer loop
      vertex   -3.427356e+01 1.345762e+02 3.900000e+01
      vertex   -3.489745e+01 1.340744e+02 3.900000e+01
      vertex   -3.529187e+01 1.342446e+02 3.900000e+01
    endloop
  endfacet
  facet normal -0.000000e+00 0.000000e+00 -1.000000e+00
    outer loop
      vertex   -3.427356e+01 1.345762e+02 3.900000e+01
      vertex   -3.529187e+01 1.342446e+02 3.900000e+01
      vertex   -3.475764e+01 1.351941e+02 3.900000e+01
    endloop
  endfacet
  facet normal 0.000000e+00 0.000000e+00 -1.000000e+00
    outer loop
      vertex   -3.475764e+01 1.351941e+02 3.900000e+01
      vertex   -3.529187e+01 1.342446e+02 3.900000e+01
      vertex   -3.571489e+01 1.343192e+02 3.900000e+01
    endloop
  endfacet
  facet normal 0.000000e+00 0.000000e+00 -1.000000e+00
    outer loop
      vertex   -3.475764e+01 1.351941e+02 3.900000e+01
      vertex   -3.571489e+01 1.343192e+02 3.900000e+01
      vertex   -3.614370e+01 1.342942e+02 3.900000e+01
    endloop
  endfacet
  facet normal -0.000000e+00 0.000000e+00 -1.000000e+00
    outer loop
      vertex   -3.475764e+01 1.351941e+02 3.900000e+01
      vertex   -3.614370e+01 1.342942e+02 3.900000e+01
      vertex   -3.516370e+01 1.358658e+02 3.900000e+01
    endloop
  endfacet
  facet normal 0.000000e+00 0.000000e+00 -1.000000e+00
    outer loop
      vertex   -3.516370e+01 1.358658e+02 3.900000e+01
      vertex   -3.614370e+01 1.342942e+02 3.900000e+01
      vertex   -3.655520e+01 1.341710e+02 3.900000e+01
    endloop
  endfacet
  facet normal -0.000000e+00 0.000000e+00 -1.000000e+00
    outer loop
      vertex   -3.516370e+01 1.358658e+02 3.900000e+01
      vertex   -3.655520e+01 1.341710e+02 3.900000e+01
      vertex   -3.548585e+01 1.365816e+02 3.900000e+01
    endloop
  endfacet
  facet normal 0.000000e+00 0.000000e+00 -1.000000e+00
    outer loop
      vertex   -3.548585e+01 1.365816e+02 3.900000e+01
      vertex   -3.655520e+01 1.341710e+02 3.900000e+01
      vertex   -3.692720e+01 1.339562e+02 3.900000e+01
    endloop
  endfacet
  facet normal 1.101728e-14 -6.048620e-15 -1.000000e+00
    outer loop
      vertex   -3.548585e+01 1.365816e+02 3.900000e+01
      vertex   -3.692720e+01 1.339562e+02 3.900000e+01
      vertex   -3.571936e+01 1.373310e+02 3.900000e+01
    endloop
  endfacet
  facet normal 2.999116e-15 -3.178877e-15 -1.000000e+00
    outer loop
      vertex   -3.571936e+01 1.373310e+02 3.900000e+01
      vertex   -3.692720e+01 1.339562e+02 3.900000e+01
      vertex   -3.723964e+01 1.336615e+02 3.900000e+01
    endloop
  endfacet
  facet normal -3.240440e-15 -5.938326e-16 -1.000000e+00
    outer loop
      vertex   -3.571936e+01 1.373310e+02 3.900000e+01
      vertex   -3.723964e+01 1.336615e+02 3.900000e+01
      vertex   -3.586085e+01 1.381030e+02 3.900000e+01
    endloop
  endfacet
  facet normal 2.013713e-14 -7.850891e-15 -1.000000e+00
    outer loop
      vertex   -3.586085e+01 1.381030e+02 3.900000e+01
      vertex   -3.723964e+01 1.336615e+02 3.900000e+01
      vertex   -3.590824e+01 1.388865e+02 3.900000e+01
    endloop
  endfacet
  facet normal 6.750429e-15 -4.439827e-15 -1.000000e+00
    outer loop
      vertex   -3.590824e+01 1.388865e+02 3.900000e+01
      vertex   -3.723964e+01 1.336615e+02 3.900000e+01
      vertex   -3.747567e+01 1.333026e+02 3.900000e+01
    endloop
  endfacet
  facet normal -1.090670e-14 5.166034e-16 -1.000000e+00
    outer loop
      vertex   -3.590824e+01 1.388865e+02 3.900000e+01
      vertex   -3.747567e+01 1.333026e+02 3.900000e+01
      vertex   -4.021675e+01 1.304487e+02 3.900000e+01
    endloop
  endfacet
  facet normal 1.281597e-14 -2.226805e-14 -1.000000e+00
    outer loop
      vertex   -4.021675e+01 1.304487e+02 3.900000e+01
      vertex   -3.747567e+01 1.333026e+02 3.900000e+01
      vertex   -3.762259e+01 1.328989e+02 3.900000e+01
    endloop
  endfacet
  facet normal -9.690938e-15 -1.132708e-15 -1.000000e+00
    outer loop
      vertex   2.362041e+01 1.710185e+02 3.900000e+01
      vertex   2.219159e+01 1.706970e+02 3.900000e+01
      vertex   2.357055e+01 1.714451e+02 3.900000e+01
    endloop
  endfacet
  facet normal -4.875530e-15 -1.000814e-14 -1.000000e+00
    outer loop
      vertex   2.357055e+01 1.714451e+02 3.900000e+01
      vertex   2.219159e+01 1.706970e+02 3.900000e+01
      vertex   2.150462e+01 1.710316e+02 3.900000e+01
    endloop
  endfacet
  facet normal -7.043460e-15 8.232625e-16 -1.000000e+00
    outer loop
      vertex   2.357055e+01 1.714451e+02 3.900000e+01
      vertex   2.150462e+01 1.710316e+02 3.900000e+01
      vertex   2.362041e+01 1.718718e+02 3.900000e+01
    endloop
  endfacet
  facet normal -3.141363e-15 -9.003719e-15 -1.000000e+00
    outer loop
      vertex   2.362041e+01 1.718718e+02 3.900000e+01
      vertex   2.150462e+01 1.710316e+02 3.900000e+01
      vertex   2.078312e+01 1.712833e+02 3.900000e+01
    endloop
  endfacet
  facet normal -1.468778e-15 -1.706882e-14 -1.000000e+00
    outer loop
      vertex   2.362041e+01 1.718718e+02 3.900000e+01
      vertex   2.078312e+01 1.712833e+02 3.900000e+01
      vertex   2.376733e+01 1.722754e+02 3.900000e+01
    endloop
  endfacet
  facet normal 8.572692e-15 -4.727469e-14 -1.000000e+00
    outer loop
      vertex   2.376733e+01 1.722754e+02 3.900000e+01
      vertex   2.078312e+01 1.712833e+02 3.900000e+01
      vertex   2.003707e+01 1.714487e+02 3.900000e+01
    endloop
  endfacet
  facet normal -2.229853e-15 1.466597e-15 -1.000000e+00
    outer loop
      vertex   2.376733e+01 1.722754e+02 3.900000e+01
      vertex   2.003707e+01 1.714487e+02 3.900000e+01
      vertex   2.400336e+01 1.726343e+02 3.900000e+01
    endloop
  endfacet
  facet normal -2.622303e-15 2.779479e-15 -1.000000e+00
    outer loop
      vertex   2.400336e+01 1.726343e+02 3.900000e+01
      vertex   2.003707e+01 1.714487e+02 3.900000e+01
      vertex   2.431580e+01 1.729290e+02 3.900000e+01
    endloop
  endfacet
  facet normal -7.365436e-15 -1.146713e-14 -1.000000e+00
    outer loop
      vertex   2.219159e+01 1.706970e+02 3.900000e+01
      vertex   2.362041e+01 1.710185e+02 3.900000e+01
      vertex   2.283453e+01 1.702840e+02 3.900000e+01
    endloop
  endfacet
  facet normal -1.216570e-15 -1.804621e-14 -1.000000e+00
    outer loop
      vertex   2.283453e+01 1.702840e+02 3.900000e+01
      vertex   2.362041e+01 1.710185e+02 3.900000e+01
      vertex   2.376733e+01 1.706148e+02 3.900000e+01
    endloop
  endfacet
  facet normal -6.176496e-15 -4.062345e-15 -1.000000e+00
    outer loop
      vertex   2.283453e+01 1.702840e+02 3.900000e+01
      vertex   2.376733e+01 1.706148e+02 3.900000e+01
      vertex   2.400336e+01 1.702560e+02 3.900000e+01
    endloop
  endfacet
  facet normal -6.622944e-15 -2.268098e-14 -1.000000e+00
    outer loop
      vertex   2.283453e+01 1.702840e+02 3.900000e+01
      vertex   2.400336e+01 1.702560e+02 3.900000e+01
      vertex   2.342457e+01 1.697984e+02 3.900000e+01
    endloop
  endfacet
  facet normal -1.335906e-14 -1.415977e-14 -1.000000e+00
    outer loop
      vertex   2.342457e+01 1.697984e+02 3.900000e+01
      vertex   2.400336e+01 1.702560e+02 3.900000e+01
      vertex   2.431580e+01 1.699612e+02 3.900000e+01
    endloop
  endfacet
  facet normal -1.356815e-14 -1.301490e-14 -1.000000e+00
    outer loop
      vertex   2.342457e+01 1.697984e+02 3.900000e+01
      vertex   2.431580e+01 1.699612e+02 3.900000e+01
      vertex   2.395354e+01 1.692470e+02 3.900000e+01
    endloop
  endfacet
  facet normal -8.885411e-15 -1.538998e-14 -1.000000e+00
    outer loop
      vertex   2.395354e+01 1.692470e+02 3.900000e+01
      vertex   2.431580e+01 1.699612e+02 3.900000e+01
      vertex   2.468780e+01 1.697464e+02 3.900000e+01
    endloop
  endfacet
  facet normal -5.914852e-15 -1.975698e-14 -1.000000e+00
    outer loop
      vertex   2.395354e+01 1.692470e+02 3.900000e+01
      vertex   2.468780e+01 1.697464e+02 3.900000e+01
      vertex   2.509930e+01 1.696232e+02 3.900000e+01
    endloop
  endfacet
  facet normal -6.871411e-15 -1.684421e-14 -1.000000e+00
    outer loop
      vertex   2.395354e+01 1.692470e+02 3.900000e+01
      vertex   2.509930e+01 1.696232e+02 3.900000e+01
      vertex   2.441414e+01 1.686372e+02 3.900000e+01
    endloop
  endfacet
  facet normal -1.210186e-15 -2.077810e-14 -1.000000e+00
    outer loop
      vertex   2.441414e+01 1.686372e+02 3.900000e+01
      vertex   2.509930e+01 1.696232e+02 3.900000e+01
      vertex   2.552811e+01 1.695982e+02 3.900000e+01
    endloop
  endfacet
  facet normal -1.271715e-14 -7.439768e-15 -1.000000e+00
    outer loop
      vertex   2.441414e+01 1.686372e+02 3.900000e+01
      vertex   2.552811e+01 1.695982e+02 3.900000e+01
      vertex   2.480001e+01 1.679777e+02 3.900000e+01
    endloop
  endfacet
  facet normal 2.518845e-15 -1.428508e-14 -1.000000e+00
    outer loop
      vertex   2.480001e+01 1.679777e+02 3.900000e+01
      vertex   2.552811e+01 1.695982e+02 3.900000e+01
      vertex   2.595113e+01 1.696728e+02 3.900000e+01
    endloop
  endfacet
  facet normal -1.127048e-14 -4.921324e-15 -1.000000e+00
    outer loop
      vertex   2.480001e+01 1.679777e+02 3.900000e+01
      vertex   2.595113e+01 1.696728e+02 3.900000e+01
      vertex   2.510579e+01 1.672774e+02 3.900000e+01
    endloop
  endfacet
  facet normal 4.527669e-15 -1.049632e-14 -1.000000e+00
    outer loop
      vertex   2.510579e+01 1.672774e+02 3.900000e+01
      vertex   2.595113e+01 1.696728e+02 3.900000e+01
      vertex   2.634555e+01 1.698430e+02 3.900000e+01
    endloop
  endfacet
  facet normal -1.056959e-14 -3.201038e-15 -1.000000e+00
    outer loop
      vertex   2.510579e+01 1.672774e+02 3.900000e+01
      vertex   2.634555e+01 1.698430e+02 3.900000e+01
      vertex   2.532729e+01 1.665460e+02 3.900000e+01
    endloop
  endfacet
  facet normal 6.250526e-15 -8.395913e-15 -1.000000e+00
    outer loop
      vertex   2.532729e+01 1.665460e+02 3.900000e+01
      vertex   2.634555e+01 1.698430e+02 3.900000e+01
      vertex   2.669009e+01 1.700995e+02 3.900000e+01
    endloop
  endfacet
  facet normal 6.134418e-15 -8.351384e-15 -1.000000e+00
    outer loop
      vertex   2.532729e+01 1.665460e+02 3.900000e+01
      vertex   2.669009e+01 1.700995e+02 3.900000e+01
      vertex   2.546142e+01 1.657937e+02 3.900000e+01
    endloop
  endfacet
  facet normal 1.192050e-14 -1.000249e-14 -1.000000e+00
    outer loop
      vertex   2.546142e+01 1.657937e+02 3.900000e+01
      vertex   2.669009e+01 1.700995e+02 3.900000e+01
      vertex   2.696620e+01 1.704285e+02 3.900000e+01
    endloop
  endfacet
  facet normal 4.697892e-16 -3.756893e-15 -1.000000e+00
    outer loop
      vertex   -4.021675e+01 1.739487e+02 3.900000e+01
      vertex   -3.590824e+01 1.650309e+02 3.900000e+01
      vertex   -4.021675e+01 1.304487e+02 3.900000e+01
    endloop
  endfacet
  facet normal -3.507957e-15 -3.261316e-15 -1.000000e+00
    outer loop
      vertex   -4.021675e+01 1.304487e+02 3.900000e+01
      vertex   -3.590824e+01 1.650309e+02 3.900000e+01
      vertex   -3.590824e+01 1.388865e+02 3.900000e+01
    endloop
  endfacet
  facet normal 0.000000e+00 -6.200462e-15 -1.000000e+00
    outer loop
      vertex   -3.871675e+01 1.289487e+02 3.900000e+01
      vertex   -2.940824e+01 1.323865e+02 3.900000e+01
      vertex   2.828325e+01 1.289487e+02 3.900000e+01
    endloop
  endfacet
  facet normal -1.091992e-29 -6.200462e-15 -1.000000e+00
    outer loop
      vertex   2.828325e+01 1.289487e+02 3.900000e+01
      vertex   -2.940824e+01 1.323865e+02 3.900000e+01
      vertex   1.900633e+01 1.323865e+02 3.900000e+01
    endloop
  endfacet
  facet normal 7.071068e-01 -7.071068e-01 0.000000e+00
    outer loop
      vertex   2.828325e+01 1.289487e+02 4.060000e+01
      vertex   2.828325e+01 1.289487e+02 3.900000e+01
      vertex   2.978325e+01 1.304487e+02 4.060000e+01
    endloop
  endfacet
  facet normal 7.071068e-01 -7.071068e-01 0.000000e+00
    outer loop
      vertex   2.978325e+01 1.304487e+02 4.060000e+01
      vertex   2.828325e+01 1.289487e+02 3.900000e+01
      vertex   2.978325e+01 1.304487e+02 3.900000e+01
    endloop
  endfacet
  facet normal 1.000000e+00 -8.167158e-16 0.000000e+00
    outer loop
      vertex   2.978325e+01 1.304487e+02 3.900000e+01
      vertex   2.978325e+01 1.739487e+02 3.900000e+01
      vertex   2.978325e+01 1.304487e+02 4.060000e+01
    endloop
  endfacet
  facet normal 1.000000e+00 -8.167158e-16 1.450779e-29
    outer loop
      vertex   2.978325e+01 1.304487e+02 4.060000e+01
      vertex   2.978325e+01 1.739487e+02 3.900000e+01
      vertex   2.978325e+01 1.739487e+02 4.060000e+01
    endloop
  endfacet
  facet normal -0.000000e+00 -1.000000e+00 -0.000000e+00
    outer loop
      vertex   2.828325e+01 1.289487e+02 4.060000e+01
      vertex   -3.871675e+01 1.289487e+02 4.060000e+01
      vertex   2.828325e+01 1.289487e+02 3.900000e+01
    endloop
  endfacet
  facet normal 0.000000e+00 -1.000000e+00 0.000000e+00
    outer loop
      vertex   2.828325e+01 1.289487e+02 3.900000e+01
      vertex   -3.871675e+01 1.289487e+02 4.060000e+01
      vertex   -3.871675e+01 1.289487e+02 3.900000e+01
    endloop
  endfacet
  facet normal -7.071068e-01 -7.071068e-01 -0.000000e+00
    outer loop
      vertex   -4.021675e+01 1.304487e+02 4.060000e+01
      vertex   -4.021675e+01 1.304487e+02 3.900000e+01
      vertex   -3.871675e+01 1.289487e+02 4.060000e+01
    endloop
  endfacet
  facet normal -7.071068e-01 -7.071068e-01 -0.000000e+00
    outer loop
      vertex   -3.871675e+01 1.289487e+02 4.060000e+01
      vertex   -4.021675e+01 1.304487e+02 3.900000e+01
      vertex   -3.871675e+01 1.289487e+02 3.900000e+01
    endloop
  endfacet
  facet normal -1.000000e+00 1.143402e-15 0.000000e+00
    outer loop
      vertex   -4.021675e+01 1.304487e+02 4.060000e+01
      vertex   -4.021675e+01 1.739487e+02 4.060000e+01
      vertex   -4.021675e+01 1.304487e+02 3.900000e+01
    endloop
  endfacet
  facet normal -1.000000e+00 1.143402e-15 -1.740934e-29
    outer loop
      vertex   -4.021675e+01 1.304487e+02 3.900000e+01
      vertex   -4.021675e+01 1.739487e+02 4.060000e+01
      vertex   -4.021675e+01 1.739487e+02 3.900000e+01
    endloop
  endfacet
  facet normal -1.000000e+00 8.153291e-16 2.220446e-15
    outer loop
      vertex   2.550633e+01 1.388865e+02 4.060000e+01
      vertex   2.550633e+01 1.650309e+02 4.060000e+01
      vertex   2.550633e+01 1.388865e+02 3.900000e+01
    endloop
  endfacet
  facet normal -1.000000e+00 9.512172e-16 -1.689701e-29
    outer loop
      vertex   2.550633e+01 1.388865e+02 3.900000e+01
      vertex   2.550633e+01 1.650309e+02 4.060000e+01
      vertex   2.550633e+01 1.650309e+02 3.900000e+01
    endloop
  endfacet
  facet normal -6.037850e-02 9.981756e-01 0.000000e+00
    outer loop
      vertex   1.900633e+01 1.323865e+02 3.900000e+01
      vertex   1.900633e+01 1.323865e+02 4.060000e+01
      vertex   1.978982e+01 1.324339e+02 3.900000e+01
    endloop
  endfacet
  facet normal -6.037850e-02 9.981756e-01 0.000000e+00
    outer loop
      vertex   1.978982e+01 1.324339e+02 3.900000e+01
      vertex   1.900633e+01 1.323865e+02 4.060000e+01
      vertex   1.978982e+01 1.324339e+02 4.060000e+01
    endloop
  endfacet
  facet normal -1.802550e-01 9.836199e-01 0.000000e+00
    outer loop
      vertex   1.978982e+01 1.324339e+02 3.900000e+01
      vertex   1.978982e+01 1.324339e+02 4.060000e+01
      vertex   2.056188e+01 1.325754e+02 3.900000e+01
    endloop
  endfacet
  facet normal -1.802550e-01 9.836199e-01 0.000000e+00
    outer loop
      vertex   2.056188e+01 1.325754e+02 3.900000e+01
      vertex   1.978982e+01 1.324339e+02 4.060000e+01
      vertex   2.056188e+01 1.325754e+02 4.060000e+01
    endloop
  endfacet
  facet normal -2.975031e-01 9.547209e-01 0.000000e+00
    outer loop
      vertex   2.056188e+01 1.325754e+02 3.900000e+01
      vertex   2.056188e+01 1.325754e+02 4.060000e+01
      vertex   2.131126e+01 1.328089e+02 3.900000e+01
    endloop
  endfacet
  facet normal -2.975031e-01 9.547209e-01 0.000000e+00
    outer loop
      vertex   2.131126e+01 1.328089e+02 3.900000e+01
      vertex   2.056188e+01 1.325754e+02 4.060000e+01
      vertex   2.131126e+01 1.328089e+02 4.060000e+01
    endloop
  endfacet
  facet normal -4.104128e-01 9.118998e-01 0.000000e+00
    outer loop
      vertex   2.131126e+01 1.328089e+02 3.900000e+01
      vertex   2.131126e+01 1.328089e+02 4.060000e+01
      vertex   2.202703e+01 1.331310e+02 3.900000e+01
    endloop
  endfacet
  facet normal -4.104128e-01 9.118998e-01 1.822599e-15
    outer loop
      vertex   2.202703e+01 1.331310e+02 3.900000e+01
      vertex   2.131126e+01 1.328089e+02 4.060000e+01
      vertex   2.202703e+01 1.331310e+02 4.060000e+01
    endloop
  endfacet
  facet normal -5.173378e-01 8.557813e-01 2.297441e-15
    outer loop
      vertex   2.202703e+01 1.331310e+02 3.900000e+01
      vertex   2.202703e+01 1.331310e+02 4.060000e+01
      vertex   2.269875e+01 1.335371e+02 3.900000e+01
    endloop
  endfacet
  facet normal -5.173378e-01 8.557813e-01 0.000000e+00
    outer loop
      vertex   2.269875e+01 1.335371e+02 3.900000e+01
      vertex   2.202703e+01 1.331310e+02 4.060000e+01
      vertex   2.269875e+01 1.335371e+02 4.060000e+01
    endloop
  endfacet
  facet normal -6.167189e-01 7.871835e-01 0.000000e+00
    outer loop
      vertex   2.269875e+01 1.335371e+02 3.900000e+01
      vertex   2.269875e+01 1.335371e+02 4.060000e+01
      vertex   2.331663e+01 1.340212e+02 3.900000e+01
    endloop
  endfacet
  facet normal -6.167189e-01 7.871835e-01 -1.398319e-14
    outer loop
      vertex   2.331663e+01 1.340212e+02 3.900000e+01
      vertex   2.269875e+01 1.335371e+02 4.060000e+01
      vertex   2.331663e+01 1.340212e+02 4.060000e+01
    endloop
  endfacet
  facet normal -7.071068e-01 7.071068e-01 -1.256074e-14
    outer loop
      vertex   2.331663e+01 1.340212e+02 3.900000e+01
      vertex   2.331663e+01 1.340212e+02 4.060000e+01
      vertex   2.387165e+01 1.345762e+02 3.900000e+01
    endloop
  endfacet
  facet normal -7.071068e-01 7.071068e-01 0.000000e+00
    outer loop
      vertex   2.387165e+01 1.345762e+02 3.900000e+01
      vertex   2.331663e+01 1.340212e+02 4.060000e+01
      vertex   2.387165e+01 1.345762e+02 4.060000e+01
    endloop
  endfacet
  facet normal -7.871835e-01 6.167189e-01 0.000000e+00
    outer loop
      vertex   2.387165e+01 1.345762e+02 3.900000e+01
      vertex   2.387165e+01 1.345762e+02 4.060000e+01
      vertex   2.435573e+01 1.351941e+02 3.900000e+01
    endloop
  endfacet
  facet normal -7.871835e-01 6.167189e-01 0.000000e+00
    outer loop
      vertex   2.435573e+01 1.351941e+02 3.900000e+01
      vertex   2.387165e+01 1.345762e+02 4.060000e+01
      vertex   2.435573e+01 1.351941e+02 4.060000e+01
    endloop
  endfacet
  facet normal -8.557813e-01 5.173378e-01 0.000000e+00
    outer loop
      vertex   2.435573e+01 1.351941e+02 3.900000e+01
      vertex   2.435573e+01 1.351941e+02 4.060000e+01
      vertex   2.476180e+01 1.358658e+02 3.900000e+01
    endloop
  endfacet
  facet normal -8.557813e-01 5.173378e-01 0.000000e+00
    outer loop
      vertex   2.476180e+01 1.358658e+02 3.900000e+01
      vertex   2.435573e+01 1.351941e+02 4.060000e+01
      vertex   2.476180e+01 1.358658e+02 4.060000e+01
    endloop
  endfacet
  facet normal -9.118998e-01 4.104128e-01 0.000000e+00
    outer loop
      vertex   2.476180e+01 1.358658e+02 3.900000e+01
      vertex   2.476180e+01 1.358658e+02 4.060000e+01
      vertex   2.508394e+01 1.365816e+02 3.900000e+01
    endloop
  endfacet
  facet normal -9.118998e-01 4.104128e-01 0.000000e+00
    outer loop
      vertex   2.508394e+01 1.365816e+02 3.900000e+01
      vertex   2.476180e+01 1.358658e+02 4.060000e+01
      vertex   2.508394e+01 1.365816e+02 4.060000e+01
    endloop
  endfacet
  facet normal -9.547209e-01 2.975031e-01 0.000000e+00
    outer loop
      vertex   2.508394e+01 1.365816e+02 3.900000e+01
      vertex   2.508394e+01 1.365816e+02 4.060000e+01
      vertex   2.531745e+01 1.373310e+02 3.900000e+01
    endloop
  endfacet
  facet normal -9.547209e-01 2.975031e-01 0.000000e+00
    outer loop
      vertex   2.531745e+01 1.373310e+02 3.900000e+01
      vertex   2.508394e+01 1.365816e+02 4.060000e+01
      vertex   2.531745e+01 1.373310e+02 4.060000e+01
    endloop
  endfacet
  facet normal -9.836199e-01 1.802550e-01 0.000000e+00
    outer loop
      vertex   2.531745e+01 1.373310e+02 3.900000e+01
      vertex   2.531745e+01 1.373310e+02 4.060000e+01
      vertex   2.545894e+01 1.381030e+02 3.900000e+01
    endloop
  endfacet
  facet normal -9.836199e-01 1.802550e-01 0.000000e+00
    outer loop
      vertex   2.545894e+01 1.381030e+02 3.900000e+01
      vertex   2.531745e+01 1.373310e+02 4.060000e+01
      vertex   2.545894e+01 1.381030e+02 4.060000e+01
    endloop
  endfacet
  facet normal -9.981756e-01 6.037850e-02 0.000000e+00
    outer loop
      vertex   2.545894e+01 1.381030e+02 3.900000e+01
      vertex   2.545894e+01 1.381030e+02 4.060000e+01
      vertex   2.550633e+01 1.388865e+02 3.900000e+01
    endloop
  endfacet
  facet normal -9.981756e-01 6.037850e-02 2.216395e-15
    outer loop
      vertex   2.550633e+01 1.388865e+02 3.900000e+01
      vertex   2.545894e+01 1.381030e+02 4.060000e+01
      vertex   2.550633e+01 1.388865e+02 4.060000e+01
    endloop
  endfacet
  facet normal 1.761146e-15 1.000000e+00 0.000000e+00
    outer loop
      vertex   -2.940824e+01 1.323865e+02 4.060000e+01
      vertex   1.900633e+01 1.323865e+02 4.060000e+01
      vertex   -2.940824e+01 1.323865e+02 3.900000e+01
    endloop
  endfacet
  facet normal 1.761146e-15 1.000000e+00 0.000000e+00
    outer loop
      vertex   -2.940824e+01 1.323865e+02 3.900000e+01
      vertex   1.900633e+01 1.323865e+02 4.060000e+01
      vertex   1.900633e+01 1.323865e+02 3.900000e+01
    endloop
  endfacet
  facet normal 9.981756e-01 6.037850e-02 -0.000000e+00
    outer loop
      vertex   -3.590824e+01 1.388865e+02 3.900000e+01
      vertex   -3.590824e+01 1.388865e+02 4.060000e+01
      vertex   -3.586085e+01 1.381030e+02 3.900000e+01
    endloop
  endfacet
  facet normal 9.981756e-01 6.037850e-02 -1.072538e-15
    outer loop
      vertex   -3.586085e+01 1.381030e+02 3.900000e+01
      vertex   -3.590824e+01 1.388865e+02 4.060000e+01
      vertex   -3.586085e+01 1.381030e+02 4.060000e+01
    endloop
  endfacet
  facet normal 9.836199e-01 1.802550e-01 -3.201973e-15
    outer loop
      vertex   -3.586085e+01 1.381030e+02 3.900000e+01
      vertex   -3.586085e+01 1.381030e+02 4.060000e+01
      vertex   -3.571936e+01 1.373310e+02 3.900000e+01
    endloop
  endfacet
  facet normal 9.836199e-01 1.802550e-01 -3.201973e-15
    outer loop
      vertex   -3.571936e+01 1.373310e+02 3.900000e+01
      vertex   -3.586085e+01 1.381030e+02 4.060000e+01
      vertex   -3.571936e+01 1.373310e+02 4.060000e+01
    endloop
  endfacet
  facet normal 9.547209e-01 2.975031e-01 -5.284716e-15
    outer loop
      vertex   -3.571936e+01 1.373310e+02 3.900000e+01
      vertex   -3.571936e+01 1.373310e+02 4.060000e+01
      vertex   -3.548585e+01 1.365816e+02 3.900000e+01
    endloop
  endfacet
  facet normal 9.547209e-01 2.975031e-01 -0.000000e+00
    outer loop
      vertex   -3.548585e+01 1.365816e+02 3.900000e+01
      vertex   -3.571936e+01 1.373310e+02 4.060000e+01
      vertex   -3.548585e+01 1.365816e+02 4.060000e+01
    endloop
  endfacet
  facet normal 9.118998e-01 4.104128e-01 -0.000000e+00
    outer loop
      vertex   -3.548585e+01 1.365816e+02 3.900000e+01
      vertex   -3.548585e+01 1.365816e+02 4.060000e+01
      vertex   -3.516370e+01 1.358658e+02 3.900000e+01
    endloop
  endfacet
  facet normal 9.118998e-01 4.104128e-01 -0.000000e+00
    outer loop
      vertex   -3.516370e+01 1.358658e+02 3.900000e+01
      vertex   -3.548585e+01 1.365816e+02 4.060000e+01
      vertex   -3.516370e+01 1.358658e+02 4.060000e+01
    endloop
  endfacet
  facet normal 8.557813e-01 5.173378e-01 -0.000000e+00
    outer loop
      vertex   -3.516370e+01 1.358658e+02 3.900000e+01
      vertex   -3.516370e+01 1.358658e+02 4.060000e+01
      vertex   -3.475764e+01 1.351941e+02 3.900000e+01
    endloop
  endfacet
  facet normal 8.557813e-01 5.173378e-01 -0.000000e+00
    outer loop
      vertex   -3.475764e+01 1.351941e+02 3.900000e+01
      vertex   -3.516370e+01 1.358658e+02 4.060000e+01
      vertex   -3.475764e+01 1.351941e+02 4.060000e+01
    endloop
  endfacet
  facet normal 7.871835e-01 6.167189e-01 -0.000000e+00
    outer loop
      vertex   -3.475764e+01 1.351941e+02 3.900000e+01
      vertex   -3.475764e+01 1.351941e+02 4.060000e+01
      vertex   -3.427356e+01 1.345762e+02 3.900000e+01
    endloop
  endfacet
  facet normal 7.871835e-01 6.167189e-01 3.495797e-15
    outer loop
      vertex   -3.427356e+01 1.345762e+02 3.900000e+01
      vertex   -3.475764e+01 1.351941e+02 4.060000e+01
      vertex   -3.427356e+01 1.345762e+02 4.060000e+01
    endloop
  endfacet
  facet normal 7.071068e-01 7.071068e-01 3.140185e-15
    outer loop
      vertex   -3.427356e+01 1.345762e+02 3.900000e+01
      vertex   -3.427356e+01 1.345762e+02 4.060000e+01
      vertex   -3.371854e+01 1.340212e+02 3.900000e+01
    endloop
  endfacet
  facet normal 7.071068e-01 7.071068e-01 -0.000000e+00
    outer loop
      vertex   -3.371854e+01 1.340212e+02 3.900000e+01
      vertex   -3.427356e+01 1.345762e+02 4.060000e+01
      vertex   -3.371854e+01 1.340212e+02 4.060000e+01
    endloop
  endfacet
  facet normal 6.167189e-01 7.871835e-01 -0.000000e+00
    outer loop
      vertex   -3.371854e+01 1.340212e+02 3.900000e+01
      vertex   -3.371854e+01 1.340212e+02 4.060000e+01
      vertex   -3.310066e+01 1.335371e+02 3.900000e+01
    endloop
  endfacet
  facet normal 6.167189e-01 7.871835e-01 -0.000000e+00
    outer loop
      vertex   -3.310066e+01 1.335371e+02 3.900000e+01
      vertex   -3.371854e+01 1.340212e+02 4.060000e+01
      vertex   -3.310066e+01 1.335371e+02 4.060000e+01
    endloop
  endfacet
  facet normal 5.173378e-01 8.557813e-01 -0.000000e+00
    outer loop
      vertex   -3.310066e+01 1.335371e+02 3.900000e+01
      vertex   -3.310066e+01 1.335371e+02 4.060000e+01
      vertex   -3.242894e+01 1.331310e+02 3.900000e+01
    endloop
  endfacet
  facet normal 5.173378e-01 8.557813e-01 -1.520173e-14
    outer loop
      vertex   -3.242894e+01 1.331310e+02 3.900000e+01
      vertex   -3.310066e+01 1.335371e+02 4.060000e+01
      vertex   -3.242894e+01 1.331310e+02 4.060000e+01
    endloop
  endfacet
  facet normal 4.104128e-01 9.118998e-01 -1.619860e-14
    outer loop
      vertex   -3.242894e+01 1.331310e+02 3.900000e+01
      vertex   -3.242894e+01 1.331310e+02 4.060000e+01
      vertex   -3.171317e+01 1.328089e+02 3.900000e+01
    endloop
  endfacet
  facet normal 4.104128e-01 9.118998e-01 9.112995e-16
    outer loop
      vertex   -3.171317e+01 1.328089e+02 3.900000e+01
      vertex   -3.242894e+01 1.331310e+02 4.060000e+01
      vertex   -3.171317e+01 1.328089e+02 4.060000e+01
    endloop
  endfacet
  facet normal 2.975031e-01 9.547209e-01 6.605895e-16
    outer loop
      vertex   -3.171317e+01 1.328089e+02 3.900000e+01
      vertex   -3.171317e+01 1.328089e+02 4.060000e+01
      vertex   -3.096379e+01 1.325754e+02 3.900000e+01
    endloop
  endfacet
  facet normal 2.975031e-01 9.547209e-01 -0.000000e+00
    outer loop
      vertex   -3.096379e+01 1.325754e+02 3.900000e+01
      vertex   -3.171317e+01 1.328089e+02 4.060000e+01
      vertex   -3.096379e+01 1.325754e+02 4.060000e+01
    endloop
  endfacet
  facet normal 1.802550e-01 9.836199e-01 -0.000000e+00
    outer loop
      vertex   -3.096379e+01 1.325754e+02 3.900000e+01
      vertex   -3.096379e+01 1.325754e+02 4.060000e+01
      vertex   -3.019173e+01 1.324339e+02 3.900000e+01
    endloop
  endfacet
  facet normal 1.802550e-01 9.836199e-01 -0.000000e+00
    outer loop
      vertex   -3.019173e+01 1.324339e+02 3.900000e+01
      vertex   -3.096379e+01 1.325754e+02 4.060000e+01
      vertex   -3.019173e+01 1.324339e+02 4.060000e+01
    endloop
  endfacet
  facet normal 6.037850e-02 9.981756e-01 -0.000000e+00
    outer loop
      vertex   -3.019173e+01 1.324339e+02 3.900000e+01
      vertex   -3.019173e+01 1.324339e+02 4.060000e+01
      vertex   -2.940824e+01 1.323865e+02 3.900000e+01
    endloop
  endfacet
  facet normal 6.037850e-02 9.981756e-01 -0.000000e+00
    outer loop
      vertex   -2.940824e+01 1.323865e+02 3.900000e+01
      vertex   -3.019173e+01 1.324339e+02 4.060000e+01
      vertex   -2.940824e+01 1.323865e+02 4.060000e+01
    endloop
  endfacet
  facet normal 1.000000e+00 1.087105e-15 -1.931087e-29
    outer loop
      vertex   -3.590824e+01 1.650309e+02 4.060000e+01
      vertex   -3.590824e+01 1.388865e+02 4.060000e+01
      vertex   -3.590824e+01 1.650309e+02 3.900000e+01
    endloop
  endfacet
  facet normal 1.000000e+00 1.087105e-15 0.000000e+00
    outer loop
      vertex   -3.590824e+01 1.650309e+02 3.900000e+01
      vertex   -3.590824e+01 1.388865e+02 4.060000e+01
      vertex   -3.590824e+01 1.388865e+02 3.900000e+01
    endloop
  endfacet
  facet normal 2.163379e-01 -9.763185e-01 1.734290e-14
    outer loop
      vertex   -3.043898e+01 1.714487e+02 3.900000e+01
      vertex   -3.043898e+01 1.714487e+02 4.060000e+01
      vertex   -3.118503e+01 1.712833e+02 3.900000e+01
    endloop
  endfacet
  facet normal 2.163379e-01 -9.763185e-01 1.734290e-14
    outer loop
      vertex   -3.118503e+01 1.712833e+02 3.900000e+01
      vertex   -3.043898e+01 1.714487e+02 4.060000e+01
      vertex   -3.118503e+01 1.712833e+02 4.060000e+01
    endloop
  endfacet
  facet normal 3.294217e-01 -9.441829e-01 1.677206e-14
    outer loop
      vertex   -3.118503e+01 1.712833e+02 3.900000e+01
      vertex   -3.118503e+01 1.712833e+02 4.060000e+01
      vertex   -3.190653e+01 1.710316e+02 4.060000e+01
    endloop
  endfacet
  facet normal 3.294217e-01 -9.441829e-01 1.530074e-14
    outer loop
      vertex   -3.118503e+01 1.712833e+02 3.900000e+01
      vertex   -3.190653e+01 1.710316e+02 4.060000e+01
      vertex   -3.190653e+01 1.710316e+02 3.900000e+01
    endloop
  endfacet
  facet normal 4.379527e-01 -8.989980e-01 1.402451e-14
    outer loop
      vertex   -3.190653e+01 1.710316e+02 3.900000e+01
      vertex   -3.190653e+01 1.710316e+02 4.060000e+01
      vertex   -3.259349e+01 1.706970e+02 4.060000e+01
    endloop
  endfacet
  facet normal 4.379527e-01 -8.989980e-01 1.400676e-14
    outer loop
      vertex   -3.190653e+01 1.710316e+02 3.900000e+01
      vertex   -3.259349e+01 1.706970e+02 4.060000e+01
      vertex   -3.259349e+01 1.706970e+02 3.900000e+01
    endloop
  endfacet
  facet normal 5.404309e-01 -8.413884e-01 1.254606e-14
    outer loop
      vertex   -3.259349e+01 1.706970e+02 3.900000e+01
      vertex   -3.259349e+01 1.706970e+02 4.060000e+01
      vertex   -3.323644e+01 1.702840e+02 4.060000e+01
    endloop
  endfacet
  facet normal 5.404309e-01 -8.413884e-01 1.253117e-14
    outer loop
      vertex   -3.259349e+01 1.706970e+02 3.900000e+01
      vertex   -3.323644e+01 1.702840e+02 4.060000e+01
      vertex   -3.323644e+01 1.702840e+02 3.900000e+01
    endloop
  endfacet
  facet normal 6.354400e-01 -7.721502e-01 1.089422e-14
    outer loop
      vertex   -3.323644e+01 1.702840e+02 3.900000e+01
      vertex   -3.323644e+01 1.702840e+02 4.060000e+01
      vertex   -3.382648e+01 1.697984e+02 4.060000e+01
    endloop
  endfacet
  facet normal 6.354400e-01 -7.721502e-01 2.742329e-14
    outer loop
      vertex   -3.323644e+01 1.702840e+02 3.900000e+01
      vertex   -3.382648e+01 1.697984e+02 4.060000e+01
      vertex   -3.382648e+01 1.697984e+02 3.900000e+01
    endloop
  endfacet
  facet normal 7.216669e-01 -6.922404e-01 2.459332e-14
    outer loop
      vertex   -3.382648e+01 1.697984e+02 3.900000e+01
      vertex   -3.382648e+01 1.697984e+02 4.060000e+01
      vertex   -3.435545e+01 1.692470e+02 4.060000e+01
    endloop
  endfacet
  facet normal 7.216669e-01 -6.922404e-01 2.138472e-14
    outer loop
      vertex   -3.382648e+01 1.697984e+02 3.900000e+01
      vertex   -3.435545e+01 1.692470e+02 4.060000e+01
      vertex   -3.435545e+01 1.692470e+02 3.900000e+01
    endloop
  endfacet
  facet normal 7.979199e-01 -6.027634e-01 1.787098e-14
    outer loop
      vertex   -3.435545e+01 1.692470e+02 3.900000e+01
      vertex   -3.435545e+01 1.692470e+02 4.060000e+01
      vertex   -3.481605e+01 1.686372e+02 4.060000e+01
    endloop
  endfacet
  facet normal 7.979199e-01 -6.027634e-01 1.071506e-14
    outer loop
      vertex   -3.435545e+01 1.692470e+02 3.900000e+01
      vertex   -3.481605e+01 1.686372e+02 4.060000e+01
      vertex   -3.481605e+01 1.686372e+02 3.900000e+01
    endloop
  endfacet
  facet normal 8.631452e-01 -5.049559e-01 8.969818e-15
    outer loop
      vertex   -3.481605e+01 1.686372e+02 3.900000e+01
      vertex   -3.481605e+01 1.686372e+02 4.060000e+01
      vertex   -3.520191e+01 1.679777e+02 4.060000e+01
    endloop
  endfacet
  facet normal 8.631452e-01 -5.049559e-01 1.793411e-14
    outer loop
      vertex   -3.481605e+01 1.686372e+02 3.900000e+01
      vertex   -3.520191e+01 1.679777e+02 4.060000e+01
      vertex   -3.520191e+01 1.679777e+02 3.900000e+01
    endloop
  endfacet
  facet normal 9.164412e-01 -4.001695e-01 1.421688e-14
    outer loop
      vertex   -3.520191e+01 1.679777e+02 3.900000e+01
      vertex   -3.520191e+01 1.679777e+02 4.060000e+01
      vertex   -3.550770e+01 1.672774e+02 4.060000e+01
    endloop
  endfacet
  facet normal 9.164412e-01 -4.001695e-01 7.128239e-15
    outer loop
      vertex   -3.520191e+01 1.679777e+02 3.900000e+01
      vertex   -3.550770e+01 1.672774e+02 4.060000e+01
      vertex   -3.550770e+01 1.672774e+02 3.900000e+01
    endloop
  endfacet
  facet normal 9.570713e-01 -2.898525e-01 5.148814e-15
    outer loop
      vertex   -3.550770e+01 1.672774e+02 3.900000e+01
      vertex   -3.550770e+01 1.672774e+02 4.060000e+01
      vertex   -3.572919e+01 1.665460e+02 4.060000e+01
    endloop
  endfacet
  facet normal 9.570713e-01 -2.898525e-01 1.028373e-14
    outer loop
      vertex   -3.550770e+01 1.672774e+02 3.900000e+01
      vertex   -3.572919e+01 1.665460e+02 4.060000e+01
      vertex   -3.572919e+01 1.665460e+02 3.900000e+01
    endloop
  endfacet
  facet normal 9.844742e-01 -1.755295e-01 6.236061e-15
    outer loop
      vertex   -3.572919e+01 1.665460e+02 3.900000e+01
      vertex   -3.572919e+01 1.665460e+02 4.060000e+01
      vertex   -3.586332e+01 1.657937e+02 4.060000e+01
    endloop
  endfacet
  facet normal 9.844742e-01 -1.755295e-01 6.242885e-15
    outer loop
      vertex   -3.572919e+01 1.665460e+02 3.900000e+01
      vertex   -3.586332e+01 1.657937e+02 4.060000e+01
      vertex   -3.586332e+01 1.657937e+02 3.900000e+01
    endloop
  endfacet
  facet normal 9.982709e-01 -5.878063e-02 2.088308e-15
    outer loop
      vertex   -3.586332e+01 1.657937e+02 3.900000e+01
      vertex   -3.586332e+01 1.657937e+02 4.060000e+01
      vertex   -3.590824e+01 1.650309e+02 3.900000e+01
    endloop
  endfacet
  facet normal 9.982709e-01 -5.878063e-02 1.044154e-15
    outer loop
      vertex   -3.590824e+01 1.650309e+02 3.900000e+01
      vertex   -3.586332e+01 1.657937e+02 4.060000e+01
      vertex   -3.590824e+01 1.650309e+02 4.060000e+01
    endloop
  endfacet
  facet normal 0.000000e+00 -1.000000e+00 1.776357e-14
    outer loop
      vertex   2.003707e+01 1.714487e+02 4.060000e+01
      vertex   -3.043898e+01 1.714487e+02 4.060000e+01
      vertex   2.003707e+01 1.714487e+02 3.900000e+01
    endloop
  endfacet
  facet normal 0.000000e+00 -1.000000e+00 1.776357e-14
    outer loop
      vertex   2.003707e+01 1.714487e+02 3.900000e+01
      vertex   -3.043898e+01 1.714487e+02 4.060000e+01
      vertex   -3.043898e+01 1.714487e+02 3.900000e+01
    endloop
  endfacet
  facet normal -9.982709e-01 -5.878063e-02 1.044154e-15
    outer loop
      vertex   2.550633e+01 1.650309e+02 3.900000e+01
      vertex   2.550633e+01 1.650309e+02 4.060000e+01
      vertex   2.546142e+01 1.657937e+02 3.900000e+01
    endloop
  endfacet
  facet normal -9.982709e-01 -5.878063e-02 3.132461e-15
    outer loop
      vertex   2.546142e+01 1.657937e+02 3.900000e+01
      vertex   2.550633e+01 1.650309e+02 4.060000e+01
      vertex   2.546142e+01 1.657937e+02 4.060000e+01
    endloop
  endfacet
  facet normal -9.844742e-01 -1.755295e-01 9.354092e-15
    outer loop
      vertex   2.546142e+01 1.657937e+02 3.900000e+01
      vertex   2.546142e+01 1.657937e+02 4.060000e+01
      vertex   2.532729e+01 1.665460e+02 4.060000e+01
    endloop
  endfacet
  facet normal -9.844742e-01 -1.755295e-01 3.121442e-15
    outer loop
      vertex   2.546142e+01 1.657937e+02 3.900000e+01
      vertex   2.532729e+01 1.665460e+02 4.060000e+01
      vertex   2.532729e+01 1.665460e+02 3.900000e+01
    endloop
  endfacet
  facet normal -9.570713e-01 -2.898525e-01 5.148814e-15
    outer loop
      vertex   2.532729e+01 1.665460e+02 3.900000e+01
      vertex   2.532729e+01 1.665460e+02 4.060000e+01
      vertex   2.510579e+01 1.672774e+02 4.060000e+01
    endloop
  endfacet
  facet normal -9.570713e-01 -2.898525e-01 5.153218e-15
    outer loop
      vertex   2.532729e+01 1.665460e+02 3.900000e+01
      vertex   2.510579e+01 1.672774e+02 4.060000e+01
      vertex   2.510579e+01 1.672774e+02 3.900000e+01
    endloop
  endfacet
  facet normal -9.164412e-01 -4.001695e-01 7.108438e-15
    outer loop
      vertex   2.510579e+01 1.672774e+02 3.900000e+01
      vertex   2.510579e+01 1.672774e+02 4.060000e+01
      vertex   2.480001e+01 1.679777e+02 4.060000e+01
    endloop
  endfacet
  facet normal -9.164412e-01 -4.001695e-01 7.105538e-15
    outer loop
      vertex   2.510579e+01 1.672774e+02 3.900000e+01
      vertex   2.480001e+01 1.679777e+02 4.060000e+01
      vertex   2.480001e+01 1.679777e+02 3.900000e+01
    endloop
  endfacet
  facet normal -8.631452e-01 -5.049559e-01 8.969818e-15
    outer loop
      vertex   2.480001e+01 1.679777e+02 3.900000e+01
      vertex   2.480001e+01 1.679777e+02 4.060000e+01
      vertex   2.441414e+01 1.686372e+02 4.060000e+01
    endloop
  endfacet
  facet normal -8.631452e-01 -5.049559e-01 1.793411e-14
    outer loop
      vertex   2.480001e+01 1.679777e+02 3.900000e+01
      vertex   2.441414e+01 1.686372e+02 4.060000e+01
      vertex   2.441414e+01 1.686372e+02 3.900000e+01
    endloop
  endfacet
  facet normal -7.979199e-01 -6.027634e-01 2.141446e-14
    outer loop
      vertex   2.441414e+01 1.686372e+02 3.900000e+01
      vertex   2.441414e+01 1.686372e+02 4.060000e+01
      vertex   2.395354e+01 1.692470e+02 4.060000e+01
    endloop
  endfacet
  facet normal -7.979199e-01 -6.027634e-01 2.143012e-14
    outer loop
      vertex   2.441414e+01 1.686372e+02 3.900000e+01
      vertex   2.395354e+01 1.692470e+02 4.060000e+01
      vertex   2.395354e+01 1.692470e+02 3.900000e+01
    endloop
  endfacet
  facet normal -7.216669e-01 -6.922404e-01 2.459332e-14
    outer loop
      vertex   2.395354e+01 1.692470e+02 3.900000e+01
      vertex   2.395354e+01 1.692470e+02 4.060000e+01
      vertex   2.342457e+01 1.697984e+02 4.060000e+01
    endloop
  endfacet
  facet normal -7.216669e-01 -6.922404e-01 1.230416e-14
    outer loop
      vertex   2.395354e+01 1.692470e+02 3.900000e+01
      vertex   2.342457e+01 1.697984e+02 4.060000e+01
      vertex   2.342457e+01 1.697984e+02 3.900000e+01
    endloop
  endfacet
  facet normal -6.354400e-01 -7.721502e-01 1.371614e-14
    outer loop
      vertex   2.342457e+01 1.697984e+02 3.900000e+01
      vertex   2.342457e+01 1.697984e+02 4.060000e+01
      vertex   2.283453e+01 1.702840e+02 4.060000e+01
    endloop
  endfacet
  facet normal -6.354400e-01 -7.721502e-01 1.371165e-14
    outer loop
      vertex   2.342457e+01 1.697984e+02 3.900000e+01
      vertex   2.283453e+01 1.702840e+02 4.060000e+01
      vertex   2.283453e+01 1.702840e+02 3.900000e+01
    endloop
  endfacet
  facet normal -5.404309e-01 -8.413884e-01 1.494606e-14
    outer loop
      vertex   2.283453e+01 1.702840e+02 3.900000e+01
      vertex   2.283453e+01 1.702840e+02 4.060000e+01
      vertex   2.219159e+01 1.706970e+02 4.060000e+01
    endloop
  endfacet
  facet normal -5.404309e-01 -8.413884e-01 1.493752e-14
    outer loop
      vertex   2.283453e+01 1.702840e+02 3.900000e+01
      vertex   2.219159e+01 1.706970e+02 4.060000e+01
      vertex   2.219159e+01 1.706970e+02 3.900000e+01
    endloop
  endfacet
  facet normal -4.379527e-01 -8.989980e-01 1.596941e-14
    outer loop
      vertex   2.219159e+01 1.706970e+02 3.900000e+01
      vertex   2.219159e+01 1.706970e+02 4.060000e+01
      vertex   2.150462e+01 1.710316e+02 4.060000e+01
    endloop
  endfacet
  facet normal -4.379527e-01 -8.989980e-01 1.595908e-14
    outer loop
      vertex   2.219159e+01 1.706970e+02 3.900000e+01
      vertex   2.150462e+01 1.710316e+02 4.060000e+01
      vertex   2.150462e+01 1.710316e+02 3.900000e+01
    endloop
  endfacet
  facet normal -3.294217e-01 -9.441829e-01 1.677206e-14
    outer loop
      vertex   2.150462e+01 1.710316e+02 3.900000e+01
      vertex   2.150462e+01 1.710316e+02 4.060000e+01
      vertex   2.078312e+01 1.712833e+02 4.060000e+01
    endloop
  endfacet
  facet normal -3.294217e-01 -9.441829e-01 1.677633e-14
    outer loop
      vertex   2.150462e+01 1.710316e+02 3.900000e+01
      vertex   2.078312e+01 1.712833e+02 4.060000e+01
      vertex   2.078312e+01 1.712833e+02 3.900000e+01
    endloop
  endfacet
  facet normal -2.163379e-01 -9.763185e-01 1.734290e-14
    outer loop
      vertex   2.078312e+01 1.712833e+02 3.900000e+01
      vertex   2.078312e+01 1.712833e+02 4.060000e+01
      vertex   2.003707e+01 1.714487e+02 3.900000e+01
    endloop
  endfacet
  facet normal -2.163379e-01 -9.763185e-01 1.734290e-14
    outer loop
      vertex   2.003707e+01 1.714487e+02 3.900000e+01
      vertex   2.078312e+01 1.712833e+02 4.060000e+01
      vertex   2.003707e+01 1.714487e+02 4.060000e+01
    endloop
  endfacet
  facet normal -7.071068e-01 7.071068e-01 -1.256074e-14
    outer loop
      vertex   -4.021675e+01 1.739487e+02 4.060000e+01
      vertex   -3.921675e+01 1.749487e+02 4.060000e+01
      vertex   -4.021675e+01 1.739487e+02 3.900000e+01
    endloop
  endfacet
  facet normal -7.071068e-01 7.071068e-01 -2.512148e-14
    outer loop
      vertex   -4.021675e+01 1.739487e+02 3.900000e+01
      vertex   -3.921675e+01 1.749487e+02 4.060000e+01
      vertex   -3.921675e+01 1.749487e+02 3.900000e+01
    endloop
  endfacet
  facet normal 7.071068e-01 7.071068e-01 -1.256074e-14
    outer loop
      vertex   2.878325e+01 1.749487e+02 4.060000e+01
      vertex   2.978325e+01 1.739487e+02 4.060000e+01
      vertex   2.878325e+01 1.749487e+02 3.900000e+01
    endloop
  endfacet
  facet normal 7.071068e-01 7.071068e-01 -1.256074e-14
    outer loop
      vertex   2.878325e+01 1.749487e+02 3.900000e+01
      vertex   2.978325e+01 1.739487e+02 4.060000e+01
      vertex   2.978325e+01 1.739487e+02 3.900000e+01
    endloop
  endfacet
  facet normal 8.359326e-16 1.000000e+00 -3.552714e-14
    outer loop
      vertex   -3.921675e+01 1.749487e+02 4.060000e+01
      vertex   2.878325e+01 1.749487e+02 4.060000e+01
      vertex   -3.921675e+01 1.749487e+02 3.900000e+01
    endloop
  endfacet
  facet normal 4.179663e-16 1.000000e+00 -1.776357e-14
    outer loop
      vertex   -3.921675e+01 1.749487e+02 3.900000e+01
      vertex   2.878325e+01 1.749487e+02 4.060000e+01
      vertex   2.878325e+01 1.749487e+02 3.900000e+01
    endloop
  endfacet
endsolid
