solid ASCII
  facet normal -9.914449e-01 0.000000e+00 1.305262e-01
    outer loop
      vertex   2.351845e+01 1.219560e+02 -7.389352e+01
      vertex   2.351845e+01 1.204560e+02 -7.389352e+01
      vertex   2.359000e+01 1.219560e+02 -7.335000e+01
    endloop
  endfacet
  facet normal -9.914449e-01 0.000000e+00 1.305262e-01
    outer loop
      vertex   2.359000e+01 1.219560e+02 -7.335000e+01
      vertex   2.351845e+01 1.204560e+02 -7.389352e+01
      vertex   2.359000e+01 1.204560e+02 -7.335000e+01
    endloop
  endfacet
  facet normal -9.914449e-01 -0.000000e+00 -1.305262e-01
    outer loop
      vertex   2.359000e+01 1.219560e+02 -7.335000e+01
      vertex   2.359000e+01 1.204560e+02 -7.335000e+01
      vertex   2.351845e+01 1.219560e+02 -7.280648e+01
    endloop
  endfacet
  facet normal -9.914449e-01 -0.000000e+00 -1.305262e-01
    outer loop
      vertex   2.351845e+01 1.219560e+02 -7.280648e+01
      vertex   2.359000e+01 1.204560e+02 -7.335000e+01
      vertex   2.351845e+01 1.204560e+02 -7.280648e+01
    endloop
  endfacet
  facet normal -9.238795e-01 -0.000000e+00 -3.826834e-01
    outer loop
      vertex   2.351845e+01 1.219560e+02 -7.280648e+01
      vertex   2.351845e+01 1.204560e+02 -7.280648e+01
      vertex   2.330865e+01 1.219560e+02 -7.230000e+01
    endloop
  endfacet
  facet normal -9.238795e-01 -0.000000e+00 -3.826834e-01
    outer loop
      vertex   2.330865e+01 1.219560e+02 -7.230000e+01
      vertex   2.351845e+01 1.204560e+02 -7.280648e+01
      vertex   2.330865e+01 1.204560e+02 -7.230000e+01
    endloop
  endfacet
  facet normal -7.933533e-01 -0.000000e+00 -6.087614e-01
    outer loop
      vertex   2.330865e+01 1.219560e+02 -7.230000e+01
      vertex   2.330865e+01 1.204560e+02 -7.230000e+01
      vertex   2.297493e+01 1.219560e+02 -7.186508e+01
    endloop
  endfacet
  facet normal -7.933533e-01 -0.000000e+00 -6.087614e-01
    outer loop
      vertex   2.297493e+01 1.219560e+02 -7.186508e+01
      vertex   2.330865e+01 1.204560e+02 -7.230000e+01
      vertex   2.297493e+01 1.204560e+02 -7.186508e+01
    endloop
  endfacet
  facet normal -6.087614e-01 -0.000000e+00 -7.933533e-01
    outer loop
      vertex   2.297493e+01 1.219560e+02 -7.186508e+01
      vertex   2.297493e+01 1.204560e+02 -7.186508e+01
      vertex   2.254000e+01 1.219560e+02 -7.153135e+01
    endloop
  endfacet
  facet normal -6.087614e-01 -0.000000e+00 -7.933533e-01
    outer loop
      vertex   2.254000e+01 1.219560e+02 -7.153135e+01
      vertex   2.297493e+01 1.204560e+02 -7.186508e+01
      vertex   2.254000e+01 1.204560e+02 -7.153135e+01
    endloop
  endfacet
  facet normal -3.826834e-01 -0.000000e+00 -9.238795e-01
    outer loop
      vertex   2.254000e+01 1.219560e+02 -7.153135e+01
      vertex   2.254000e+01 1.204560e+02 -7.153135e+01
      vertex   2.203352e+01 1.219560e+02 -7.132156e+01
    endloop
  endfacet
  facet normal -3.826834e-01 -0.000000e+00 -9.238795e-01
    outer loop
      vertex   2.203352e+01 1.219560e+02 -7.132156e+01
      vertex   2.254000e+01 1.204560e+02 -7.153135e+01
      vertex   2.203352e+01 1.204560e+02 -7.132156e+01
    endloop
  endfacet
  facet normal -1.305262e-01 -0.000000e+00 -9.914449e-01
    outer loop
      vertex   2.203352e+01 1.219560e+02 -7.132156e+01
      vertex   2.203352e+01 1.204560e+02 -7.132156e+01
      vertex   2.149000e+01 1.219560e+02 -7.125000e+01
    endloop
  endfacet
  facet normal -1.305262e-01 -0.000000e+00 -9.914449e-01
    outer loop
      vertex   2.149000e+01 1.219560e+02 -7.125000e+01
      vertex   2.203352e+01 1.204560e+02 -7.132156e+01
      vertex   2.149000e+01 1.204560e+02 -7.125000e+01
    endloop
  endfacet
  facet normal 1.305262e-01 0.000000e+00 -9.914449e-01
    outer loop
      vertex   2.149000e+01 1.219560e+02 -7.125000e+01
      vertex   2.149000e+01 1.204560e+02 -7.125000e+01
      vertex   2.094648e+01 1.219560e+02 -7.132156e+01
    endloop
  endfacet
  facet normal 1.305262e-01 0.000000e+00 -9.914449e-01
    outer loop
      vertex   2.094648e+01 1.219560e+02 -7.132156e+01
      vertex   2.149000e+01 1.204560e+02 -7.125000e+01
      vertex   2.094648e+01 1.204560e+02 -7.132156e+01
    endloop
  endfacet
  facet normal 3.826834e-01 0.000000e+00 -9.238795e-01
    outer loop
      vertex   2.094648e+01 1.219560e+02 -7.132156e+01
      vertex   2.094648e+01 1.204560e+02 -7.132156e+01
      vertex   2.044000e+01 1.219560e+02 -7.153135e+01
    endloop
  endfacet
  facet normal 3.826834e-01 0.000000e+00 -9.238795e-01
    outer loop
      vertex   2.044000e+01 1.219560e+02 -7.153135e+01
      vertex   2.094648e+01 1.204560e+02 -7.132156e+01
      vertex   2.044000e+01 1.204560e+02 -7.153135e+01
    endloop
  endfacet
  facet normal 6.087614e-01 0.000000e+00 -7.933533e-01
    outer loop
      vertex   2.044000e+01 1.219560e+02 -7.153135e+01
      vertex   2.044000e+01 1.204560e+02 -7.153135e+01
      vertex   2.000508e+01 1.219560e+02 -7.186508e+01
    endloop
  endfacet
  facet normal 6.087614e-01 0.000000e+00 -7.933533e-01
    outer loop
      vertex   2.000508e+01 1.219560e+02 -7.186508e+01
      vertex   2.044000e+01 1.204560e+02 -7.153135e+01
      vertex   2.000508e+01 1.204560e+02 -7.186508e+01
    endloop
  endfacet
  facet normal 7.933533e-01 0.000000e+00 -6.087614e-01
    outer loop
      vertex   2.000508e+01 1.219560e+02 -7.186508e+01
      vertex   2.000508e+01 1.204560e+02 -7.186508e+01
      vertex   1.967135e+01 1.219560e+02 -7.230000e+01
    endloop
  endfacet
  facet normal 7.933533e-01 0.000000e+00 -6.087614e-01
    outer loop
      vertex   1.967135e+01 1.219560e+02 -7.230000e+01
      vertex   2.000508e+01 1.204560e+02 -7.186508e+01
      vertex   1.967135e+01 1.204560e+02 -7.230000e+01
    endloop
  endfacet
  facet normal 9.238795e-01 0.000000e+00 -3.826834e-01
    outer loop
      vertex   1.967135e+01 1.219560e+02 -7.230000e+01
      vertex   1.967135e+01 1.204560e+02 -7.230000e+01
      vertex   1.946156e+01 1.219560e+02 -7.280648e+01
    endloop
  endfacet
  facet normal 9.238795e-01 0.000000e+00 -3.826834e-01
    outer loop
      vertex   1.946156e+01 1.219560e+02 -7.280648e+01
      vertex   1.967135e+01 1.204560e+02 -7.230000e+01
      vertex   1.946156e+01 1.204560e+02 -7.280648e+01
    endloop
  endfacet
  facet normal 9.914449e-01 0.000000e+00 -1.305262e-01
    outer loop
      vertex   1.946156e+01 1.219560e+02 -7.280648e+01
      vertex   1.946156e+01 1.204560e+02 -7.280648e+01
      vertex   1.939000e+01 1.219560e+02 -7.335000e+01
    endloop
  endfacet
  facet normal 9.914449e-01 0.000000e+00 -1.305262e-01
    outer loop
      vertex   1.939000e+01 1.219560e+02 -7.335000e+01
      vertex   1.946156e+01 1.204560e+02 -7.280648e+01
      vertex   1.939000e+01 1.204560e+02 -7.335000e+01
    endloop
  endfacet
  facet normal 9.914449e-01 0.000000e+00 1.305262e-01
    outer loop
      vertex   1.939000e+01 1.219560e+02 -7.335000e+01
      vertex   1.939000e+01 1.204560e+02 -7.335000e+01
      vertex   1.946156e+01 1.219560e+02 -7.389352e+01
    endloop
  endfacet
  facet normal 9.914449e-01 0.000000e+00 1.305262e-01
    outer loop
      vertex   1.946156e+01 1.219560e+02 -7.389352e+01
      vertex   1.939000e+01 1.204560e+02 -7.335000e+01
      vertex   1.946156e+01 1.204560e+02 -7.389352e+01
    endloop
  endfacet
  facet normal 9.238795e-01 0.000000e+00 3.826834e-01
    outer loop
      vertex   1.946156e+01 1.219560e+02 -7.389352e+01
      vertex   1.946156e+01 1.204560e+02 -7.389352e+01
      vertex   1.967135e+01 1.219560e+02 -7.440000e+01
    endloop
  endfacet
  facet normal 9.238795e-01 0.000000e+00 3.826834e-01
    outer loop
      vertex   1.967135e+01 1.219560e+02 -7.440000e+01
      vertex   1.946156e+01 1.204560e+02 -7.389352e+01
      vertex   1.967135e+01 1.204560e+02 -7.440000e+01
    endloop
  endfacet
  facet normal 7.933533e-01 0.000000e+00 6.087614e-01
    outer loop
      vertex   1.967135e+01 1.219560e+02 -7.440000e+01
      vertex   1.967135e+01 1.204560e+02 -7.440000e+01
      vertex   2.000508e+01 1.219560e+02 -7.483493e+01
    endloop
  endfacet
  facet normal 7.933533e-01 0.000000e+00 6.087614e-01
    outer loop
      vertex   2.000508e+01 1.219560e+02 -7.483493e+01
      vertex   1.967135e+01 1.204560e+02 -7.440000e+01
      vertex   2.000508e+01 1.204560e+02 -7.483493e+01
    endloop
  endfacet
  facet normal 6.087614e-01 0.000000e+00 7.933533e-01
    outer loop
      vertex   2.000508e+01 1.219560e+02 -7.483493e+01
      vertex   2.000508e+01 1.204560e+02 -7.483493e+01
      vertex   2.044000e+01 1.219560e+02 -7.516866e+01
    endloop
  endfacet
  facet normal 6.087614e-01 0.000000e+00 7.933533e-01
    outer loop
      vertex   2.044000e+01 1.219560e+02 -7.516866e+01
      vertex   2.000508e+01 1.204560e+02 -7.483493e+01
      vertex   2.044000e+01 1.204560e+02 -7.516866e+01
    endloop
  endfacet
  facet normal 3.826834e-01 0.000000e+00 9.238795e-01
    outer loop
      vertex   2.044000e+01 1.219560e+02 -7.516866e+01
      vertex   2.044000e+01 1.204560e+02 -7.516866e+01
      vertex   2.094648e+01 1.219560e+02 -7.537845e+01
    endloop
  endfacet
  facet normal 3.826834e-01 0.000000e+00 9.238795e-01
    outer loop
      vertex   2.094648e+01 1.219560e+02 -7.537845e+01
      vertex   2.044000e+01 1.204560e+02 -7.516866e+01
      vertex   2.094648e+01 1.204560e+02 -7.537845e+01
    endloop
  endfacet
  facet normal 1.305262e-01 0.000000e+00 9.914449e-01
    outer loop
      vertex   2.094648e+01 1.219560e+02 -7.537845e+01
      vertex   2.094648e+01 1.204560e+02 -7.537845e+01
      vertex   2.149000e+01 1.219560e+02 -7.545000e+01
    endloop
  endfacet
  facet normal 1.305262e-01 0.000000e+00 9.914449e-01
    outer loop
      vertex   2.149000e+01 1.219560e+02 -7.545000e+01
      vertex   2.094648e+01 1.204560e+02 -7.537845e+01
      vertex   2.149000e+01 1.204560e+02 -7.545000e+01
    endloop
  endfacet
  facet normal -1.305262e-01 0.000000e+00 9.914449e-01
    outer loop
      vertex   2.149000e+01 1.219560e+02 -7.545000e+01
      vertex   2.149000e+01 1.204560e+02 -7.545000e+01
      vertex   2.203352e+01 1.219560e+02 -7.537845e+01
    endloop
  endfacet
  facet normal -1.305262e-01 0.000000e+00 9.914449e-01
    outer loop
      vertex   2.203352e+01 1.219560e+02 -7.537845e+01
      vertex   2.149000e+01 1.204560e+02 -7.545000e+01
      vertex   2.203352e+01 1.204560e+02 -7.537845e+01
    endloop
  endfacet
  facet normal -3.826834e-01 0.000000e+00 9.238795e-01
    outer loop
      vertex   2.203352e+01 1.219560e+02 -7.537845e+01
      vertex   2.203352e+01 1.204560e+02 -7.537845e+01
      vertex   2.254000e+01 1.219560e+02 -7.516866e+01
    endloop
  endfacet
  facet normal -3.826834e-01 0.000000e+00 9.238795e-01
    outer loop
      vertex   2.254000e+01 1.219560e+02 -7.516866e+01
      vertex   2.203352e+01 1.204560e+02 -7.537845e+01
      vertex   2.254000e+01 1.204560e+02 -7.516866e+01
    endloop
  endfacet
  facet normal -6.087614e-01 0.000000e+00 7.933533e-01
    outer loop
      vertex   2.254000e+01 1.219560e+02 -7.516866e+01
      vertex   2.254000e+01 1.204560e+02 -7.516866e+01
      vertex   2.297493e+01 1.219560e+02 -7.483493e+01
    endloop
  endfacet
  facet normal -6.087614e-01 0.000000e+00 7.933533e-01
    outer loop
      vertex   2.297493e+01 1.219560e+02 -7.483493e+01
      vertex   2.254000e+01 1.204560e+02 -7.516866e+01
      vertex   2.297493e+01 1.204560e+02 -7.483493e+01
    endloop
  endfacet
  facet normal -7.933533e-01 0.000000e+00 6.087614e-01
    outer loop
      vertex   2.297493e+01 1.219560e+02 -7.483493e+01
      vertex   2.297493e+01 1.204560e+02 -7.483493e+01
      vertex   2.330865e+01 1.219560e+02 -7.440000e+01
    endloop
  endfacet
  facet normal -7.933533e-01 0.000000e+00 6.087614e-01
    outer loop
      vertex   2.330865e+01 1.219560e+02 -7.440000e+01
      vertex   2.297493e+01 1.204560e+02 -7.483493e+01
      vertex   2.330865e+01 1.204560e+02 -7.440000e+01
    endloop
  endfacet
  facet normal -9.238795e-01 0.000000e+00 3.826834e-01
    outer loop
      vertex   2.330865e+01 1.219560e+02 -7.440000e+01
      vertex   2.330865e+01 1.204560e+02 -7.440000e+01
      vertex   2.351845e+01 1.219560e+02 -7.389352e+01
    endloop
  endfacet
  facet normal -9.238795e-01 0.000000e+00 3.826834e-01
    outer loop
      vertex   2.351845e+01 1.219560e+02 -7.389352e+01
      vertex   2.330865e+01 1.204560e+02 -7.440000e+01
      vertex   2.351845e+01 1.204560e+02 -7.389352e+01
    endloop
  endfacet
  facet normal -9.914449e-01 0.000000e+00 1.305262e-01
    outer loop
      vertex   -2.982156e+01 1.219560e+02 -2.819352e+01
      vertex   -2.982156e+01 1.204560e+02 -2.819352e+01
      vertex   -2.975000e+01 1.219560e+02 -2.765000e+01
    endloop
  endfacet
  facet normal -9.914449e-01 0.000000e+00 1.305262e-01
    outer loop
      vertex   -2.975000e+01 1.219560e+02 -2.765000e+01
      vertex   -2.982156e+01 1.204560e+02 -2.819352e+01
      vertex   -2.975000e+01 1.204560e+02 -2.765000e+01
    endloop
  endfacet
  facet normal -9.914449e-01 -0.000000e+00 -1.305262e-01
    outer loop
      vertex   -2.975000e+01 1.219560e+02 -2.765000e+01
      vertex   -2.975000e+01 1.204560e+02 -2.765000e+01
      vertex   -2.982156e+01 1.219560e+02 -2.710648e+01
    endloop
  endfacet
  facet normal -9.914449e-01 -0.000000e+00 -1.305262e-01
    outer loop
      vertex   -2.982156e+01 1.219560e+02 -2.710648e+01
      vertex   -2.975000e+01 1.204560e+02 -2.765000e+01
      vertex   -2.982156e+01 1.204560e+02 -2.710648e+01
    endloop
  endfacet
  facet normal -9.238795e-01 -0.000000e+00 -3.826834e-01
    outer loop
      vertex   -2.982156e+01 1.219560e+02 -2.710648e+01
      vertex   -2.982156e+01 1.204560e+02 -2.710648e+01
      vertex   -3.003135e+01 1.219560e+02 -2.660000e+01
    endloop
  endfacet
  facet normal -9.238795e-01 -0.000000e+00 -3.826834e-01
    outer loop
      vertex   -3.003135e+01 1.219560e+02 -2.660000e+01
      vertex   -2.982156e+01 1.204560e+02 -2.710648e+01
      vertex   -3.003135e+01 1.204560e+02 -2.660000e+01
    endloop
  endfacet
  facet normal -7.933533e-01 -0.000000e+00 -6.087614e-01
    outer loop
      vertex   -3.003135e+01 1.219560e+02 -2.660000e+01
      vertex   -3.003135e+01 1.204560e+02 -2.660000e+01
      vertex   -3.036508e+01 1.219560e+02 -2.616508e+01
    endloop
  endfacet
  facet normal -7.933533e-01 -0.000000e+00 -6.087614e-01
    outer loop
      vertex   -3.036508e+01 1.219560e+02 -2.616508e+01
      vertex   -3.003135e+01 1.204560e+02 -2.660000e+01
      vertex   -3.036508e+01 1.204560e+02 -2.616508e+01
    endloop
  endfacet
  facet normal -6.087614e-01 -0.000000e+00 -7.933533e-01
    outer loop
      vertex   -3.036508e+01 1.219560e+02 -2.616508e+01
      vertex   -3.036508e+01 1.204560e+02 -2.616508e+01
      vertex   -3.080000e+01 1.219560e+02 -2.583135e+01
    endloop
  endfacet
  facet normal -6.087614e-01 -0.000000e+00 -7.933533e-01
    outer loop
      vertex   -3.080000e+01 1.219560e+02 -2.583135e+01
      vertex   -3.036508e+01 1.204560e+02 -2.616508e+01
      vertex   -3.080000e+01 1.204560e+02 -2.583135e+01
    endloop
  endfacet
  facet normal -3.826834e-01 -0.000000e+00 -9.238795e-01
    outer loop
      vertex   -3.080000e+01 1.219560e+02 -2.583135e+01
      vertex   -3.080000e+01 1.204560e+02 -2.583135e+01
      vertex   -3.130648e+01 1.219560e+02 -2.562156e+01
    endloop
  endfacet
  facet normal -3.826834e-01 -0.000000e+00 -9.238795e-01
    outer loop
      vertex   -3.130648e+01 1.219560e+02 -2.562156e+01
      vertex   -3.080000e+01 1.204560e+02 -2.583135e+01
      vertex   -3.130648e+01 1.204560e+02 -2.562156e+01
    endloop
  endfacet
  facet normal -1.305262e-01 -0.000000e+00 -9.914449e-01
    outer loop
      vertex   -3.130648e+01 1.219560e+02 -2.562156e+01
      vertex   -3.130648e+01 1.204560e+02 -2.562156e+01
      vertex   -3.185000e+01 1.219560e+02 -2.555000e+01
    endloop
  endfacet
  facet normal -1.305262e-01 -0.000000e+00 -9.914449e-01
    outer loop
      vertex   -3.185000e+01 1.219560e+02 -2.555000e+01
      vertex   -3.130648e+01 1.204560e+02 -2.562156e+01
      vertex   -3.185000e+01 1.204560e+02 -2.555000e+01
    endloop
  endfacet
  facet normal 1.305262e-01 0.000000e+00 -9.914449e-01
    outer loop
      vertex   -3.185000e+01 1.219560e+02 -2.555000e+01
      vertex   -3.185000e+01 1.204560e+02 -2.555000e+01
      vertex   -3.239352e+01 1.219560e+02 -2.562156e+01
    endloop
  endfacet
  facet normal 1.305262e-01 0.000000e+00 -9.914449e-01
    outer loop
      vertex   -3.239352e+01 1.219560e+02 -2.562156e+01
      vertex   -3.185000e+01 1.204560e+02 -2.555000e+01
      vertex   -3.239352e+01 1.204560e+02 -2.562156e+01
    endloop
  endfacet
  facet normal 3.826834e-01 0.000000e+00 -9.238795e-01
    outer loop
      vertex   -3.239352e+01 1.219560e+02 -2.562156e+01
      vertex   -3.239352e+01 1.204560e+02 -2.562156e+01
      vertex   -3.290000e+01 1.219560e+02 -2.583135e+01
    endloop
  endfacet
  facet normal 3.826834e-01 0.000000e+00 -9.238795e-01
    outer loop
      vertex   -3.290000e+01 1.219560e+02 -2.583135e+01
      vertex   -3.239352e+01 1.204560e+02 -2.562156e+01
      vertex   -3.290000e+01 1.204560e+02 -2.583135e+01
    endloop
  endfacet
  facet normal 6.087614e-01 0.000000e+00 -7.933533e-01
    outer loop
      vertex   -3.290000e+01 1.219560e+02 -2.583135e+01
      vertex   -3.290000e+01 1.204560e+02 -2.583135e+01
      vertex   -3.333492e+01 1.219560e+02 -2.616508e+01
    endloop
  endfacet
  facet normal 6.087614e-01 0.000000e+00 -7.933533e-01
    outer loop
      vertex   -3.333492e+01 1.219560e+02 -2.616508e+01
      vertex   -3.290000e+01 1.204560e+02 -2.583135e+01
      vertex   -3.333492e+01 1.204560e+02 -2.616508e+01
    endloop
  endfacet
  facet normal 7.933533e-01 0.000000e+00 -6.087614e-01
    outer loop
      vertex   -3.333492e+01 1.219560e+02 -2.616508e+01
      vertex   -3.333492e+01 1.204560e+02 -2.616508e+01
      vertex   -3.366865e+01 1.219560e+02 -2.660000e+01
    endloop
  endfacet
  facet normal 7.933533e-01 0.000000e+00 -6.087614e-01
    outer loop
      vertex   -3.366865e+01 1.219560e+02 -2.660000e+01
      vertex   -3.333492e+01 1.204560e+02 -2.616508e+01
      vertex   -3.366865e+01 1.204560e+02 -2.660000e+01
    endloop
  endfacet
  facet normal 9.238795e-01 0.000000e+00 -3.826834e-01
    outer loop
      vertex   -3.366865e+01 1.219560e+02 -2.660000e+01
      vertex   -3.366865e+01 1.204560e+02 -2.660000e+01
      vertex   -3.387844e+01 1.219560e+02 -2.710648e+01
    endloop
  endfacet
  facet normal 9.238795e-01 0.000000e+00 -3.826834e-01
    outer loop
      vertex   -3.387844e+01 1.219560e+02 -2.710648e+01
      vertex   -3.366865e+01 1.204560e+02 -2.660000e+01
      vertex   -3.387844e+01 1.204560e+02 -2.710648e+01
    endloop
  endfacet
  facet normal 9.914449e-01 0.000000e+00 -1.305262e-01
    outer loop
      vertex   -3.387844e+01 1.219560e+02 -2.710648e+01
      vertex   -3.387844e+01 1.204560e+02 -2.710648e+01
      vertex   -3.395000e+01 1.219560e+02 -2.765000e+01
    endloop
  endfacet
  facet normal 9.914449e-01 0.000000e+00 -1.305262e-01
    outer loop
      vertex   -3.395000e+01 1.219560e+02 -2.765000e+01
      vertex   -3.387844e+01 1.204560e+02 -2.710648e+01
      vertex   -3.395000e+01 1.204560e+02 -2.765000e+01
    endloop
  endfacet
  facet normal 9.914449e-01 0.000000e+00 1.305262e-01
    outer loop
      vertex   -3.395000e+01 1.219560e+02 -2.765000e+01
      vertex   -3.395000e+01 1.204560e+02 -2.765000e+01
      vertex   -3.387844e+01 1.219560e+02 -2.819352e+01
    endloop
  endfacet
  facet normal 9.914449e-01 0.000000e+00 1.305262e-01
    outer loop
      vertex   -3.387844e+01 1.219560e+02 -2.819352e+01
      vertex   -3.395000e+01 1.204560e+02 -2.765000e+01
      vertex   -3.387844e+01 1.204560e+02 -2.819352e+01
    endloop
  endfacet
  facet normal 9.238795e-01 0.000000e+00 3.826834e-01
    outer loop
      vertex   -3.387844e+01 1.219560e+02 -2.819352e+01
      vertex   -3.387844e+01 1.204560e+02 -2.819352e+01
      vertex   -3.366865e+01 1.219560e+02 -2.870000e+01
    endloop
  endfacet
  facet normal 9.238795e-01 0.000000e+00 3.826834e-01
    outer loop
      vertex   -3.366865e+01 1.219560e+02 -2.870000e+01
      vertex   -3.387844e+01 1.204560e+02 -2.819352e+01
      vertex   -3.366865e+01 1.204560e+02 -2.870000e+01
    endloop
  endfacet
  facet normal 7.933533e-01 0.000000e+00 6.087614e-01
    outer loop
      vertex   -3.366865e+01 1.219560e+02 -2.870000e+01
      vertex   -3.366865e+01 1.204560e+02 -2.870000e+01
      vertex   -3.333492e+01 1.219560e+02 -2.913492e+01
    endloop
  endfacet
  facet normal 7.933533e-01 0.000000e+00 6.087614e-01
    outer loop
      vertex   -3.333492e+01 1.219560e+02 -2.913492e+01
      vertex   -3.366865e+01 1.204560e+02 -2.870000e+01
      vertex   -3.333492e+01 1.204560e+02 -2.913492e+01
    endloop
  endfacet
  facet normal 6.087614e-01 0.000000e+00 7.933533e-01
    outer loop
      vertex   -3.333492e+01 1.219560e+02 -2.913492e+01
      vertex   -3.333492e+01 1.204560e+02 -2.913492e+01
      vertex   -3.290000e+01 1.219560e+02 -2.946865e+01
    endloop
  endfacet
  facet normal 6.087614e-01 0.000000e+00 7.933533e-01
    outer loop
      vertex   -3.290000e+01 1.219560e+02 -2.946865e+01
      vertex   -3.333492e+01 1.204560e+02 -2.913492e+01
      vertex   -3.290000e+01 1.204560e+02 -2.946865e+01
    endloop
  endfacet
  facet normal 3.826834e-01 0.000000e+00 9.238795e-01
    outer loop
      vertex   -3.290000e+01 1.219560e+02 -2.946865e+01
      vertex   -3.290000e+01 1.204560e+02 -2.946865e+01
      vertex   -3.239352e+01 1.219560e+02 -2.967844e+01
    endloop
  endfacet
  facet normal 3.826834e-01 0.000000e+00 9.238795e-01
    outer loop
      vertex   -3.239352e+01 1.219560e+02 -2.967844e+01
      vertex   -3.290000e+01 1.204560e+02 -2.946865e+01
      vertex   -3.239352e+01 1.204560e+02 -2.967844e+01
    endloop
  endfacet
  facet normal 1.305262e-01 0.000000e+00 9.914449e-01
    outer loop
      vertex   -3.239352e+01 1.219560e+02 -2.967844e+01
      vertex   -3.239352e+01 1.204560e+02 -2.967844e+01
      vertex   -3.185000e+01 1.219560e+02 -2.975000e+01
    endloop
  endfacet
  facet normal 1.305262e-01 0.000000e+00 9.914449e-01
    outer loop
      vertex   -3.185000e+01 1.219560e+02 -2.975000e+01
      vertex   -3.239352e+01 1.204560e+02 -2.967844e+01
      vertex   -3.185000e+01 1.204560e+02 -2.975000e+01
    endloop
  endfacet
  facet normal -1.305262e-01 0.000000e+00 9.914449e-01
    outer loop
      vertex   -3.185000e+01 1.219560e+02 -2.975000e+01
      vertex   -3.185000e+01 1.204560e+02 -2.975000e+01
      vertex   -3.130648e+01 1.219560e+02 -2.967844e+01
    endloop
  endfacet
  facet normal -1.305262e-01 0.000000e+00 9.914449e-01
    outer loop
      vertex   -3.130648e+01 1.219560e+02 -2.967844e+01
      vertex   -3.185000e+01 1.204560e+02 -2.975000e+01
      vertex   -3.130648e+01 1.204560e+02 -2.967844e+01
    endloop
  endfacet
  facet normal -3.826834e-01 0.000000e+00 9.238795e-01
    outer loop
      vertex   -3.130648e+01 1.219560e+02 -2.967844e+01
      vertex   -3.130648e+01 1.204560e+02 -2.967844e+01
      vertex   -3.080000e+01 1.219560e+02 -2.946865e+01
    endloop
  endfacet
  facet normal -3.826834e-01 0.000000e+00 9.238795e-01
    outer loop
      vertex   -3.080000e+01 1.219560e+02 -2.946865e+01
      vertex   -3.130648e+01 1.204560e+02 -2.967844e+01
      vertex   -3.080000e+01 1.204560e+02 -2.946865e+01
    endloop
  endfacet
  facet normal -6.087614e-01 0.000000e+00 7.933533e-01
    outer loop
      vertex   -3.080000e+01 1.219560e+02 -2.946865e+01
      vertex   -3.080000e+01 1.204560e+02 -2.946865e+01
      vertex   -3.036508e+01 1.219560e+02 -2.913492e+01
    endloop
  endfacet
  facet normal -6.087614e-01 0.000000e+00 7.933533e-01
    outer loop
      vertex   -3.036508e+01 1.219560e+02 -2.913492e+01
      vertex   -3.080000e+01 1.204560e+02 -2.946865e+01
      vertex   -3.036508e+01 1.204560e+02 -2.913492e+01
    endloop
  endfacet
  facet normal -7.933533e-01 0.000000e+00 6.087614e-01
    outer loop
      vertex   -3.036508e+01 1.219560e+02 -2.913492e+01
      vertex   -3.036508e+01 1.204560e+02 -2.913492e+01
      vertex   -3.003135e+01 1.219560e+02 -2.870000e+01
    endloop
  endfacet
  facet normal -7.933533e-01 0.000000e+00 6.087614e-01
    outer loop
      vertex   -3.003135e+01 1.219560e+02 -2.870000e+01
      vertex   -3.036508e+01 1.204560e+02 -2.913492e+01
      vertex   -3.003135e+01 1.204560e+02 -2.870000e+01
    endloop
  endfacet
  facet normal -9.238795e-01 0.000000e+00 3.826834e-01
    outer loop
      vertex   -3.003135e+01 1.219560e+02 -2.870000e+01
      vertex   -3.003135e+01 1.204560e+02 -2.870000e+01
      vertex   -2.982156e+01 1.219560e+02 -2.819352e+01
    endloop
  endfacet
  facet normal -9.238795e-01 0.000000e+00 3.826834e-01
    outer loop
      vertex   -2.982156e+01 1.219560e+02 -2.819352e+01
      vertex   -3.003135e+01 1.204560e+02 -2.870000e+01
      vertex   -2.982156e+01 1.204560e+02 -2.819352e+01
    endloop
  endfacet
  facet normal -9.914449e-01 0.000000e+00 1.305262e-01
    outer loop
      vertex   -2.982156e+01 1.219560e+02 1.754648e+01
      vertex   -2.982156e+01 1.204560e+02 1.754648e+01
      vertex   -2.975000e+01 1.219560e+02 1.809000e+01
    endloop
  endfacet
  facet normal -9.914449e-01 0.000000e+00 1.305262e-01
    outer loop
      vertex   -2.975000e+01 1.219560e+02 1.809000e+01
      vertex   -2.982156e+01 1.204560e+02 1.754648e+01
      vertex   -2.975000e+01 1.204560e+02 1.809000e+01
    endloop
  endfacet
  facet normal -9.914449e-01 -0.000000e+00 -1.305262e-01
    outer loop
      vertex   -2.975000e+01 1.219560e+02 1.809000e+01
      vertex   -2.975000e+01 1.204560e+02 1.809000e+01
      vertex   -2.982156e+01 1.219560e+02 1.863352e+01
    endloop
  endfacet
  facet normal -9.914449e-01 -0.000000e+00 -1.305262e-01
    outer loop
      vertex   -2.982156e+01 1.219560e+02 1.863352e+01
      vertex   -2.975000e+01 1.204560e+02 1.809000e+01
      vertex   -2.982156e+01 1.204560e+02 1.863352e+01
    endloop
  endfacet
  facet normal -9.238795e-01 -0.000000e+00 -3.826834e-01
    outer loop
      vertex   -2.982156e+01 1.219560e+02 1.863352e+01
      vertex   -2.982156e+01 1.204560e+02 1.863352e+01
      vertex   -3.003135e+01 1.219560e+02 1.914000e+01
    endloop
  endfacet
  facet normal -9.238795e-01 -0.000000e+00 -3.826834e-01
    outer loop
      vertex   -3.003135e+01 1.219560e+02 1.914000e+01
      vertex   -2.982156e+01 1.204560e+02 1.863352e+01
      vertex   -3.003135e+01 1.204560e+02 1.914000e+01
    endloop
  endfacet
  facet normal -7.933533e-01 -0.000000e+00 -6.087614e-01
    outer loop
      vertex   -3.003135e+01 1.219560e+02 1.914000e+01
      vertex   -3.003135e+01 1.204560e+02 1.914000e+01
      vertex   -3.036508e+01 1.219560e+02 1.957493e+01
    endloop
  endfacet
  facet normal -7.933533e-01 -0.000000e+00 -6.087614e-01
    outer loop
      vertex   -3.036508e+01 1.219560e+02 1.957493e+01
      vertex   -3.003135e+01 1.204560e+02 1.914000e+01
      vertex   -3.036508e+01 1.204560e+02 1.957493e+01
    endloop
  endfacet
  facet normal -6.087614e-01 -0.000000e+00 -7.933533e-01
    outer loop
      vertex   -3.036508e+01 1.219560e+02 1.957493e+01
      vertex   -3.036508e+01 1.204560e+02 1.957493e+01
      vertex   -3.080000e+01 1.219560e+02 1.990865e+01
    endloop
  endfacet
  facet normal -6.087614e-01 -0.000000e+00 -7.933533e-01
    outer loop
      vertex   -3.080000e+01 1.219560e+02 1.990865e+01
      vertex   -3.036508e+01 1.204560e+02 1.957493e+01
      vertex   -3.080000e+01 1.204560e+02 1.990865e+01
    endloop
  endfacet
  facet normal -3.826834e-01 -0.000000e+00 -9.238795e-01
    outer loop
      vertex   -3.080000e+01 1.219560e+02 1.990865e+01
      vertex   -3.080000e+01 1.204560e+02 1.990865e+01
      vertex   -3.130648e+01 1.219560e+02 2.011845e+01
    endloop
  endfacet
  facet normal -3.826834e-01 -0.000000e+00 -9.238795e-01
    outer loop
      vertex   -3.130648e+01 1.219560e+02 2.011845e+01
      vertex   -3.080000e+01 1.204560e+02 1.990865e+01
      vertex   -3.130648e+01 1.204560e+02 2.011845e+01
    endloop
  endfacet
  facet normal -1.305262e-01 -0.000000e+00 -9.914449e-01
    outer loop
      vertex   -3.130648e+01 1.219560e+02 2.011845e+01
      vertex   -3.130648e+01 1.204560e+02 2.011845e+01
      vertex   -3.185000e+01 1.219560e+02 2.019000e+01
    endloop
  endfacet
  facet normal -1.305262e-01 -0.000000e+00 -9.914449e-01
    outer loop
      vertex   -3.185000e+01 1.219560e+02 2.019000e+01
      vertex   -3.130648e+01 1.204560e+02 2.011845e+01
      vertex   -3.185000e+01 1.204560e+02 2.019000e+01
    endloop
  endfacet
  facet normal 1.305262e-01 0.000000e+00 -9.914449e-01
    outer loop
      vertex   -3.185000e+01 1.219560e+02 2.019000e+01
      vertex   -3.185000e+01 1.204560e+02 2.019000e+01
      vertex   -3.239352e+01 1.219560e+02 2.011845e+01
    endloop
  endfacet
  facet normal 1.305262e-01 0.000000e+00 -9.914449e-01
    outer loop
      vertex   -3.239352e+01 1.219560e+02 2.011845e+01
      vertex   -3.185000e+01 1.204560e+02 2.019000e+01
      vertex   -3.239352e+01 1.204560e+02 2.011845e+01
    endloop
  endfacet
  facet normal 3.826834e-01 0.000000e+00 -9.238795e-01
    outer loop
      vertex   -3.239352e+01 1.219560e+02 2.011845e+01
      vertex   -3.239352e+01 1.204560e+02 2.011845e+01
      vertex   -3.290000e+01 1.219560e+02 1.990865e+01
    endloop
  endfacet
  facet normal 3.826834e-01 0.000000e+00 -9.238795e-01
    outer loop
      vertex   -3.290000e+01 1.219560e+02 1.990865e+01
      vertex   -3.239352e+01 1.204560e+02 2.011845e+01
      vertex   -3.290000e+01 1.204560e+02 1.990865e+01
    endloop
  endfacet
  facet normal 6.087614e-01 0.000000e+00 -7.933533e-01
    outer loop
      vertex   -3.290000e+01 1.219560e+02 1.990865e+01
      vertex   -3.290000e+01 1.204560e+02 1.990865e+01
      vertex   -3.333493e+01 1.219560e+02 1.957493e+01
    endloop
  endfacet
  facet normal 6.087614e-01 0.000000e+00 -7.933533e-01
    outer loop
      vertex   -3.333493e+01 1.219560e+02 1.957493e+01
      vertex   -3.290000e+01 1.204560e+02 1.990865e+01
      vertex   -3.333493e+01 1.204560e+02 1.957493e+01
    endloop
  endfacet
  facet normal 7.933533e-01 0.000000e+00 -6.087614e-01
    outer loop
      vertex   -3.333493e+01 1.219560e+02 1.957493e+01
      vertex   -3.333493e+01 1.204560e+02 1.957493e+01
      vertex   -3.366865e+01 1.219560e+02 1.914000e+01
    endloop
  endfacet
  facet normal 7.933533e-01 0.000000e+00 -6.087614e-01
    outer loop
      vertex   -3.366865e+01 1.219560e+02 1.914000e+01
      vertex   -3.333493e+01 1.204560e+02 1.957493e+01
      vertex   -3.366865e+01 1.204560e+02 1.914000e+01
    endloop
  endfacet
  facet normal 9.238795e-01 0.000000e+00 -3.826834e-01
    outer loop
      vertex   -3.366865e+01 1.219560e+02 1.914000e+01
      vertex   -3.366865e+01 1.204560e+02 1.914000e+01
      vertex   -3.387845e+01 1.219560e+02 1.863352e+01
    endloop
  endfacet
  facet normal 9.238795e-01 0.000000e+00 -3.826834e-01
    outer loop
      vertex   -3.387845e+01 1.219560e+02 1.863352e+01
      vertex   -3.366865e+01 1.204560e+02 1.914000e+01
      vertex   -3.387845e+01 1.204560e+02 1.863352e+01
    endloop
  endfacet
  facet normal 9.914449e-01 0.000000e+00 -1.305262e-01
    outer loop
      vertex   -3.387845e+01 1.219560e+02 1.863352e+01
      vertex   -3.387845e+01 1.204560e+02 1.863352e+01
      vertex   -3.395000e+01 1.219560e+02 1.809000e+01
    endloop
  endfacet
  facet normal 9.914449e-01 0.000000e+00 -1.305262e-01
    outer loop
      vertex   -3.395000e+01 1.219560e+02 1.809000e+01
      vertex   -3.387845e+01 1.204560e+02 1.863352e+01
      vertex   -3.395000e+01 1.204560e+02 1.809000e+01
    endloop
  endfacet
  facet normal 9.914449e-01 0.000000e+00 1.305262e-01
    outer loop
      vertex   -3.395000e+01 1.219560e+02 1.809000e+01
      vertex   -3.395000e+01 1.204560e+02 1.809000e+01
      vertex   -3.387845e+01 1.219560e+02 1.754648e+01
    endloop
  endfacet
  facet normal 9.914449e-01 0.000000e+00 1.305262e-01
    outer loop
      vertex   -3.387845e+01 1.219560e+02 1.754648e+01
      vertex   -3.395000e+01 1.204560e+02 1.809000e+01
      vertex   -3.387845e+01 1.204560e+02 1.754648e+01
    endloop
  endfacet
  facet normal 9.238795e-01 0.000000e+00 3.826834e-01
    outer loop
      vertex   -3.387845e+01 1.219560e+02 1.754648e+01
      vertex   -3.387845e+01 1.204560e+02 1.754648e+01
      vertex   -3.366865e+01 1.219560e+02 1.704000e+01
    endloop
  endfacet
  facet normal 9.238795e-01 0.000000e+00 3.826834e-01
    outer loop
      vertex   -3.366865e+01 1.219560e+02 1.704000e+01
      vertex   -3.387845e+01 1.204560e+02 1.754648e+01
      vertex   -3.366865e+01 1.204560e+02 1.704000e+01
    endloop
  endfacet
  facet normal 7.933533e-01 0.000000e+00 6.087614e-01
    outer loop
      vertex   -3.366865e+01 1.219560e+02 1.704000e+01
      vertex   -3.366865e+01 1.204560e+02 1.704000e+01
      vertex   -3.333493e+01 1.219560e+02 1.660508e+01
    endloop
  endfacet
  facet normal 7.933533e-01 0.000000e+00 6.087614e-01
    outer loop
      vertex   -3.333493e+01 1.219560e+02 1.660508e+01
      vertex   -3.366865e+01 1.204560e+02 1.704000e+01
      vertex   -3.333493e+01 1.204560e+02 1.660508e+01
    endloop
  endfacet
  facet normal 6.087614e-01 0.000000e+00 7.933533e-01
    outer loop
      vertex   -3.333493e+01 1.219560e+02 1.660508e+01
      vertex   -3.333493e+01 1.204560e+02 1.660508e+01
      vertex   -3.290000e+01 1.219560e+02 1.627135e+01
    endloop
  endfacet
  facet normal 6.087614e-01 0.000000e+00 7.933533e-01
    outer loop
      vertex   -3.290000e+01 1.219560e+02 1.627135e+01
      vertex   -3.333493e+01 1.204560e+02 1.660508e+01
      vertex   -3.290000e+01 1.204560e+02 1.627135e+01
    endloop
  endfacet
  facet normal 3.826834e-01 0.000000e+00 9.238795e-01
    outer loop
      vertex   -3.290000e+01 1.219560e+02 1.627135e+01
      vertex   -3.290000e+01 1.204560e+02 1.627135e+01
      vertex   -3.239352e+01 1.219560e+02 1.606156e+01
    endloop
  endfacet
  facet normal 3.826834e-01 0.000000e+00 9.238795e-01
    outer loop
      vertex   -3.239352e+01 1.219560e+02 1.606156e+01
      vertex   -3.290000e+01 1.204560e+02 1.627135e+01
      vertex   -3.239352e+01 1.204560e+02 1.606156e+01
    endloop
  endfacet
  facet normal 1.305262e-01 0.000000e+00 9.914449e-01
    outer loop
      vertex   -3.239352e+01 1.219560e+02 1.606156e+01
      vertex   -3.239352e+01 1.204560e+02 1.606156e+01
      vertex   -3.185000e+01 1.219560e+02 1.599000e+01
    endloop
  endfacet
  facet normal 1.305262e-01 0.000000e+00 9.914449e-01
    outer loop
      vertex   -3.185000e+01 1.219560e+02 1.599000e+01
      vertex   -3.239352e+01 1.204560e+02 1.606156e+01
      vertex   -3.185000e+01 1.204560e+02 1.599000e+01
    endloop
  endfacet
  facet normal -1.305262e-01 0.000000e+00 9.914449e-01
    outer loop
      vertex   -3.185000e+01 1.219560e+02 1.599000e+01
      vertex   -3.185000e+01 1.204560e+02 1.599000e+01
      vertex   -3.130648e+01 1.219560e+02 1.606156e+01
    endloop
  endfacet
  facet normal -1.305262e-01 0.000000e+00 9.914449e-01
    outer loop
      vertex   -3.130648e+01 1.219560e+02 1.606156e+01
      vertex   -3.185000e+01 1.204560e+02 1.599000e+01
      vertex   -3.130648e+01 1.204560e+02 1.606156e+01
    endloop
  endfacet
  facet normal -3.826834e-01 0.000000e+00 9.238795e-01
    outer loop
      vertex   -3.130648e+01 1.219560e+02 1.606156e+01
      vertex   -3.130648e+01 1.204560e+02 1.606156e+01
      vertex   -3.080000e+01 1.219560e+02 1.627135e+01
    endloop
  endfacet
  facet normal -3.826834e-01 0.000000e+00 9.238795e-01
    outer loop
      vertex   -3.080000e+01 1.219560e+02 1.627135e+01
      vertex   -3.130648e+01 1.204560e+02 1.606156e+01
      vertex   -3.080000e+01 1.204560e+02 1.627135e+01
    endloop
  endfacet
  facet normal -6.087614e-01 0.000000e+00 7.933533e-01
    outer loop
      vertex   -3.080000e+01 1.219560e+02 1.627135e+01
      vertex   -3.080000e+01 1.204560e+02 1.627135e+01
      vertex   -3.036508e+01 1.219560e+02 1.660508e+01
    endloop
  endfacet
  facet normal -6.087614e-01 0.000000e+00 7.933533e-01
    outer loop
      vertex   -3.036508e+01 1.219560e+02 1.660508e+01
      vertex   -3.080000e+01 1.204560e+02 1.627135e+01
      vertex   -3.036508e+01 1.204560e+02 1.660508e+01
    endloop
  endfacet
  facet normal -7.933533e-01 0.000000e+00 6.087614e-01
    outer loop
      vertex   -3.036508e+01 1.219560e+02 1.660508e+01
      vertex   -3.036508e+01 1.204560e+02 1.660508e+01
      vertex   -3.003135e+01 1.219560e+02 1.704000e+01
    endloop
  endfacet
  facet normal -7.933533e-01 0.000000e+00 6.087614e-01
    outer loop
      vertex   -3.003135e+01 1.219560e+02 1.704000e+01
      vertex   -3.036508e+01 1.204560e+02 1.660508e+01
      vertex   -3.003135e+01 1.204560e+02 1.704000e+01
    endloop
  endfacet
  facet normal -9.238795e-01 0.000000e+00 3.826834e-01
    outer loop
      vertex   -3.003135e+01 1.219560e+02 1.704000e+01
      vertex   -3.003135e+01 1.204560e+02 1.704000e+01
      vertex   -2.982156e+01 1.219560e+02 1.754648e+01
    endloop
  endfacet
  facet normal -9.238795e-01 0.000000e+00 3.826834e-01
    outer loop
      vertex   -2.982156e+01 1.219560e+02 1.754648e+01
      vertex   -3.003135e+01 1.204560e+02 1.704000e+01
      vertex   -2.982156e+01 1.204560e+02 1.754648e+01
    endloop
  endfacet
  facet normal 1.035208e-01 0.000000e+00 9.946273e-01
    outer loop
      vertex   -3.187949e+01 1.219560e+02 2.136977e+01
      vertex   -3.187949e+01 1.204560e+02 2.136977e+01
      vertex   -3.114471e+01 1.219560e+02 2.129329e+01
    endloop
  endfacet
  facet normal 1.035208e-01 0.000000e+00 9.946273e-01
    outer loop
      vertex   -3.114471e+01 1.219560e+02 2.129329e+01
      vertex   -3.187949e+01 1.204560e+02 2.136977e+01
      vertex   -3.114471e+01 1.204560e+02 2.129329e+01
    endloop
  endfacet
  facet normal 3.234874e-01 0.000000e+00 9.462325e-01
    outer loop
      vertex   -3.114471e+01 1.219560e+02 2.129329e+01
      vertex   -3.114471e+01 1.204560e+02 2.129329e+01
      vertex   -3.044569e+01 1.219560e+02 2.105432e+01
    endloop
  endfacet
  facet normal 3.234874e-01 0.000000e+00 9.462325e-01
    outer loop
      vertex   -3.044569e+01 1.219560e+02 2.105432e+01
      vertex   -3.114471e+01 1.204560e+02 2.129329e+01
      vertex   -3.044569e+01 1.204560e+02 2.105432e+01
    endloop
  endfacet
  facet normal 5.270443e-01 0.000000e+00 8.498378e-01
    outer loop
      vertex   -3.044569e+01 1.219560e+02 2.105432e+01
      vertex   -3.044569e+01 1.204560e+02 2.105432e+01
      vertex   -2.981788e+01 1.219560e+02 2.066497e+01
    endloop
  endfacet
  facet normal 5.270443e-01 0.000000e+00 8.498378e-01
    outer loop
      vertex   -2.981788e+01 1.219560e+02 2.066497e+01
      vertex   -3.044569e+01 1.204560e+02 2.105432e+01
      vertex   -2.981788e+01 1.204560e+02 2.066497e+01
    endloop
  endfacet
  facet normal 7.038656e-01 0.000000e+00 7.103331e-01
    outer loop
      vertex   -2.981788e+01 1.219560e+02 2.066497e+01
      vertex   -2.981788e+01 1.204560e+02 2.066497e+01
      vertex   -2.929312e+01 1.219560e+02 2.014499e+01
    endloop
  endfacet
  facet normal 7.038656e-01 0.000000e+00 7.103331e-01
    outer loop
      vertex   -2.929312e+01 1.219560e+02 2.014499e+01
      vertex   -2.981788e+01 1.204560e+02 2.066497e+01
      vertex   -2.929312e+01 1.204560e+02 2.014499e+01
    endloop
  endfacet
  facet normal 8.449818e-01 0.000000e+00 5.347951e-01
    outer loop
      vertex   -2.929312e+01 1.219560e+02 2.014499e+01
      vertex   -2.929312e+01 1.204560e+02 2.014499e+01
      vertex   -2.889804e+01 1.219560e+02 1.952076e+01
    endloop
  endfacet
  facet normal 8.449818e-01 0.000000e+00 5.347951e-01
    outer loop
      vertex   -2.889804e+01 1.219560e+02 1.952076e+01
      vertex   -2.929312e+01 1.204560e+02 2.014499e+01
      vertex   -2.889804e+01 1.204560e+02 1.952076e+01
    endloop
  endfacet
  facet normal 9.432342e-01 0.000000e+00 3.321284e-01
    outer loop
      vertex   -2.889804e+01 1.219560e+02 1.952076e+01
      vertex   -2.889804e+01 1.204560e+02 1.952076e+01
      vertex   -2.865268e+01 1.219560e+02 1.882395e+01
    endloop
  endfacet
  facet normal 9.432342e-01 0.000000e+00 3.321284e-01
    outer loop
      vertex   -2.865268e+01 1.219560e+02 1.882395e+01
      vertex   -2.889804e+01 1.204560e+02 1.952076e+01
      vertex   -2.865268e+01 1.204560e+02 1.882395e+01
    endloop
  endfacet
  facet normal 9.936388e-01 0.000000e+00 1.126137e-01
    outer loop
      vertex   -2.865268e+01 1.219560e+02 1.882395e+01
      vertex   -2.865268e+01 1.204560e+02 1.882395e+01
      vertex   -2.856949e+01 1.219560e+02 1.808990e+01
    endloop
  endfacet
  facet normal 9.936388e-01 0.000000e+00 1.126137e-01
    outer loop
      vertex   -2.856949e+01 1.219560e+02 1.808990e+01
      vertex   -2.865268e+01 1.204560e+02 1.882395e+01
      vertex   -2.856949e+01 1.204560e+02 1.808990e+01
    endloop
  endfacet
  facet normal 9.936388e-01 0.000000e+00 -1.126137e-01
    outer loop
      vertex   -2.856949e+01 1.219560e+02 1.808990e+01
      vertex   -2.856949e+01 1.204560e+02 1.808990e+01
      vertex   -2.865268e+01 1.219560e+02 1.735586e+01
    endloop
  endfacet
  facet normal 9.936388e-01 0.000000e+00 -1.126137e-01
    outer loop
      vertex   -2.865268e+01 1.219560e+02 1.735586e+01
      vertex   -2.856949e+01 1.204560e+02 1.808990e+01
      vertex   -2.865268e+01 1.204560e+02 1.735586e+01
    endloop
  endfacet
  facet normal 9.432342e-01 0.000000e+00 -3.321284e-01
    outer loop
      vertex   -2.865268e+01 1.219560e+02 1.735586e+01
      vertex   -2.865268e+01 1.204560e+02 1.735586e+01
      vertex   -2.889804e+01 1.219560e+02 1.665905e+01
    endloop
  endfacet
  facet normal 9.432342e-01 0.000000e+00 -3.321284e-01
    outer loop
      vertex   -2.889804e+01 1.219560e+02 1.665905e+01
      vertex   -2.865268e+01 1.204560e+02 1.735586e+01
      vertex   -2.889804e+01 1.204560e+02 1.665905e+01
    endloop
  endfacet
  facet normal 8.449818e-01 0.000000e+00 -5.347951e-01
    outer loop
      vertex   -2.889804e+01 1.219560e+02 1.665905e+01
      vertex   -2.889804e+01 1.204560e+02 1.665905e+01
      vertex   -2.929312e+01 1.219560e+02 1.603482e+01
    endloop
  endfacet
  facet normal 8.449818e-01 0.000000e+00 -5.347951e-01
    outer loop
      vertex   -2.929312e+01 1.219560e+02 1.603482e+01
      vertex   -2.889804e+01 1.204560e+02 1.665905e+01
      vertex   -2.929312e+01 1.204560e+02 1.603482e+01
    endloop
  endfacet
  facet normal 7.038656e-01 0.000000e+00 -7.103331e-01
    outer loop
      vertex   -2.929312e+01 1.219560e+02 1.603482e+01
      vertex   -2.929312e+01 1.204560e+02 1.603482e+01
      vertex   -2.981788e+01 1.219560e+02 1.551484e+01
    endloop
  endfacet
  facet normal 7.038656e-01 0.000000e+00 -7.103331e-01
    outer loop
      vertex   -2.981788e+01 1.219560e+02 1.551484e+01
      vertex   -2.929312e+01 1.204560e+02 1.603482e+01
      vertex   -2.981788e+01 1.204560e+02 1.551484e+01
    endloop
  endfacet
  facet normal 5.270443e-01 0.000000e+00 -8.498378e-01
    outer loop
      vertex   -2.981788e+01 1.219560e+02 1.551484e+01
      vertex   -2.981788e+01 1.204560e+02 1.551484e+01
      vertex   -3.044569e+01 1.219560e+02 1.512549e+01
    endloop
  endfacet
  facet normal 5.270443e-01 0.000000e+00 -8.498378e-01
    outer loop
      vertex   -3.044569e+01 1.219560e+02 1.512549e+01
      vertex   -2.981788e+01 1.204560e+02 1.551484e+01
      vertex   -3.044569e+01 1.204560e+02 1.512549e+01
    endloop
  endfacet
  facet normal 3.234874e-01 0.000000e+00 -9.462325e-01
    outer loop
      vertex   -3.044569e+01 1.219560e+02 1.512549e+01
      vertex   -3.044569e+01 1.204560e+02 1.512549e+01
      vertex   -3.114471e+01 1.219560e+02 1.488652e+01
    endloop
  endfacet
  facet normal 3.234874e-01 0.000000e+00 -9.462325e-01
    outer loop
      vertex   -3.114471e+01 1.219560e+02 1.488652e+01
      vertex   -3.044569e+01 1.204560e+02 1.512549e+01
      vertex   -3.114471e+01 1.204560e+02 1.488652e+01
    endloop
  endfacet
  facet normal 1.035208e-01 0.000000e+00 -9.946273e-01
    outer loop
      vertex   -3.114471e+01 1.219560e+02 1.488652e+01
      vertex   -3.114471e+01 1.204560e+02 1.488652e+01
      vertex   -3.187949e+01 1.219560e+02 1.481004e+01
    endloop
  endfacet
  facet normal 1.035208e-01 0.000000e+00 -9.946273e-01
    outer loop
      vertex   -3.187949e+01 1.219560e+02 1.481004e+01
      vertex   -3.114471e+01 1.204560e+02 1.488652e+01
      vertex   -3.187949e+01 1.204560e+02 1.481004e+01
    endloop
  endfacet
  facet normal 1.000000e+00 0.000000e+00 -5.182108e-14
    outer loop
      vertex   -3.187949e+01 1.204560e+02 3.110490e+01
      vertex   -3.187949e+01 1.204560e+02 2.136977e+01
      vertex   -3.187949e+01 1.219560e+02 3.110490e+01
    endloop
  endfacet
  facet normal 1.000000e+00 0.000000e+00 -5.182108e-14
    outer loop
      vertex   -3.187949e+01 1.219560e+02 3.110490e+01
      vertex   -3.187949e+01 1.204560e+02 2.136977e+01
      vertex   -3.187949e+01 1.219560e+02 2.136977e+01
    endloop
  endfacet
  facet normal 0.000000e+00 0.000000e+00 -1.000000e+00
    outer loop
      vertex   2.152051e+01 1.204560e+02 3.110490e+01
      vertex   -3.187949e+01 1.204560e+02 3.110490e+01
      vertex   2.152051e+01 1.219560e+02 3.110490e+01
    endloop
  endfacet
  facet normal -0.000000e+00 0.000000e+00 -1.000000e+00
    outer loop
      vertex   2.152051e+01 1.219560e+02 3.110490e+01
      vertex   -3.187949e+01 1.204560e+02 3.110490e+01
      vertex   -3.187949e+01 1.219560e+02 3.110490e+01
    endloop
  endfacet
  facet normal -1.000000e+00 0.000000e+00 5.291589e-14
    outer loop
      vertex   2.152051e+01 1.204560e+02 2.136977e+01
      vertex   2.152051e+01 1.204560e+02 3.110490e+01
      vertex   2.152051e+01 1.219560e+02 2.136977e+01
    endloop
  endfacet
  facet normal -1.000000e+00 0.000000e+00 5.291589e-14
    outer loop
      vertex   2.152051e+01 1.219560e+02 2.136977e+01
      vertex   2.152051e+01 1.204560e+02 3.110490e+01
      vertex   2.152051e+01 1.219560e+02 3.110490e+01
    endloop
  endfacet
  facet normal -1.035208e-01 -0.000000e+00 -9.946273e-01
    outer loop
      vertex   2.152051e+01 1.219560e+02 1.481004e+01
      vertex   2.152051e+01 1.204560e+02 1.481004e+01
      vertex   2.078573e+01 1.219560e+02 1.488652e+01
    endloop
  endfacet
  facet normal -1.035208e-01 -0.000000e+00 -9.946273e-01
    outer loop
      vertex   2.078573e+01 1.219560e+02 1.488652e+01
      vertex   2.152051e+01 1.204560e+02 1.481004e+01
      vertex   2.078573e+01 1.204560e+02 1.488652e+01
    endloop
  endfacet
  facet normal -3.234874e-01 -0.000000e+00 -9.462325e-01
    outer loop
      vertex   2.078573e+01 1.219560e+02 1.488652e+01
      vertex   2.078573e+01 1.204560e+02 1.488652e+01
      vertex   2.008671e+01 1.219560e+02 1.512549e+01
    endloop
  endfacet
  facet normal -3.234874e-01 -0.000000e+00 -9.462325e-01
    outer loop
      vertex   2.008671e+01 1.219560e+02 1.512549e+01
      vertex   2.078573e+01 1.204560e+02 1.488652e+01
      vertex   2.008671e+01 1.204560e+02 1.512549e+01
    endloop
  endfacet
  facet normal -5.270443e-01 -0.000000e+00 -8.498378e-01
    outer loop
      vertex   2.008671e+01 1.219560e+02 1.512549e+01
      vertex   2.008671e+01 1.204560e+02 1.512549e+01
      vertex   1.945889e+01 1.219560e+02 1.551484e+01
    endloop
  endfacet
  facet normal -5.270443e-01 -0.000000e+00 -8.498378e-01
    outer loop
      vertex   1.945889e+01 1.219560e+02 1.551484e+01
      vertex   2.008671e+01 1.204560e+02 1.512549e+01
      vertex   1.945889e+01 1.204560e+02 1.551484e+01
    endloop
  endfacet
  facet normal -7.038656e-01 -0.000000e+00 -7.103331e-01
    outer loop
      vertex   1.945889e+01 1.219560e+02 1.551484e+01
      vertex   1.945889e+01 1.204560e+02 1.551484e+01
      vertex   1.893414e+01 1.219560e+02 1.603482e+01
    endloop
  endfacet
  facet normal -7.038656e-01 -0.000000e+00 -7.103331e-01
    outer loop
      vertex   1.893414e+01 1.219560e+02 1.603482e+01
      vertex   1.945889e+01 1.204560e+02 1.551484e+01
      vertex   1.893414e+01 1.204560e+02 1.603482e+01
    endloop
  endfacet
  facet normal -8.449818e-01 -0.000000e+00 -5.347951e-01
    outer loop
      vertex   1.893414e+01 1.219560e+02 1.603482e+01
      vertex   1.893414e+01 1.204560e+02 1.603482e+01
      vertex   1.853906e+01 1.219560e+02 1.665905e+01
    endloop
  endfacet
  facet normal -8.449818e-01 -0.000000e+00 -5.347951e-01
    outer loop
      vertex   1.853906e+01 1.219560e+02 1.665905e+01
      vertex   1.893414e+01 1.204560e+02 1.603482e+01
      vertex   1.853906e+01 1.204560e+02 1.665905e+01
    endloop
  endfacet
  facet normal -9.432342e-01 -0.000000e+00 -3.321284e-01
    outer loop
      vertex   1.853906e+01 1.219560e+02 1.665905e+01
      vertex   1.853906e+01 1.204560e+02 1.665905e+01
      vertex   1.829370e+01 1.219560e+02 1.735586e+01
    endloop
  endfacet
  facet normal -9.432342e-01 -0.000000e+00 -3.321284e-01
    outer loop
      vertex   1.829370e+01 1.219560e+02 1.735586e+01
      vertex   1.853906e+01 1.204560e+02 1.665905e+01
      vertex   1.829370e+01 1.204560e+02 1.735586e+01
    endloop
  endfacet
  facet normal -9.936388e-01 -0.000000e+00 -1.126137e-01
    outer loop
      vertex   1.829370e+01 1.219560e+02 1.735586e+01
      vertex   1.829370e+01 1.204560e+02 1.735586e+01
      vertex   1.821051e+01 1.219560e+02 1.808990e+01
    endloop
  endfacet
  facet normal -9.936388e-01 -0.000000e+00 -1.126137e-01
    outer loop
      vertex   1.821051e+01 1.219560e+02 1.808990e+01
      vertex   1.829370e+01 1.204560e+02 1.735586e+01
      vertex   1.821051e+01 1.204560e+02 1.808990e+01
    endloop
  endfacet
  facet normal -9.936388e-01 0.000000e+00 1.126137e-01
    outer loop
      vertex   1.821051e+01 1.219560e+02 1.808990e+01
      vertex   1.821051e+01 1.204560e+02 1.808990e+01
      vertex   1.829370e+01 1.219560e+02 1.882395e+01
    endloop
  endfacet
  facet normal -9.936388e-01 0.000000e+00 1.126137e-01
    outer loop
      vertex   1.829370e+01 1.219560e+02 1.882395e+01
      vertex   1.821051e+01 1.204560e+02 1.808990e+01
      vertex   1.829370e+01 1.204560e+02 1.882395e+01
    endloop
  endfacet
  facet normal -9.432342e-01 0.000000e+00 3.321284e-01
    outer loop
      vertex   1.829370e+01 1.219560e+02 1.882395e+01
      vertex   1.829370e+01 1.204560e+02 1.882395e+01
      vertex   1.853906e+01 1.219560e+02 1.952076e+01
    endloop
  endfacet
  facet normal -9.432342e-01 0.000000e+00 3.321284e-01
    outer loop
      vertex   1.853906e+01 1.219560e+02 1.952076e+01
      vertex   1.829370e+01 1.204560e+02 1.882395e+01
      vertex   1.853906e+01 1.204560e+02 1.952076e+01
    endloop
  endfacet
  facet normal -8.449818e-01 0.000000e+00 5.347951e-01
    outer loop
      vertex   1.853906e+01 1.219560e+02 1.952076e+01
      vertex   1.853906e+01 1.204560e+02 1.952076e+01
      vertex   1.893414e+01 1.219560e+02 2.014499e+01
    endloop
  endfacet
  facet normal -8.449818e-01 0.000000e+00 5.347951e-01
    outer loop
      vertex   1.893414e+01 1.219560e+02 2.014499e+01
      vertex   1.853906e+01 1.204560e+02 1.952076e+01
      vertex   1.893414e+01 1.204560e+02 2.014499e+01
    endloop
  endfacet
  facet normal -7.038656e-01 0.000000e+00 7.103331e-01
    outer loop
      vertex   1.893414e+01 1.219560e+02 2.014499e+01
      vertex   1.893414e+01 1.204560e+02 2.014499e+01
      vertex   1.945889e+01 1.219560e+02 2.066497e+01
    endloop
  endfacet
  facet normal -7.038656e-01 0.000000e+00 7.103331e-01
    outer loop
      vertex   1.945889e+01 1.219560e+02 2.066497e+01
      vertex   1.893414e+01 1.204560e+02 2.014499e+01
      vertex   1.945889e+01 1.204560e+02 2.066497e+01
    endloop
  endfacet
  facet normal -5.270443e-01 0.000000e+00 8.498378e-01
    outer loop
      vertex   1.945889e+01 1.219560e+02 2.066497e+01
      vertex   1.945889e+01 1.204560e+02 2.066497e+01
      vertex   2.008671e+01 1.219560e+02 2.105432e+01
    endloop
  endfacet
  facet normal -5.270443e-01 0.000000e+00 8.498378e-01
    outer loop
      vertex   2.008671e+01 1.219560e+02 2.105432e+01
      vertex   1.945889e+01 1.204560e+02 2.066497e+01
      vertex   2.008671e+01 1.204560e+02 2.105432e+01
    endloop
  endfacet
  facet normal -3.234874e-01 0.000000e+00 9.462325e-01
    outer loop
      vertex   2.008671e+01 1.219560e+02 2.105432e+01
      vertex   2.008671e+01 1.204560e+02 2.105432e+01
      vertex   2.078573e+01 1.219560e+02 2.129329e+01
    endloop
  endfacet
  facet normal -3.234874e-01 0.000000e+00 9.462325e-01
    outer loop
      vertex   2.078573e+01 1.219560e+02 2.129329e+01
      vertex   2.008671e+01 1.204560e+02 2.105432e+01
      vertex   2.078573e+01 1.204560e+02 2.129329e+01
    endloop
  endfacet
  facet normal -1.035208e-01 0.000000e+00 9.946273e-01
    outer loop
      vertex   2.078573e+01 1.219560e+02 2.129329e+01
      vertex   2.078573e+01 1.204560e+02 2.129329e+01
      vertex   2.152051e+01 1.219560e+02 2.136977e+01
    endloop
  endfacet
  facet normal -1.035208e-01 0.000000e+00 9.946273e-01
    outer loop
      vertex   2.152051e+01 1.219560e+02 2.136977e+01
      vertex   2.078573e+01 1.204560e+02 2.129329e+01
      vertex   2.152051e+01 1.204560e+02 2.136977e+01
    endloop
  endfacet
  facet normal -1.000000e+00 0.000000e+00 -3.627294e-16
    outer loop
      vertex   2.152051e+01 1.204560e+02 -2.436752e+01
      vertex   2.152051e+01 1.204560e+02 1.481004e+01
      vertex   2.152051e+01 1.219560e+02 -2.436752e+01
    endloop
  endfacet
  facet normal -1.000000e+00 0.000000e+00 -3.627294e-16
    outer loop
      vertex   2.152051e+01 1.219560e+02 -2.436752e+01
      vertex   2.152051e+01 1.204560e+02 1.481004e+01
      vertex   2.152051e+01 1.219560e+02 1.481004e+01
    endloop
  endfacet
  facet normal -1.035208e-01 -0.000000e+00 -9.946273e-01
    outer loop
      vertex   2.152051e+01 1.219560e+02 -3.092725e+01
      vertex   2.152051e+01 1.204560e+02 -3.092725e+01
      vertex   2.078573e+01 1.219560e+02 -3.085077e+01
    endloop
  endfacet
  facet normal -1.035208e-01 -0.000000e+00 -9.946273e-01
    outer loop
      vertex   2.078573e+01 1.219560e+02 -3.085077e+01
      vertex   2.152051e+01 1.204560e+02 -3.092725e+01
      vertex   2.078573e+01 1.204560e+02 -3.085077e+01
    endloop
  endfacet
  facet normal -3.234874e-01 -0.000000e+00 -9.462325e-01
    outer loop
      vertex   2.078573e+01 1.219560e+02 -3.085077e+01
      vertex   2.078573e+01 1.204560e+02 -3.085077e+01
      vertex   2.008671e+01 1.219560e+02 -3.061180e+01
    endloop
  endfacet
  facet normal -3.234874e-01 -0.000000e+00 -9.462325e-01
    outer loop
      vertex   2.008671e+01 1.219560e+02 -3.061180e+01
      vertex   2.078573e+01 1.204560e+02 -3.085077e+01
      vertex   2.008671e+01 1.204560e+02 -3.061180e+01
    endloop
  endfacet
  facet normal -5.270443e-01 -0.000000e+00 -8.498378e-01
    outer loop
      vertex   2.008671e+01 1.219560e+02 -3.061180e+01
      vertex   2.008671e+01 1.204560e+02 -3.061180e+01
      vertex   1.945889e+01 1.219560e+02 -3.022245e+01
    endloop
  endfacet
  facet normal -5.270443e-01 -0.000000e+00 -8.498378e-01
    outer loop
      vertex   1.945889e+01 1.219560e+02 -3.022245e+01
      vertex   2.008671e+01 1.204560e+02 -3.061180e+01
      vertex   1.945889e+01 1.204560e+02 -3.022245e+01
    endloop
  endfacet
  facet normal -7.038656e-01 -0.000000e+00 -7.103331e-01
    outer loop
      vertex   1.945889e+01 1.219560e+02 -3.022245e+01
      vertex   1.945889e+01 1.204560e+02 -3.022245e+01
      vertex   1.893414e+01 1.219560e+02 -2.970247e+01
    endloop
  endfacet
  facet normal -7.038656e-01 -0.000000e+00 -7.103331e-01
    outer loop
      vertex   1.893414e+01 1.219560e+02 -2.970247e+01
      vertex   1.945889e+01 1.204560e+02 -3.022245e+01
      vertex   1.893414e+01 1.204560e+02 -2.970247e+01
    endloop
  endfacet
  facet normal -8.449818e-01 -0.000000e+00 -5.347951e-01
    outer loop
      vertex   1.893414e+01 1.219560e+02 -2.970247e+01
      vertex   1.893414e+01 1.204560e+02 -2.970247e+01
      vertex   1.853906e+01 1.219560e+02 -2.907824e+01
    endloop
  endfacet
  facet normal -8.449818e-01 -0.000000e+00 -5.347951e-01
    outer loop
      vertex   1.853906e+01 1.219560e+02 -2.907824e+01
      vertex   1.893414e+01 1.204560e+02 -2.970247e+01
      vertex   1.853906e+01 1.204560e+02 -2.907824e+01
    endloop
  endfacet
  facet normal -9.432342e-01 -0.000000e+00 -3.321284e-01
    outer loop
      vertex   1.853906e+01 1.219560e+02 -2.907824e+01
      vertex   1.853906e+01 1.204560e+02 -2.907824e+01
      vertex   1.829370e+01 1.219560e+02 -2.838143e+01
    endloop
  endfacet
  facet normal -9.432342e-01 -0.000000e+00 -3.321284e-01
    outer loop
      vertex   1.829370e+01 1.219560e+02 -2.838143e+01
      vertex   1.853906e+01 1.204560e+02 -2.907824e+01
      vertex   1.829370e+01 1.204560e+02 -2.838143e+01
    endloop
  endfacet
  facet normal -9.936388e-01 -0.000000e+00 -1.126137e-01
    outer loop
      vertex   1.829370e+01 1.219560e+02 -2.838143e+01
      vertex   1.829370e+01 1.204560e+02 -2.838143e+01
      vertex   1.821051e+01 1.219560e+02 -2.764739e+01
    endloop
  endfacet
  facet normal -9.936388e-01 -0.000000e+00 -1.126137e-01
    outer loop
      vertex   1.821051e+01 1.219560e+02 -2.764739e+01
      vertex   1.829370e+01 1.204560e+02 -2.838143e+01
      vertex   1.821051e+01 1.204560e+02 -2.764739e+01
    endloop
  endfacet
  facet normal -9.936388e-01 0.000000e+00 1.126137e-01
    outer loop
      vertex   1.821051e+01 1.219560e+02 -2.764739e+01
      vertex   1.821051e+01 1.204560e+02 -2.764739e+01
      vertex   1.829370e+01 1.219560e+02 -2.691334e+01
    endloop
  endfacet
  facet normal -9.936388e-01 0.000000e+00 1.126137e-01
    outer loop
      vertex   1.829370e+01 1.219560e+02 -2.691334e+01
      vertex   1.821051e+01 1.204560e+02 -2.764739e+01
      vertex   1.829370e+01 1.204560e+02 -2.691334e+01
    endloop
  endfacet
  facet normal -9.432342e-01 0.000000e+00 3.321284e-01
    outer loop
      vertex   1.829370e+01 1.219560e+02 -2.691334e+01
      vertex   1.829370e+01 1.204560e+02 -2.691334e+01
      vertex   1.853906e+01 1.219560e+02 -2.621653e+01
    endloop
  endfacet
  facet normal -9.432342e-01 0.000000e+00 3.321284e-01
    outer loop
      vertex   1.853906e+01 1.219560e+02 -2.621653e+01
      vertex   1.829370e+01 1.204560e+02 -2.691334e+01
      vertex   1.853906e+01 1.204560e+02 -2.621653e+01
    endloop
  endfacet
  facet normal -8.449818e-01 0.000000e+00 5.347951e-01
    outer loop
      vertex   1.853906e+01 1.219560e+02 -2.621653e+01
      vertex   1.853906e+01 1.204560e+02 -2.621653e+01
      vertex   1.893414e+01 1.219560e+02 -2.559230e+01
    endloop
  endfacet
  facet normal -8.449818e-01 0.000000e+00 5.347951e-01
    outer loop
      vertex   1.893414e+01 1.219560e+02 -2.559230e+01
      vertex   1.853906e+01 1.204560e+02 -2.621653e+01
      vertex   1.893414e+01 1.204560e+02 -2.559230e+01
    endloop
  endfacet
  facet normal -7.038656e-01 0.000000e+00 7.103331e-01
    outer loop
      vertex   1.893414e+01 1.219560e+02 -2.559230e+01
      vertex   1.893414e+01 1.204560e+02 -2.559230e+01
      vertex   1.945889e+01 1.219560e+02 -2.507233e+01
    endloop
  endfacet
  facet normal -7.038656e-01 0.000000e+00 7.103331e-01
    outer loop
      vertex   1.945889e+01 1.219560e+02 -2.507233e+01
      vertex   1.893414e+01 1.204560e+02 -2.559230e+01
      vertex   1.945889e+01 1.204560e+02 -2.507233e+01
    endloop
  endfacet
  facet normal -5.270443e-01 0.000000e+00 8.498378e-01
    outer loop
      vertex   1.945889e+01 1.219560e+02 -2.507233e+01
      vertex   1.945889e+01 1.204560e+02 -2.507233e+01
      vertex   2.008671e+01 1.219560e+02 -2.468297e+01
    endloop
  endfacet
  facet normal -5.270443e-01 0.000000e+00 8.498378e-01
    outer loop
      vertex   2.008671e+01 1.219560e+02 -2.468297e+01
      vertex   1.945889e+01 1.204560e+02 -2.507233e+01
      vertex   2.008671e+01 1.204560e+02 -2.468297e+01
    endloop
  endfacet
  facet normal -3.234874e-01 0.000000e+00 9.462325e-01
    outer loop
      vertex   2.008671e+01 1.219560e+02 -2.468297e+01
      vertex   2.008671e+01 1.204560e+02 -2.468297e+01
      vertex   2.078573e+01 1.219560e+02 -2.444400e+01
    endloop
  endfacet
  facet normal -3.234874e-01 0.000000e+00 9.462325e-01
    outer loop
      vertex   2.078573e+01 1.219560e+02 -2.444400e+01
      vertex   2.008671e+01 1.204560e+02 -2.468297e+01
      vertex   2.078573e+01 1.204560e+02 -2.444400e+01
    endloop
  endfacet
  facet normal -1.035208e-01 0.000000e+00 9.946273e-01
    outer loop
      vertex   2.078573e+01 1.219560e+02 -2.444400e+01
      vertex   2.078573e+01 1.204560e+02 -2.444400e+01
      vertex   2.152051e+01 1.219560e+02 -2.436752e+01
    endloop
  endfacet
  facet normal -1.035208e-01 0.000000e+00 9.946273e-01
    outer loop
      vertex   2.152051e+01 1.219560e+02 -2.436752e+01
      vertex   2.078573e+01 1.204560e+02 -2.444400e+01
      vertex   2.152051e+01 1.204560e+02 -2.436752e+01
    endloop
  endfacet
  facet normal -1.000000e+00 0.000000e+00 -9.076247e-17
    outer loop
      vertex   2.152051e+01 1.204560e+02 -7.007023e+01
      vertex   2.152051e+01 1.204560e+02 -3.092725e+01
      vertex   2.152051e+01 1.219560e+02 -7.007023e+01
    endloop
  endfacet
  facet normal -1.000000e+00 0.000000e+00 -9.076247e-17
    outer loop
      vertex   2.152051e+01 1.219560e+02 -7.007023e+01
      vertex   2.152051e+01 1.204560e+02 -3.092725e+01
      vertex   2.152051e+01 1.219560e+02 -3.092725e+01
    endloop
  endfacet
  facet normal -1.035208e-01 -0.000000e+00 -9.946273e-01
    outer loop
      vertex   2.152051e+01 1.219560e+02 -7.662996e+01
      vertex   2.152051e+01 1.204560e+02 -7.662996e+01
      vertex   2.078573e+01 1.219560e+02 -7.655348e+01
    endloop
  endfacet
  facet normal -1.035208e-01 -0.000000e+00 -9.946273e-01
    outer loop
      vertex   2.078573e+01 1.219560e+02 -7.655348e+01
      vertex   2.152051e+01 1.204560e+02 -7.662996e+01
      vertex   2.078573e+01 1.204560e+02 -7.655348e+01
    endloop
  endfacet
  facet normal -3.234874e-01 -0.000000e+00 -9.462325e-01
    outer loop
      vertex   2.078573e+01 1.219560e+02 -7.655348e+01
      vertex   2.078573e+01 1.204560e+02 -7.655348e+01
      vertex   2.008671e+01 1.219560e+02 -7.631451e+01
    endloop
  endfacet
  facet normal -3.234874e-01 -0.000000e+00 -9.462325e-01
    outer loop
      vertex   2.008671e+01 1.219560e+02 -7.631451e+01
      vertex   2.078573e+01 1.204560e+02 -7.655348e+01
      vertex   2.008671e+01 1.204560e+02 -7.631451e+01
    endloop
  endfacet
  facet normal -5.270443e-01 -0.000000e+00 -8.498378e-01
    outer loop
      vertex   2.008671e+01 1.219560e+02 -7.631451e+01
      vertex   2.008671e+01 1.204560e+02 -7.631451e+01
      vertex   1.945889e+01 1.219560e+02 -7.592516e+01
    endloop
  endfacet
  facet normal -5.270443e-01 -0.000000e+00 -8.498378e-01
    outer loop
      vertex   1.945889e+01 1.219560e+02 -7.592516e+01
      vertex   2.008671e+01 1.204560e+02 -7.631451e+01
      vertex   1.945889e+01 1.204560e+02 -7.592516e+01
    endloop
  endfacet
  facet normal -7.038656e-01 -0.000000e+00 -7.103331e-01
    outer loop
      vertex   1.945889e+01 1.219560e+02 -7.592516e+01
      vertex   1.945889e+01 1.204560e+02 -7.592516e+01
      vertex   1.893414e+01 1.219560e+02 -7.540518e+01
    endloop
  endfacet
  facet normal -7.038656e-01 -0.000000e+00 -7.103331e-01
    outer loop
      vertex   1.893414e+01 1.219560e+02 -7.540518e+01
      vertex   1.945889e+01 1.204560e+02 -7.592516e+01
      vertex   1.893414e+01 1.204560e+02 -7.540518e+01
    endloop
  endfacet
  facet normal -8.449818e-01 -0.000000e+00 -5.347951e-01
    outer loop
      vertex   1.893414e+01 1.219560e+02 -7.540518e+01
      vertex   1.893414e+01 1.204560e+02 -7.540518e+01
      vertex   1.853906e+01 1.219560e+02 -7.478095e+01
    endloop
  endfacet
  facet normal -8.449818e-01 -0.000000e+00 -5.347951e-01
    outer loop
      vertex   1.853906e+01 1.219560e+02 -7.478095e+01
      vertex   1.893414e+01 1.204560e+02 -7.540518e+01
      vertex   1.853906e+01 1.204560e+02 -7.478095e+01
    endloop
  endfacet
  facet normal -9.432342e-01 -0.000000e+00 -3.321284e-01
    outer loop
      vertex   1.853906e+01 1.219560e+02 -7.478095e+01
      vertex   1.853906e+01 1.204560e+02 -7.478095e+01
      vertex   1.829370e+01 1.219560e+02 -7.408414e+01
    endloop
  endfacet
  facet normal -9.432342e-01 -0.000000e+00 -3.321284e-01
    outer loop
      vertex   1.829370e+01 1.219560e+02 -7.408414e+01
      vertex   1.853906e+01 1.204560e+02 -7.478095e+01
      vertex   1.829370e+01 1.204560e+02 -7.408414e+01
    endloop
  endfacet
  facet normal -9.936388e-01 -0.000000e+00 -1.126137e-01
    outer loop
      vertex   1.829370e+01 1.219560e+02 -7.408414e+01
      vertex   1.829370e+01 1.204560e+02 -7.408414e+01
      vertex   1.821051e+01 1.219560e+02 -7.335010e+01
    endloop
  endfacet
  facet normal -9.936388e-01 -0.000000e+00 -1.126137e-01
    outer loop
      vertex   1.821051e+01 1.219560e+02 -7.335010e+01
      vertex   1.829370e+01 1.204560e+02 -7.408414e+01
      vertex   1.821051e+01 1.204560e+02 -7.335010e+01
    endloop
  endfacet
  facet normal -9.936388e-01 0.000000e+00 1.126137e-01
    outer loop
      vertex   1.821051e+01 1.219560e+02 -7.335010e+01
      vertex   1.821051e+01 1.204560e+02 -7.335010e+01
      vertex   1.829370e+01 1.219560e+02 -7.261605e+01
    endloop
  endfacet
  facet normal -9.936388e-01 0.000000e+00 1.126137e-01
    outer loop
      vertex   1.829370e+01 1.219560e+02 -7.261605e+01
      vertex   1.821051e+01 1.204560e+02 -7.335010e+01
      vertex   1.829370e+01 1.204560e+02 -7.261605e+01
    endloop
  endfacet
  facet normal -9.432342e-01 0.000000e+00 3.321284e-01
    outer loop
      vertex   1.829370e+01 1.219560e+02 -7.261605e+01
      vertex   1.829370e+01 1.204560e+02 -7.261605e+01
      vertex   1.853906e+01 1.219560e+02 -7.191924e+01
    endloop
  endfacet
  facet normal -9.432342e-01 0.000000e+00 3.321284e-01
    outer loop
      vertex   1.853906e+01 1.219560e+02 -7.191924e+01
      vertex   1.829370e+01 1.204560e+02 -7.261605e+01
      vertex   1.853906e+01 1.204560e+02 -7.191924e+01
    endloop
  endfacet
  facet normal -8.449818e-01 0.000000e+00 5.347951e-01
    outer loop
      vertex   1.853906e+01 1.219560e+02 -7.191924e+01
      vertex   1.853906e+01 1.204560e+02 -7.191924e+01
      vertex   1.893414e+01 1.219560e+02 -7.129501e+01
    endloop
  endfacet
  facet normal -8.449818e-01 0.000000e+00 5.347951e-01
    outer loop
      vertex   1.893414e+01 1.219560e+02 -7.129501e+01
      vertex   1.853906e+01 1.204560e+02 -7.191924e+01
      vertex   1.893414e+01 1.204560e+02 -7.129501e+01
    endloop
  endfacet
  facet normal -7.038656e-01 0.000000e+00 7.103331e-01
    outer loop
      vertex   1.893414e+01 1.219560e+02 -7.129501e+01
      vertex   1.893414e+01 1.204560e+02 -7.129501e+01
      vertex   1.945889e+01 1.219560e+02 -7.077503e+01
    endloop
  endfacet
  facet normal -7.038656e-01 0.000000e+00 7.103331e-01
    outer loop
      vertex   1.945889e+01 1.219560e+02 -7.077503e+01
      vertex   1.893414e+01 1.204560e+02 -7.129501e+01
      vertex   1.945889e+01 1.204560e+02 -7.077503e+01
    endloop
  endfacet
  facet normal -5.270443e-01 0.000000e+00 8.498378e-01
    outer loop
      vertex   1.945889e+01 1.219560e+02 -7.077503e+01
      vertex   1.945889e+01 1.204560e+02 -7.077503e+01
      vertex   2.008671e+01 1.219560e+02 -7.038568e+01
    endloop
  endfacet
  facet normal -5.270443e-01 0.000000e+00 8.498378e-01
    outer loop
      vertex   2.008671e+01 1.219560e+02 -7.038568e+01
      vertex   1.945889e+01 1.204560e+02 -7.077503e+01
      vertex   2.008671e+01 1.204560e+02 -7.038568e+01
    endloop
  endfacet
  facet normal -3.234874e-01 0.000000e+00 9.462325e-01
    outer loop
      vertex   2.008671e+01 1.219560e+02 -7.038568e+01
      vertex   2.008671e+01 1.204560e+02 -7.038568e+01
      vertex   2.078573e+01 1.219560e+02 -7.014671e+01
    endloop
  endfacet
  facet normal -3.234874e-01 0.000000e+00 9.462325e-01
    outer loop
      vertex   2.078573e+01 1.219560e+02 -7.014671e+01
      vertex   2.008671e+01 1.204560e+02 -7.038568e+01
      vertex   2.078573e+01 1.204560e+02 -7.014671e+01
    endloop
  endfacet
  facet normal -1.035208e-01 0.000000e+00 9.946273e-01
    outer loop
      vertex   2.078573e+01 1.219560e+02 -7.014671e+01
      vertex   2.078573e+01 1.204560e+02 -7.014671e+01
      vertex   2.152051e+01 1.219560e+02 -7.007023e+01
    endloop
  endfacet
  facet normal -1.035208e-01 0.000000e+00 9.946273e-01
    outer loop
      vertex   2.152051e+01 1.219560e+02 -7.007023e+01
      vertex   2.078573e+01 1.204560e+02 -7.014671e+01
      vertex   2.152051e+01 1.204560e+02 -7.007023e+01
    endloop
  endfacet
  facet normal -1.000000e+00 0.000000e+00 6.519048e-14
    outer loop
      vertex   2.152051e+01 1.204560e+02 -8.235219e+01
      vertex   2.152051e+01 1.204560e+02 -7.662996e+01
      vertex   2.152051e+01 1.219560e+02 -8.235219e+01
    endloop
  endfacet
  facet normal -1.000000e+00 0.000000e+00 6.519048e-14
    outer loop
      vertex   2.152051e+01 1.219560e+02 -8.235219e+01
      vertex   2.152051e+01 1.204560e+02 -7.662996e+01
      vertex   2.152051e+01 1.219560e+02 -7.662996e+01
    endloop
  endfacet
  facet normal 0.000000e+00 0.000000e+00 1.000000e+00
    outer loop
      vertex   -3.187949e+01 1.204560e+02 -8.235219e+01
      vertex   2.152051e+01 1.204560e+02 -8.235219e+01
      vertex   -3.187949e+01 1.219560e+02 -8.235219e+01
    endloop
  endfacet
  facet normal -0.000000e+00 0.000000e+00 1.000000e+00
    outer loop
      vertex   -3.187949e+01 1.219560e+02 -8.235219e+01
      vertex   2.152051e+01 1.204560e+02 -8.235219e+01
      vertex   2.152051e+01 1.219560e+02 -8.235219e+01
    endloop
  endfacet
  facet normal 1.000000e+00 0.000000e+00 -6.829479e-14
    outer loop
      vertex   -3.187949e+01 1.204560e+02 -7.662996e+01
      vertex   -3.187949e+01 1.204560e+02 -8.235219e+01
      vertex   -3.187949e+01 1.219560e+02 -7.662996e+01
    endloop
  endfacet
  facet normal 1.000000e+00 0.000000e+00 -6.829479e-14
    outer loop
      vertex   -3.187949e+01 1.219560e+02 -7.662996e+01
      vertex   -3.187949e+01 1.204560e+02 -8.235219e+01
      vertex   -3.187949e+01 1.219560e+02 -8.235219e+01
    endloop
  endfacet
  facet normal 1.035208e-01 0.000000e+00 9.946273e-01
    outer loop
      vertex   -3.187949e+01 1.219560e+02 -7.007023e+01
      vertex   -3.187949e+01 1.204560e+02 -7.007023e+01
      vertex   -3.114471e+01 1.219560e+02 -7.014671e+01
    endloop
  endfacet
  facet normal 1.035208e-01 0.000000e+00 9.946273e-01
    outer loop
      vertex   -3.114471e+01 1.219560e+02 -7.014671e+01
      vertex   -3.187949e+01 1.204560e+02 -7.007023e+01
      vertex   -3.114471e+01 1.204560e+02 -7.014671e+01
    endloop
  endfacet
  facet normal 3.234874e-01 0.000000e+00 9.462325e-01
    outer loop
      vertex   -3.114471e+01 1.219560e+02 -7.014671e+01
      vertex   -3.114471e+01 1.204560e+02 -7.014671e+01
      vertex   -3.044569e+01 1.219560e+02 -7.038568e+01
    endloop
  endfacet
  facet normal 3.234874e-01 0.000000e+00 9.462325e-01
    outer loop
      vertex   -3.044569e+01 1.219560e+02 -7.038568e+01
      vertex   -3.114471e+01 1.204560e+02 -7.014671e+01
      vertex   -3.044569e+01 1.204560e+02 -7.038568e+01
    endloop
  endfacet
  facet normal 5.270443e-01 0.000000e+00 8.498378e-01
    outer loop
      vertex   -3.044569e+01 1.219560e+02 -7.038568e+01
      vertex   -3.044569e+01 1.204560e+02 -7.038568e+01
      vertex   -2.981788e+01 1.219560e+02 -7.077503e+01
    endloop
  endfacet
  facet normal 5.270443e-01 0.000000e+00 8.498378e-01
    outer loop
      vertex   -2.981788e+01 1.219560e+02 -7.077503e+01
      vertex   -3.044569e+01 1.204560e+02 -7.038568e+01
      vertex   -2.981788e+01 1.204560e+02 -7.077503e+01
    endloop
  endfacet
  facet normal 7.038656e-01 0.000000e+00 7.103331e-01
    outer loop
      vertex   -2.981788e+01 1.219560e+02 -7.077503e+01
      vertex   -2.981788e+01 1.204560e+02 -7.077503e+01
      vertex   -2.929312e+01 1.219560e+02 -7.129501e+01
    endloop
  endfacet
  facet normal 7.038656e-01 0.000000e+00 7.103331e-01
    outer loop
      vertex   -2.929312e+01 1.219560e+02 -7.129501e+01
      vertex   -2.981788e+01 1.204560e+02 -7.077503e+01
      vertex   -2.929312e+01 1.204560e+02 -7.129501e+01
    endloop
  endfacet
  facet normal 8.449818e-01 0.000000e+00 5.347951e-01
    outer loop
      vertex   -2.929312e+01 1.219560e+02 -7.129501e+01
      vertex   -2.929312e+01 1.204560e+02 -7.129501e+01
      vertex   -2.889804e+01 1.219560e+02 -7.191924e+01
    endloop
  endfacet
  facet normal 8.449818e-01 0.000000e+00 5.347951e-01
    outer loop
      vertex   -2.889804e+01 1.219560e+02 -7.191924e+01
      vertex   -2.929312e+01 1.204560e+02 -7.129501e+01
      vertex   -2.889804e+01 1.204560e+02 -7.191924e+01
    endloop
  endfacet
  facet normal 9.432342e-01 0.000000e+00 3.321284e-01
    outer loop
      vertex   -2.889804e+01 1.219560e+02 -7.191924e+01
      vertex   -2.889804e+01 1.204560e+02 -7.191924e+01
      vertex   -2.865268e+01 1.219560e+02 -7.261605e+01
    endloop
  endfacet
  facet normal 9.432342e-01 0.000000e+00 3.321284e-01
    outer loop
      vertex   -2.865268e+01 1.219560e+02 -7.261605e+01
      vertex   -2.889804e+01 1.204560e+02 -7.191924e+01
      vertex   -2.865268e+01 1.204560e+02 -7.261605e+01
    endloop
  endfacet
  facet normal 9.936388e-01 0.000000e+00 1.126137e-01
    outer loop
      vertex   -2.865268e+01 1.219560e+02 -7.261605e+01
      vertex   -2.865268e+01 1.204560e+02 -7.261605e+01
      vertex   -2.856949e+01 1.219560e+02 -7.335010e+01
    endloop
  endfacet
  facet normal 9.936388e-01 0.000000e+00 1.126137e-01
    outer loop
      vertex   -2.856949e+01 1.219560e+02 -7.335010e+01
      vertex   -2.865268e+01 1.204560e+02 -7.261605e+01
      vertex   -2.856949e+01 1.204560e+02 -7.335010e+01
    endloop
  endfacet
  facet normal 9.936388e-01 0.000000e+00 -1.126137e-01
    outer loop
      vertex   -2.856949e+01 1.219560e+02 -7.335010e+01
      vertex   -2.856949e+01 1.204560e+02 -7.335010e+01
      vertex   -2.865268e+01 1.219560e+02 -7.408414e+01
    endloop
  endfacet
  facet normal 9.936388e-01 0.000000e+00 -1.126137e-01
    outer loop
      vertex   -2.865268e+01 1.219560e+02 -7.408414e+01
      vertex   -2.856949e+01 1.204560e+02 -7.335010e+01
      vertex   -2.865268e+01 1.204560e+02 -7.408414e+01
    endloop
  endfacet
  facet normal 9.432342e-01 0.000000e+00 -3.321284e-01
    outer loop
      vertex   -2.865268e+01 1.219560e+02 -7.408414e+01
      vertex   -2.865268e+01 1.204560e+02 -7.408414e+01
      vertex   -2.889804e+01 1.219560e+02 -7.478095e+01
    endloop
  endfacet
  facet normal 9.432342e-01 0.000000e+00 -3.321284e-01
    outer loop
      vertex   -2.889804e+01 1.219560e+02 -7.478095e+01
      vertex   -2.865268e+01 1.204560e+02 -7.408414e+01
      vertex   -2.889804e+01 1.204560e+02 -7.478095e+01
    endloop
  endfacet
  facet normal 8.449818e-01 0.000000e+00 -5.347951e-01
    outer loop
      vertex   -2.889804e+01 1.219560e+02 -7.478095e+01
      vertex   -2.889804e+01 1.204560e+02 -7.478095e+01
      vertex   -2.929312e+01 1.219560e+02 -7.540518e+01
    endloop
  endfacet
  facet normal 8.449818e-01 0.000000e+00 -5.347951e-01
    outer loop
      vertex   -2.929312e+01 1.219560e+02 -7.540518e+01
      vertex   -2.889804e+01 1.204560e+02 -7.478095e+01
      vertex   -2.929312e+01 1.204560e+02 -7.540518e+01
    endloop
  endfacet
  facet normal 7.038656e-01 0.000000e+00 -7.103331e-01
    outer loop
      vertex   -2.929312e+01 1.219560e+02 -7.540518e+01
      vertex   -2.929312e+01 1.204560e+02 -7.540518e+01
      vertex   -2.981788e+01 1.219560e+02 -7.592516e+01
    endloop
  endfacet
  facet normal 7.038656e-01 0.000000e+00 -7.103331e-01
    outer loop
      vertex   -2.981788e+01 1.219560e+02 -7.592516e+01
      vertex   -2.929312e+01 1.204560e+02 -7.540518e+01
      vertex   -2.981788e+01 1.204560e+02 -7.592516e+01
    endloop
  endfacet
  facet normal 5.270443e-01 0.000000e+00 -8.498378e-01
    outer loop
      vertex   -2.981788e+01 1.219560e+02 -7.592516e+01
      vertex   -2.981788e+01 1.204560e+02 -7.592516e+01
      vertex   -3.044569e+01 1.219560e+02 -7.631451e+01
    endloop
  endfacet
  facet normal 5.270443e-01 0.000000e+00 -8.498378e-01
    outer loop
      vertex   -3.044569e+01 1.219560e+02 -7.631451e+01
      vertex   -2.981788e+01 1.204560e+02 -7.592516e+01
      vertex   -3.044569e+01 1.204560e+02 -7.631451e+01
    endloop
  endfacet
  facet normal 3.234874e-01 0.000000e+00 -9.462325e-01
    outer loop
      vertex   -3.044569e+01 1.219560e+02 -7.631451e+01
      vertex   -3.044569e+01 1.204560e+02 -7.631451e+01
      vertex   -3.114471e+01 1.219560e+02 -7.655348e+01
    endloop
  endfacet
  facet normal 3.234874e-01 0.000000e+00 -9.462325e-01
    outer loop
      vertex   -3.114471e+01 1.219560e+02 -7.655348e+01
      vertex   -3.044569e+01 1.204560e+02 -7.631451e+01
      vertex   -3.114471e+01 1.204560e+02 -7.655348e+01
    endloop
  endfacet
  facet normal 1.035208e-01 0.000000e+00 -9.946273e-01
    outer loop
      vertex   -3.114471e+01 1.219560e+02 -7.655348e+01
      vertex   -3.114471e+01 1.204560e+02 -7.655348e+01
      vertex   -3.187949e+01 1.219560e+02 -7.662996e+01
    endloop
  endfacet
  facet normal 1.035208e-01 0.000000e+00 -9.946273e-01
    outer loop
      vertex   -3.187949e+01 1.219560e+02 -7.662996e+01
      vertex   -3.114471e+01 1.204560e+02 -7.655348e+01
      vertex   -3.187949e+01 1.204560e+02 -7.662996e+01
    endloop
  endfacet
  facet normal 1.000000e+00 0.000000e+00 -2.722874e-16
    outer loop
      vertex   -3.187949e+01 1.204560e+02 -3.092725e+01
      vertex   -3.187949e+01 1.204560e+02 -7.007023e+01
      vertex   -3.187949e+01 1.219560e+02 -3.092725e+01
    endloop
  endfacet
  facet normal 1.000000e+00 0.000000e+00 -2.722874e-16
    outer loop
      vertex   -3.187949e+01 1.219560e+02 -3.092725e+01
      vertex   -3.187949e+01 1.204560e+02 -7.007023e+01
      vertex   -3.187949e+01 1.219560e+02 -7.007023e+01
    endloop
  endfacet
  facet normal 1.035208e-01 0.000000e+00 9.946273e-01
    outer loop
      vertex   -3.187949e+01 1.219560e+02 -2.436752e+01
      vertex   -3.187949e+01 1.204560e+02 -2.436752e+01
      vertex   -3.114471e+01 1.219560e+02 -2.444400e+01
    endloop
  endfacet
  facet normal 1.035208e-01 0.000000e+00 9.946273e-01
    outer loop
      vertex   -3.114471e+01 1.219560e+02 -2.444400e+01
      vertex   -3.187949e+01 1.204560e+02 -2.436752e+01
      vertex   -3.114471e+01 1.204560e+02 -2.444400e+01
    endloop
  endfacet
  facet normal 3.234874e-01 0.000000e+00 9.462325e-01
    outer loop
      vertex   -3.114471e+01 1.219560e+02 -2.444400e+01
      vertex   -3.114471e+01 1.204560e+02 -2.444400e+01
      vertex   -3.044569e+01 1.219560e+02 -2.468297e+01
    endloop
  endfacet
  facet normal 3.234874e-01 0.000000e+00 9.462325e-01
    outer loop
      vertex   -3.044569e+01 1.219560e+02 -2.468297e+01
      vertex   -3.114471e+01 1.204560e+02 -2.444400e+01
      vertex   -3.044569e+01 1.204560e+02 -2.468297e+01
    endloop
  endfacet
  facet normal 5.270443e-01 0.000000e+00 8.498378e-01
    outer loop
      vertex   -3.044569e+01 1.219560e+02 -2.468297e+01
      vertex   -3.044569e+01 1.204560e+02 -2.468297e+01
      vertex   -2.981788e+01 1.219560e+02 -2.507233e+01
    endloop
  endfacet
  facet normal 5.270443e-01 0.000000e+00 8.498378e-01
    outer loop
      vertex   -2.981788e+01 1.219560e+02 -2.507233e+01
      vertex   -3.044569e+01 1.204560e+02 -2.468297e+01
      vertex   -2.981788e+01 1.204560e+02 -2.507233e+01
    endloop
  endfacet
  facet normal 7.038656e-01 0.000000e+00 7.103331e-01
    outer loop
      vertex   -2.981788e+01 1.219560e+02 -2.507233e+01
      vertex   -2.981788e+01 1.204560e+02 -2.507233e+01
      vertex   -2.929312e+01 1.219560e+02 -2.559230e+01
    endloop
  endfacet
  facet normal 7.038656e-01 0.000000e+00 7.103331e-01
    outer loop
      vertex   -2.929312e+01 1.219560e+02 -2.559230e+01
      vertex   -2.981788e+01 1.204560e+02 -2.507233e+01
      vertex   -2.929312e+01 1.204560e+02 -2.559230e+01
    endloop
  endfacet
  facet normal 8.449818e-01 0.000000e+00 5.347951e-01
    outer loop
      vertex   -2.929312e+01 1.219560e+02 -2.559230e+01
      vertex   -2.929312e+01 1.204560e+02 -2.559230e+01
      vertex   -2.889804e+01 1.219560e+02 -2.621653e+01
    endloop
  endfacet
  facet normal 8.449818e-01 0.000000e+00 5.347951e-01
    outer loop
      vertex   -2.889804e+01 1.219560e+02 -2.621653e+01
      vertex   -2.929312e+01 1.204560e+02 -2.559230e+01
      vertex   -2.889804e+01 1.204560e+02 -2.621653e+01
    endloop
  endfacet
  facet normal 9.432342e-01 0.000000e+00 3.321284e-01
    outer loop
      vertex   -2.889804e+01 1.219560e+02 -2.621653e+01
      vertex   -2.889804e+01 1.204560e+02 -2.621653e+01
      vertex   -2.865268e+01 1.219560e+02 -2.691334e+01
    endloop
  endfacet
  facet normal 9.432342e-01 0.000000e+00 3.321284e-01
    outer loop
      vertex   -2.865268e+01 1.219560e+02 -2.691334e+01
      vertex   -2.889804e+01 1.204560e+02 -2.621653e+01
      vertex   -2.865268e+01 1.204560e+02 -2.691334e+01
    endloop
  endfacet
  facet normal 9.936388e-01 0.000000e+00 1.126137e-01
    outer loop
      vertex   -2.865268e+01 1.219560e+02 -2.691334e+01
      vertex   -2.865268e+01 1.204560e+02 -2.691334e+01
      vertex   -2.856949e+01 1.219560e+02 -2.764739e+01
    endloop
  endfacet
  facet normal 9.936388e-01 0.000000e+00 1.126137e-01
    outer loop
      vertex   -2.856949e+01 1.219560e+02 -2.764739e+01
      vertex   -2.865268e+01 1.204560e+02 -2.691334e+01
      vertex   -2.856949e+01 1.204560e+02 -2.764739e+01
    endloop
  endfacet
  facet normal 9.936388e-01 0.000000e+00 -1.126137e-01
    outer loop
      vertex   -2.856949e+01 1.219560e+02 -2.764739e+01
      vertex   -2.856949e+01 1.204560e+02 -2.764739e+01
      vertex   -2.865268e+01 1.219560e+02 -2.838143e+01
    endloop
  endfacet
  facet normal 9.936388e-01 0.000000e+00 -1.126137e-01
    outer loop
      vertex   -2.865268e+01 1.219560e+02 -2.838143e+01
      vertex   -2.856949e+01 1.204560e+02 -2.764739e+01
      vertex   -2.865268e+01 1.204560e+02 -2.838143e+01
    endloop
  endfacet
  facet normal 9.432342e-01 0.000000e+00 -3.321284e-01
    outer loop
      vertex   -2.865268e+01 1.219560e+02 -2.838143e+01
      vertex   -2.865268e+01 1.204560e+02 -2.838143e+01
      vertex   -2.889804e+01 1.219560e+02 -2.907824e+01
    endloop
  endfacet
  facet normal 9.432342e-01 0.000000e+00 -3.321284e-01
    outer loop
      vertex   -2.889804e+01 1.219560e+02 -2.907824e+01
      vertex   -2.865268e+01 1.204560e+02 -2.838143e+01
      vertex   -2.889804e+01 1.204560e+02 -2.907824e+01
    endloop
  endfacet
  facet normal 8.449818e-01 0.000000e+00 -5.347951e-01
    outer loop
      vertex   -2.889804e+01 1.219560e+02 -2.907824e+01
      vertex   -2.889804e+01 1.204560e+02 -2.907824e+01
      vertex   -2.929312e+01 1.219560e+02 -2.970247e+01
    endloop
  endfacet
  facet normal 8.449818e-01 0.000000e+00 -5.347951e-01
    outer loop
      vertex   -2.929312e+01 1.219560e+02 -2.970247e+01
      vertex   -2.889804e+01 1.204560e+02 -2.907824e+01
      vertex   -2.929312e+01 1.204560e+02 -2.970247e+01
    endloop
  endfacet
  facet normal 7.038656e-01 0.000000e+00 -7.103331e-01
    outer loop
      vertex   -2.929312e+01 1.219560e+02 -2.970247e+01
      vertex   -2.929312e+01 1.204560e+02 -2.970247e+01
      vertex   -2.981788e+01 1.219560e+02 -3.022245e+01
    endloop
  endfacet
  facet normal 7.038656e-01 0.000000e+00 -7.103331e-01
    outer loop
      vertex   -2.981788e+01 1.219560e+02 -3.022245e+01
      vertex   -2.929312e+01 1.204560e+02 -2.970247e+01
      vertex   -2.981788e+01 1.204560e+02 -3.022245e+01
    endloop
  endfacet
  facet normal 5.270443e-01 0.000000e+00 -8.498378e-01
    outer loop
      vertex   -2.981788e+01 1.219560e+02 -3.022245e+01
      vertex   -2.981788e+01 1.204560e+02 -3.022245e+01
      vertex   -3.044569e+01 1.219560e+02 -3.061180e+01
    endloop
  endfacet
  facet normal 5.270443e-01 0.000000e+00 -8.498378e-01
    outer loop
      vertex   -3.044569e+01 1.219560e+02 -3.061180e+01
      vertex   -2.981788e+01 1.204560e+02 -3.022245e+01
      vertex   -3.044569e+01 1.204560e+02 -3.061180e+01
    endloop
  endfacet
  facet normal 3.234874e-01 0.000000e+00 -9.462325e-01
    outer loop
      vertex   -3.044569e+01 1.219560e+02 -3.061180e+01
      vertex   -3.044569e+01 1.204560e+02 -3.061180e+01
      vertex   -3.114471e+01 1.219560e+02 -3.085077e+01
    endloop
  endfacet
  facet normal 3.234874e-01 0.000000e+00 -9.462325e-01
    outer loop
      vertex   -3.114471e+01 1.219560e+02 -3.085077e+01
      vertex   -3.044569e+01 1.204560e+02 -3.061180e+01
      vertex   -3.114471e+01 1.204560e+02 -3.085077e+01
    endloop
  endfacet
  facet normal 1.035208e-01 0.000000e+00 -9.946273e-01
    outer loop
      vertex   -3.114471e+01 1.219560e+02 -3.085077e+01
      vertex   -3.114471e+01 1.204560e+02 -3.085077e+01
      vertex   -3.187949e+01 1.219560e+02 -3.092725e+01
    endloop
  endfacet
  facet normal 1.035208e-01 0.000000e+00 -9.946273e-01
    outer loop
      vertex   -3.187949e+01 1.219560e+02 -3.092725e+01
      vertex   -3.114471e+01 1.204560e+02 -3.085077e+01
      vertex   -3.187949e+01 1.204560e+02 -3.092725e+01
    endloop
  endfacet
  facet normal 1.000000e+00 -0.000000e+00 9.068235e-17
    outer loop
      vertex   -3.187949e+01 1.204560e+02 1.481004e+01
      vertex   -3.187949e+01 1.204560e+02 -2.436752e+01
      vertex   -3.187949e+01 1.219560e+02 1.481004e+01
    endloop
  endfacet
  facet normal 1.000000e+00 0.000000e+00 9.068235e-17
    outer loop
      vertex   -3.187949e+01 1.219560e+02 1.481004e+01
      vertex   -3.187949e+01 1.204560e+02 -2.436752e+01
      vertex   -3.187949e+01 1.219560e+02 -2.436752e+01
    endloop
  endfacet
  facet normal -9.914449e-01 0.000000e+00 1.305262e-01
    outer loop
      vertex   -2.982156e+01 1.219560e+02 -7.389352e+01
      vertex   -2.982156e+01 1.204560e+02 -7.389352e+01
      vertex   -2.975000e+01 1.219560e+02 -7.335000e+01
    endloop
  endfacet
  facet normal -9.914449e-01 0.000000e+00 1.305262e-01
    outer loop
      vertex   -2.975000e+01 1.219560e+02 -7.335000e+01
      vertex   -2.982156e+01 1.204560e+02 -7.389352e+01
      vertex   -2.975000e+01 1.204560e+02 -7.335000e+01
    endloop
  endfacet
  facet normal -9.914449e-01 -0.000000e+00 -1.305262e-01
    outer loop
      vertex   -2.975000e+01 1.219560e+02 -7.335000e+01
      vertex   -2.975000e+01 1.204560e+02 -7.335000e+01
      vertex   -2.982156e+01 1.219560e+02 -7.280648e+01
    endloop
  endfacet
  facet normal -9.914449e-01 -0.000000e+00 -1.305262e-01
    outer loop
      vertex   -2.982156e+01 1.219560e+02 -7.280648e+01
      vertex   -2.975000e+01 1.204560e+02 -7.335000e+01
      vertex   -2.982156e+01 1.204560e+02 -7.280648e+01
    endloop
  endfacet
  facet normal -9.238795e-01 -0.000000e+00 -3.826834e-01
    outer loop
      vertex   -2.982156e+01 1.219560e+02 -7.280648e+01
      vertex   -2.982156e+01 1.204560e+02 -7.280648e+01
      vertex   -3.003135e+01 1.219560e+02 -7.230000e+01
    endloop
  endfacet
  facet normal -9.238795e-01 -0.000000e+00 -3.826834e-01
    outer loop
      vertex   -3.003135e+01 1.219560e+02 -7.230000e+01
      vertex   -2.982156e+01 1.204560e+02 -7.280648e+01
      vertex   -3.003135e+01 1.204560e+02 -7.230000e+01
    endloop
  endfacet
  facet normal -7.933533e-01 -0.000000e+00 -6.087614e-01
    outer loop
      vertex   -3.003135e+01 1.219560e+02 -7.230000e+01
      vertex   -3.003135e+01 1.204560e+02 -7.230000e+01
      vertex   -3.036508e+01 1.219560e+02 -7.186507e+01
    endloop
  endfacet
  facet normal -7.933533e-01 -0.000000e+00 -6.087614e-01
    outer loop
      vertex   -3.036508e+01 1.219560e+02 -7.186507e+01
      vertex   -3.003135e+01 1.204560e+02 -7.230000e+01
      vertex   -3.036508e+01 1.204560e+02 -7.186507e+01
    endloop
  endfacet
  facet normal -6.087614e-01 -0.000000e+00 -7.933533e-01
    outer loop
      vertex   -3.036508e+01 1.219560e+02 -7.186507e+01
      vertex   -3.036508e+01 1.204560e+02 -7.186507e+01
      vertex   -3.080000e+01 1.219560e+02 -7.153135e+01
    endloop
  endfacet
  facet normal -6.087614e-01 -0.000000e+00 -7.933533e-01
    outer loop
      vertex   -3.080000e+01 1.219560e+02 -7.153135e+01
      vertex   -3.036508e+01 1.204560e+02 -7.186507e+01
      vertex   -3.080000e+01 1.204560e+02 -7.153135e+01
    endloop
  endfacet
  facet normal -3.826834e-01 -0.000000e+00 -9.238795e-01
    outer loop
      vertex   -3.080000e+01 1.219560e+02 -7.153135e+01
      vertex   -3.080000e+01 1.204560e+02 -7.153135e+01
      vertex   -3.130648e+01 1.219560e+02 -7.132155e+01
    endloop
  endfacet
  facet normal -3.826834e-01 -0.000000e+00 -9.238795e-01
    outer loop
      vertex   -3.130648e+01 1.219560e+02 -7.132155e+01
      vertex   -3.080000e+01 1.204560e+02 -7.153135e+01
      vertex   -3.130648e+01 1.204560e+02 -7.132155e+01
    endloop
  endfacet
  facet normal -1.305262e-01 -0.000000e+00 -9.914449e-01
    outer loop
      vertex   -3.130648e+01 1.219560e+02 -7.132155e+01
      vertex   -3.130648e+01 1.204560e+02 -7.132155e+01
      vertex   -3.185000e+01 1.219560e+02 -7.125000e+01
    endloop
  endfacet
  facet normal -1.305262e-01 -0.000000e+00 -9.914449e-01
    outer loop
      vertex   -3.185000e+01 1.219560e+02 -7.125000e+01
      vertex   -3.130648e+01 1.204560e+02 -7.132155e+01
      vertex   -3.185000e+01 1.204560e+02 -7.125000e+01
    endloop
  endfacet
  facet normal 1.305262e-01 0.000000e+00 -9.914449e-01
    outer loop
      vertex   -3.185000e+01 1.219560e+02 -7.125000e+01
      vertex   -3.185000e+01 1.204560e+02 -7.125000e+01
      vertex   -3.239352e+01 1.219560e+02 -7.132155e+01
    endloop
  endfacet
  facet normal 1.305262e-01 0.000000e+00 -9.914449e-01
    outer loop
      vertex   -3.239352e+01 1.219560e+02 -7.132155e+01
      vertex   -3.185000e+01 1.204560e+02 -7.125000e+01
      vertex   -3.239352e+01 1.204560e+02 -7.132155e+01
    endloop
  endfacet
  facet normal 3.826834e-01 0.000000e+00 -9.238795e-01
    outer loop
      vertex   -3.239352e+01 1.219560e+02 -7.132155e+01
      vertex   -3.239352e+01 1.204560e+02 -7.132155e+01
      vertex   -3.290000e+01 1.219560e+02 -7.153135e+01
    endloop
  endfacet
  facet normal 3.826834e-01 0.000000e+00 -9.238795e-01
    outer loop
      vertex   -3.290000e+01 1.219560e+02 -7.153135e+01
      vertex   -3.239352e+01 1.204560e+02 -7.132155e+01
      vertex   -3.290000e+01 1.204560e+02 -7.153135e+01
    endloop
  endfacet
  facet normal 6.087614e-01 0.000000e+00 -7.933533e-01
    outer loop
      vertex   -3.290000e+01 1.219560e+02 -7.153135e+01
      vertex   -3.290000e+01 1.204560e+02 -7.153135e+01
      vertex   -3.333492e+01 1.219560e+02 -7.186507e+01
    endloop
  endfacet
  facet normal 6.087614e-01 0.000000e+00 -7.933533e-01
    outer loop
      vertex   -3.333492e+01 1.219560e+02 -7.186507e+01
      vertex   -3.290000e+01 1.204560e+02 -7.153135e+01
      vertex   -3.333492e+01 1.204560e+02 -7.186507e+01
    endloop
  endfacet
  facet normal 7.933533e-01 0.000000e+00 -6.087614e-01
    outer loop
      vertex   -3.333492e+01 1.219560e+02 -7.186507e+01
      vertex   -3.333492e+01 1.204560e+02 -7.186507e+01
      vertex   -3.366865e+01 1.219560e+02 -7.230000e+01
    endloop
  endfacet
  facet normal 7.933533e-01 0.000000e+00 -6.087614e-01
    outer loop
      vertex   -3.366865e+01 1.219560e+02 -7.230000e+01
      vertex   -3.333492e+01 1.204560e+02 -7.186507e+01
      vertex   -3.366865e+01 1.204560e+02 -7.230000e+01
    endloop
  endfacet
  facet normal 9.238795e-01 0.000000e+00 -3.826834e-01
    outer loop
      vertex   -3.366865e+01 1.219560e+02 -7.230000e+01
      vertex   -3.366865e+01 1.204560e+02 -7.230000e+01
      vertex   -3.387844e+01 1.219560e+02 -7.280648e+01
    endloop
  endfacet
  facet normal 9.238795e-01 0.000000e+00 -3.826834e-01
    outer loop
      vertex   -3.387844e+01 1.219560e+02 -7.280648e+01
      vertex   -3.366865e+01 1.204560e+02 -7.230000e+01
      vertex   -3.387844e+01 1.204560e+02 -7.280648e+01
    endloop
  endfacet
  facet normal 9.914449e-01 0.000000e+00 -1.305262e-01
    outer loop
      vertex   -3.387844e+01 1.219560e+02 -7.280648e+01
      vertex   -3.387844e+01 1.204560e+02 -7.280648e+01
      vertex   -3.395000e+01 1.219560e+02 -7.335000e+01
    endloop
  endfacet
  facet normal 9.914449e-01 0.000000e+00 -1.305262e-01
    outer loop
      vertex   -3.395000e+01 1.219560e+02 -7.335000e+01
      vertex   -3.387844e+01 1.204560e+02 -7.280648e+01
      vertex   -3.395000e+01 1.204560e+02 -7.335000e+01
    endloop
  endfacet
  facet normal 9.914449e-01 0.000000e+00 1.305262e-01
    outer loop
      vertex   -3.395000e+01 1.219560e+02 -7.335000e+01
      vertex   -3.395000e+01 1.204560e+02 -7.335000e+01
      vertex   -3.387844e+01 1.219560e+02 -7.389352e+01
    endloop
  endfacet
  facet normal 9.914449e-01 0.000000e+00 1.305262e-01
    outer loop
      vertex   -3.387844e+01 1.219560e+02 -7.389352e+01
      vertex   -3.395000e+01 1.204560e+02 -7.335000e+01
      vertex   -3.387844e+01 1.204560e+02 -7.389352e+01
    endloop
  endfacet
  facet normal 9.238795e-01 0.000000e+00 3.826834e-01
    outer loop
      vertex   -3.387844e+01 1.219560e+02 -7.389352e+01
      vertex   -3.387844e+01 1.204560e+02 -7.389352e+01
      vertex   -3.366865e+01 1.219560e+02 -7.440000e+01
    endloop
  endfacet
  facet normal 9.238795e-01 0.000000e+00 3.826834e-01
    outer loop
      vertex   -3.366865e+01 1.219560e+02 -7.440000e+01
      vertex   -3.387844e+01 1.204560e+02 -7.389352e+01
      vertex   -3.366865e+01 1.204560e+02 -7.440000e+01
    endloop
  endfacet
  facet normal 7.933533e-01 0.000000e+00 6.087614e-01
    outer loop
      vertex   -3.366865e+01 1.219560e+02 -7.440000e+01
      vertex   -3.366865e+01 1.204560e+02 -7.440000e+01
      vertex   -3.333492e+01 1.219560e+02 -7.483492e+01
    endloop
  endfacet
  facet normal 7.933533e-01 0.000000e+00 6.087614e-01
    outer loop
      vertex   -3.333492e+01 1.219560e+02 -7.483492e+01
      vertex   -3.366865e+01 1.204560e+02 -7.440000e+01
      vertex   -3.333492e+01 1.204560e+02 -7.483492e+01
    endloop
  endfacet
  facet normal 6.087614e-01 0.000000e+00 7.933533e-01
    outer loop
      vertex   -3.333492e+01 1.219560e+02 -7.483492e+01
      vertex   -3.333492e+01 1.204560e+02 -7.483492e+01
      vertex   -3.290000e+01 1.219560e+02 -7.516865e+01
    endloop
  endfacet
  facet normal 6.087614e-01 0.000000e+00 7.933533e-01
    outer loop
      vertex   -3.290000e+01 1.219560e+02 -7.516865e+01
      vertex   -3.333492e+01 1.204560e+02 -7.483492e+01
      vertex   -3.290000e+01 1.204560e+02 -7.516865e+01
    endloop
  endfacet
  facet normal 3.826834e-01 0.000000e+00 9.238795e-01
    outer loop
      vertex   -3.290000e+01 1.219560e+02 -7.516865e+01
      vertex   -3.290000e+01 1.204560e+02 -7.516865e+01
      vertex   -3.239352e+01 1.219560e+02 -7.537844e+01
    endloop
  endfacet
  facet normal 3.826834e-01 0.000000e+00 9.238795e-01
    outer loop
      vertex   -3.239352e+01 1.219560e+02 -7.537844e+01
      vertex   -3.290000e+01 1.204560e+02 -7.516865e+01
      vertex   -3.239352e+01 1.204560e+02 -7.537844e+01
    endloop
  endfacet
  facet normal 1.305262e-01 0.000000e+00 9.914449e-01
    outer loop
      vertex   -3.239352e+01 1.219560e+02 -7.537844e+01
      vertex   -3.239352e+01 1.204560e+02 -7.537844e+01
      vertex   -3.185000e+01 1.219560e+02 -7.545000e+01
    endloop
  endfacet
  facet normal 1.305262e-01 0.000000e+00 9.914449e-01
    outer loop
      vertex   -3.185000e+01 1.219560e+02 -7.545000e+01
      vertex   -3.239352e+01 1.204560e+02 -7.537844e+01
      vertex   -3.185000e+01 1.204560e+02 -7.545000e+01
    endloop
  endfacet
  facet normal -1.305262e-01 0.000000e+00 9.914449e-01
    outer loop
      vertex   -3.185000e+01 1.219560e+02 -7.545000e+01
      vertex   -3.185000e+01 1.204560e+02 -7.545000e+01
      vertex   -3.130648e+01 1.219560e+02 -7.537844e+01
    endloop
  endfacet
  facet normal -1.305262e-01 0.000000e+00 9.914449e-01
    outer loop
      vertex   -3.130648e+01 1.219560e+02 -7.537844e+01
      vertex   -3.185000e+01 1.204560e+02 -7.545000e+01
      vertex   -3.130648e+01 1.204560e+02 -7.537844e+01
    endloop
  endfacet
  facet normal -3.826834e-01 0.000000e+00 9.238795e-01
    outer loop
      vertex   -3.130648e+01 1.219560e+02 -7.537844e+01
      vertex   -3.130648e+01 1.204560e+02 -7.537844e+01
      vertex   -3.080000e+01 1.219560e+02 -7.516865e+01
    endloop
  endfacet
  facet normal -3.826834e-01 0.000000e+00 9.238795e-01
    outer loop
      vertex   -3.080000e+01 1.219560e+02 -7.516865e+01
      vertex   -3.130648e+01 1.204560e+02 -7.537844e+01
      vertex   -3.080000e+01 1.204560e+02 -7.516865e+01
    endloop
  endfacet
  facet normal -6.087614e-01 0.000000e+00 7.933533e-01
    outer loop
      vertex   -3.080000e+01 1.219560e+02 -7.516865e+01
      vertex   -3.080000e+01 1.204560e+02 -7.516865e+01
      vertex   -3.036508e+01 1.219560e+02 -7.483492e+01
    endloop
  endfacet
  facet normal -6.087614e-01 0.000000e+00 7.933533e-01
    outer loop
      vertex   -3.036508e+01 1.219560e+02 -7.483492e+01
      vertex   -3.080000e+01 1.204560e+02 -7.516865e+01
      vertex   -3.036508e+01 1.204560e+02 -7.483492e+01
    endloop
  endfacet
  facet normal -7.933533e-01 0.000000e+00 6.087614e-01
    outer loop
      vertex   -3.036508e+01 1.219560e+02 -7.483492e+01
      vertex   -3.036508e+01 1.204560e+02 -7.483492e+01
      vertex   -3.003135e+01 1.219560e+02 -7.440000e+01
    endloop
  endfacet
  facet normal -7.933533e-01 0.000000e+00 6.087614e-01
    outer loop
      vertex   -3.003135e+01 1.219560e+02 -7.440000e+01
      vertex   -3.036508e+01 1.204560e+02 -7.483492e+01
      vertex   -3.003135e+01 1.204560e+02 -7.440000e+01
    endloop
  endfacet
  facet normal -9.238795e-01 0.000000e+00 3.826834e-01
    outer loop
      vertex   -3.003135e+01 1.219560e+02 -7.440000e+01
      vertex   -3.003135e+01 1.204560e+02 -7.440000e+01
      vertex   -2.982156e+01 1.219560e+02 -7.389352e+01
    endloop
  endfacet
  facet normal -9.238795e-01 0.000000e+00 3.826834e-01
    outer loop
      vertex   -2.982156e+01 1.219560e+02 -7.389352e+01
      vertex   -3.003135e+01 1.204560e+02 -7.440000e+01
      vertex   -2.982156e+01 1.204560e+02 -7.389352e+01
    endloop
  endfacet
  facet normal -9.914449e-01 0.000000e+00 1.305262e-01
    outer loop
      vertex   2.351845e+01 1.219560e+02 -2.819352e+01
      vertex   2.351845e+01 1.204560e+02 -2.819352e+01
      vertex   2.359000e+01 1.219560e+02 -2.765000e+01
    endloop
  endfacet
  facet normal -9.914449e-01 0.000000e+00 1.305262e-01
    outer loop
      vertex   2.359000e+01 1.219560e+02 -2.765000e+01
      vertex   2.351845e+01 1.204560e+02 -2.819352e+01
      vertex   2.359000e+01 1.204560e+02 -2.765000e+01
    endloop
  endfacet
  facet normal -9.914449e-01 -0.000000e+00 -1.305262e-01
    outer loop
      vertex   2.359000e+01 1.219560e+02 -2.765000e+01
      vertex   2.359000e+01 1.204560e+02 -2.765000e+01
      vertex   2.351845e+01 1.219560e+02 -2.710648e+01
    endloop
  endfacet
  facet normal -9.914449e-01 -0.000000e+00 -1.305262e-01
    outer loop
      vertex   2.351845e+01 1.219560e+02 -2.710648e+01
      vertex   2.359000e+01 1.204560e+02 -2.765000e+01
      vertex   2.351845e+01 1.204560e+02 -2.710648e+01
    endloop
  endfacet
  facet normal -9.238795e-01 -0.000000e+00 -3.826834e-01
    outer loop
      vertex   2.351845e+01 1.219560e+02 -2.710648e+01
      vertex   2.351845e+01 1.204560e+02 -2.710648e+01
      vertex   2.330865e+01 1.219560e+02 -2.660000e+01
    endloop
  endfacet
  facet normal -9.238795e-01 -0.000000e+00 -3.826834e-01
    outer loop
      vertex   2.330865e+01 1.219560e+02 -2.660000e+01
      vertex   2.351845e+01 1.204560e+02 -2.710648e+01
      vertex   2.330865e+01 1.204560e+02 -2.660000e+01
    endloop
  endfacet
  facet normal -7.933533e-01 -0.000000e+00 -6.087614e-01
    outer loop
      vertex   2.330865e+01 1.219560e+02 -2.660000e+01
      vertex   2.330865e+01 1.204560e+02 -2.660000e+01
      vertex   2.297493e+01 1.219560e+02 -2.616508e+01
    endloop
  endfacet
  facet normal -7.933533e-01 -0.000000e+00 -6.087614e-01
    outer loop
      vertex   2.297493e+01 1.219560e+02 -2.616508e+01
      vertex   2.330865e+01 1.204560e+02 -2.660000e+01
      vertex   2.297493e+01 1.204560e+02 -2.616508e+01
    endloop
  endfacet
  facet normal -6.087614e-01 -0.000000e+00 -7.933533e-01
    outer loop
      vertex   2.297493e+01 1.219560e+02 -2.616508e+01
      vertex   2.297493e+01 1.204560e+02 -2.616508e+01
      vertex   2.254000e+01 1.219560e+02 -2.583135e+01
    endloop
  endfacet
  facet normal -6.087614e-01 -0.000000e+00 -7.933533e-01
    outer loop
      vertex   2.254000e+01 1.219560e+02 -2.583135e+01
      vertex   2.297493e+01 1.204560e+02 -2.616508e+01
      vertex   2.254000e+01 1.204560e+02 -2.583135e+01
    endloop
  endfacet
  facet normal -3.826834e-01 -0.000000e+00 -9.238795e-01
    outer loop
      vertex   2.254000e+01 1.219560e+02 -2.583135e+01
      vertex   2.254000e+01 1.204560e+02 -2.583135e+01
      vertex   2.203352e+01 1.219560e+02 -2.562156e+01
    endloop
  endfacet
  facet normal -3.826834e-01 -0.000000e+00 -9.238795e-01
    outer loop
      vertex   2.203352e+01 1.219560e+02 -2.562156e+01
      vertex   2.254000e+01 1.204560e+02 -2.583135e+01
      vertex   2.203352e+01 1.204560e+02 -2.562156e+01
    endloop
  endfacet
  facet normal -1.305262e-01 -0.000000e+00 -9.914449e-01
    outer loop
      vertex   2.203352e+01 1.219560e+02 -2.562156e+01
      vertex   2.203352e+01 1.204560e+02 -2.562156e+01
      vertex   2.149000e+01 1.219560e+02 -2.555000e+01
    endloop
  endfacet
  facet normal -1.305262e-01 -0.000000e+00 -9.914449e-01
    outer loop
      vertex   2.149000e+01 1.219560e+02 -2.555000e+01
      vertex   2.203352e+01 1.204560e+02 -2.562156e+01
      vertex   2.149000e+01 1.204560e+02 -2.555000e+01
    endloop
  endfacet
  facet normal 1.305262e-01 0.000000e+00 -9.914449e-01
    outer loop
      vertex   2.149000e+01 1.219560e+02 -2.555000e+01
      vertex   2.149000e+01 1.204560e+02 -2.555000e+01
      vertex   2.094648e+01 1.219560e+02 -2.562156e+01
    endloop
  endfacet
  facet normal 1.305262e-01 0.000000e+00 -9.914449e-01
    outer loop
      vertex   2.094648e+01 1.219560e+02 -2.562156e+01
      vertex   2.149000e+01 1.204560e+02 -2.555000e+01
      vertex   2.094648e+01 1.204560e+02 -2.562156e+01
    endloop
  endfacet
  facet normal 3.826834e-01 0.000000e+00 -9.238795e-01
    outer loop
      vertex   2.094648e+01 1.219560e+02 -2.562156e+01
      vertex   2.094648e+01 1.204560e+02 -2.562156e+01
      vertex   2.044000e+01 1.219560e+02 -2.583135e+01
    endloop
  endfacet
  facet normal 3.826834e-01 0.000000e+00 -9.238795e-01
    outer loop
      vertex   2.044000e+01 1.219560e+02 -2.583135e+01
      vertex   2.094648e+01 1.204560e+02 -2.562156e+01
      vertex   2.044000e+01 1.204560e+02 -2.583135e+01
    endloop
  endfacet
  facet normal 6.087614e-01 0.000000e+00 -7.933533e-01
    outer loop
      vertex   2.044000e+01 1.219560e+02 -2.583135e+01
      vertex   2.044000e+01 1.204560e+02 -2.583135e+01
      vertex   2.000508e+01 1.219560e+02 -2.616508e+01
    endloop
  endfacet
  facet normal 6.087614e-01 0.000000e+00 -7.933533e-01
    outer loop
      vertex   2.000508e+01 1.219560e+02 -2.616508e+01
      vertex   2.044000e+01 1.204560e+02 -2.583135e+01
      vertex   2.000508e+01 1.204560e+02 -2.616508e+01
    endloop
  endfacet
  facet normal 7.933533e-01 0.000000e+00 -6.087614e-01
    outer loop
      vertex   2.000508e+01 1.219560e+02 -2.616508e+01
      vertex   2.000508e+01 1.204560e+02 -2.616508e+01
      vertex   1.967135e+01 1.219560e+02 -2.660000e+01
    endloop
  endfacet
  facet normal 7.933533e-01 0.000000e+00 -6.087614e-01
    outer loop
      vertex   1.967135e+01 1.219560e+02 -2.660000e+01
      vertex   2.000508e+01 1.204560e+02 -2.616508e+01
      vertex   1.967135e+01 1.204560e+02 -2.660000e+01
    endloop
  endfacet
  facet normal 9.238795e-01 0.000000e+00 -3.826834e-01
    outer loop
      vertex   1.967135e+01 1.219560e+02 -2.660000e+01
      vertex   1.967135e+01 1.204560e+02 -2.660000e+01
      vertex   1.946156e+01 1.219560e+02 -2.710648e+01
    endloop
  endfacet
  facet normal 9.238795e-01 0.000000e+00 -3.826834e-01
    outer loop
      vertex   1.946156e+01 1.219560e+02 -2.710648e+01
      vertex   1.967135e+01 1.204560e+02 -2.660000e+01
      vertex   1.946156e+01 1.204560e+02 -2.710648e+01
    endloop
  endfacet
  facet normal 9.914449e-01 0.000000e+00 -1.305262e-01
    outer loop
      vertex   1.946156e+01 1.219560e+02 -2.710648e+01
      vertex   1.946156e+01 1.204560e+02 -2.710648e+01
      vertex   1.939000e+01 1.219560e+02 -2.765000e+01
    endloop
  endfacet
  facet normal 9.914449e-01 0.000000e+00 -1.305262e-01
    outer loop
      vertex   1.939000e+01 1.219560e+02 -2.765000e+01
      vertex   1.946156e+01 1.204560e+02 -2.710648e+01
      vertex   1.939000e+01 1.204560e+02 -2.765000e+01
    endloop
  endfacet
  facet normal 9.914449e-01 0.000000e+00 1.305262e-01
    outer loop
      vertex   1.939000e+01 1.219560e+02 -2.765000e+01
      vertex   1.939000e+01 1.204560e+02 -2.765000e+01
      vertex   1.946156e+01 1.219560e+02 -2.819352e+01
    endloop
  endfacet
  facet normal 9.914449e-01 0.000000e+00 1.305262e-01
    outer loop
      vertex   1.946156e+01 1.219560e+02 -2.819352e+01
      vertex   1.939000e+01 1.204560e+02 -2.765000e+01
      vertex   1.946156e+01 1.204560e+02 -2.819352e+01
    endloop
  endfacet
  facet normal 9.238795e-01 0.000000e+00 3.826834e-01
    outer loop
      vertex   1.946156e+01 1.219560e+02 -2.819352e+01
      vertex   1.946156e+01 1.204560e+02 -2.819352e+01
      vertex   1.967135e+01 1.219560e+02 -2.870000e+01
    endloop
  endfacet
  facet normal 9.238795e-01 0.000000e+00 3.826834e-01
    outer loop
      vertex   1.967135e+01 1.219560e+02 -2.870000e+01
      vertex   1.946156e+01 1.204560e+02 -2.819352e+01
      vertex   1.967135e+01 1.204560e+02 -2.870000e+01
    endloop
  endfacet
  facet normal 7.933533e-01 0.000000e+00 6.087614e-01
    outer loop
      vertex   1.967135e+01 1.219560e+02 -2.870000e+01
      vertex   1.967135e+01 1.204560e+02 -2.870000e+01
      vertex   2.000508e+01 1.219560e+02 -2.913493e+01
    endloop
  endfacet
  facet normal 7.933533e-01 0.000000e+00 6.087614e-01
    outer loop
      vertex   2.000508e+01 1.219560e+02 -2.913493e+01
      vertex   1.967135e+01 1.204560e+02 -2.870000e+01
      vertex   2.000508e+01 1.204560e+02 -2.913493e+01
    endloop
  endfacet
  facet normal 6.087614e-01 0.000000e+00 7.933533e-01
    outer loop
      vertex   2.000508e+01 1.219560e+02 -2.913493e+01
      vertex   2.000508e+01 1.204560e+02 -2.913493e+01
      vertex   2.044000e+01 1.219560e+02 -2.946865e+01
    endloop
  endfacet
  facet normal 6.087614e-01 0.000000e+00 7.933533e-01
    outer loop
      vertex   2.044000e+01 1.219560e+02 -2.946865e+01
      vertex   2.000508e+01 1.204560e+02 -2.913493e+01
      vertex   2.044000e+01 1.204560e+02 -2.946865e+01
    endloop
  endfacet
  facet normal 3.826834e-01 0.000000e+00 9.238795e-01
    outer loop
      vertex   2.044000e+01 1.219560e+02 -2.946865e+01
      vertex   2.044000e+01 1.204560e+02 -2.946865e+01
      vertex   2.094648e+01 1.219560e+02 -2.967845e+01
    endloop
  endfacet
  facet normal 3.826834e-01 0.000000e+00 9.238795e-01
    outer loop
      vertex   2.094648e+01 1.219560e+02 -2.967845e+01
      vertex   2.044000e+01 1.204560e+02 -2.946865e+01
      vertex   2.094648e+01 1.204560e+02 -2.967845e+01
    endloop
  endfacet
  facet normal 1.305262e-01 0.000000e+00 9.914449e-01
    outer loop
      vertex   2.094648e+01 1.219560e+02 -2.967845e+01
      vertex   2.094648e+01 1.204560e+02 -2.967845e+01
      vertex   2.149000e+01 1.219560e+02 -2.975000e+01
    endloop
  endfacet
  facet normal 1.305262e-01 0.000000e+00 9.914449e-01
    outer loop
      vertex   2.149000e+01 1.219560e+02 -2.975000e+01
      vertex   2.094648e+01 1.204560e+02 -2.967845e+01
      vertex   2.149000e+01 1.204560e+02 -2.975000e+01
    endloop
  endfacet
  facet normal -1.305262e-01 0.000000e+00 9.914449e-01
    outer loop
      vertex   2.149000e+01 1.219560e+02 -2.975000e+01
      vertex   2.149000e+01 1.204560e+02 -2.975000e+01
      vertex   2.203352e+01 1.219560e+02 -2.967845e+01
    endloop
  endfacet
  facet normal -1.305262e-01 0.000000e+00 9.914449e-01
    outer loop
      vertex   2.203352e+01 1.219560e+02 -2.967845e+01
      vertex   2.149000e+01 1.204560e+02 -2.975000e+01
      vertex   2.203352e+01 1.204560e+02 -2.967845e+01
    endloop
  endfacet
  facet normal -3.826834e-01 0.000000e+00 9.238795e-01
    outer loop
      vertex   2.203352e+01 1.219560e+02 -2.967845e+01
      vertex   2.203352e+01 1.204560e+02 -2.967845e+01
      vertex   2.254000e+01 1.219560e+02 -2.946865e+01
    endloop
  endfacet
  facet normal -3.826834e-01 0.000000e+00 9.238795e-01
    outer loop
      vertex   2.254000e+01 1.219560e+02 -2.946865e+01
      vertex   2.203352e+01 1.204560e+02 -2.967845e+01
      vertex   2.254000e+01 1.204560e+02 -2.946865e+01
    endloop
  endfacet
  facet normal -6.087614e-01 0.000000e+00 7.933533e-01
    outer loop
      vertex   2.254000e+01 1.219560e+02 -2.946865e+01
      vertex   2.254000e+01 1.204560e+02 -2.946865e+01
      vertex   2.297493e+01 1.219560e+02 -2.913493e+01
    endloop
  endfacet
  facet normal -6.087614e-01 0.000000e+00 7.933533e-01
    outer loop
      vertex   2.297493e+01 1.219560e+02 -2.913493e+01
      vertex   2.254000e+01 1.204560e+02 -2.946865e+01
      vertex   2.297493e+01 1.204560e+02 -2.913493e+01
    endloop
  endfacet
  facet normal -7.933533e-01 0.000000e+00 6.087614e-01
    outer loop
      vertex   2.297493e+01 1.219560e+02 -2.913493e+01
      vertex   2.297493e+01 1.204560e+02 -2.913493e+01
      vertex   2.330865e+01 1.219560e+02 -2.870000e+01
    endloop
  endfacet
  facet normal -7.933533e-01 0.000000e+00 6.087614e-01
    outer loop
      vertex   2.330865e+01 1.219560e+02 -2.870000e+01
      vertex   2.297493e+01 1.204560e+02 -2.913493e+01
      vertex   2.330865e+01 1.204560e+02 -2.870000e+01
    endloop
  endfacet
  facet normal -9.238795e-01 0.000000e+00 3.826834e-01
    outer loop
      vertex   2.330865e+01 1.219560e+02 -2.870000e+01
      vertex   2.330865e+01 1.204560e+02 -2.870000e+01
      vertex   2.351845e+01 1.219560e+02 -2.819352e+01
    endloop
  endfacet
  facet normal -9.238795e-01 0.000000e+00 3.826834e-01
    outer loop
      vertex   2.351845e+01 1.219560e+02 -2.819352e+01
      vertex   2.330865e+01 1.204560e+02 -2.870000e+01
      vertex   2.351845e+01 1.204560e+02 -2.819352e+01
    endloop
  endfacet
  facet normal -9.914449e-01 0.000000e+00 1.305262e-01
    outer loop
      vertex   2.352844e+01 1.219560e+02 1.755648e+01
      vertex   2.352844e+01 1.204560e+02 1.755648e+01
      vertex   2.360000e+01 1.219560e+02 1.810000e+01
    endloop
  endfacet
  facet normal -9.914449e-01 0.000000e+00 1.305262e-01
    outer loop
      vertex   2.360000e+01 1.219560e+02 1.810000e+01
      vertex   2.352844e+01 1.204560e+02 1.755648e+01
      vertex   2.360000e+01 1.204560e+02 1.810000e+01
    endloop
  endfacet
  facet normal -9.914449e-01 -0.000000e+00 -1.305262e-01
    outer loop
      vertex   2.360000e+01 1.219560e+02 1.810000e+01
      vertex   2.360000e+01 1.204560e+02 1.810000e+01
      vertex   2.352844e+01 1.219560e+02 1.864352e+01
    endloop
  endfacet
  facet normal -9.914449e-01 -0.000000e+00 -1.305262e-01
    outer loop
      vertex   2.352844e+01 1.219560e+02 1.864352e+01
      vertex   2.360000e+01 1.204560e+02 1.810000e+01
      vertex   2.352844e+01 1.204560e+02 1.864352e+01
    endloop
  endfacet
  facet normal -9.238795e-01 -0.000000e+00 -3.826834e-01
    outer loop
      vertex   2.352844e+01 1.219560e+02 1.864352e+01
      vertex   2.352844e+01 1.204560e+02 1.864352e+01
      vertex   2.331865e+01 1.219560e+02 1.915000e+01
    endloop
  endfacet
  facet normal -9.238795e-01 -0.000000e+00 -3.826834e-01
    outer loop
      vertex   2.331865e+01 1.219560e+02 1.915000e+01
      vertex   2.352844e+01 1.204560e+02 1.864352e+01
      vertex   2.331865e+01 1.204560e+02 1.915000e+01
    endloop
  endfacet
  facet normal -7.933533e-01 -0.000000e+00 -6.087614e-01
    outer loop
      vertex   2.331865e+01 1.219560e+02 1.915000e+01
      vertex   2.331865e+01 1.204560e+02 1.915000e+01
      vertex   2.298492e+01 1.219560e+02 1.958492e+01
    endloop
  endfacet
  facet normal -7.933533e-01 -0.000000e+00 -6.087614e-01
    outer loop
      vertex   2.298492e+01 1.219560e+02 1.958492e+01
      vertex   2.331865e+01 1.204560e+02 1.915000e+01
      vertex   2.298492e+01 1.204560e+02 1.958492e+01
    endloop
  endfacet
  facet normal -6.087614e-01 -0.000000e+00 -7.933533e-01
    outer loop
      vertex   2.298492e+01 1.219560e+02 1.958492e+01
      vertex   2.298492e+01 1.204560e+02 1.958492e+01
      vertex   2.255000e+01 1.219560e+02 1.991865e+01
    endloop
  endfacet
  facet normal -6.087614e-01 -0.000000e+00 -7.933533e-01
    outer loop
      vertex   2.255000e+01 1.219560e+02 1.991865e+01
      vertex   2.298492e+01 1.204560e+02 1.958492e+01
      vertex   2.255000e+01 1.204560e+02 1.991865e+01
    endloop
  endfacet
  facet normal -3.826834e-01 -0.000000e+00 -9.238795e-01
    outer loop
      vertex   2.255000e+01 1.219560e+02 1.991865e+01
      vertex   2.255000e+01 1.204560e+02 1.991865e+01
      vertex   2.204352e+01 1.219560e+02 2.012844e+01
    endloop
  endfacet
  facet normal -3.826834e-01 -0.000000e+00 -9.238795e-01
    outer loop
      vertex   2.204352e+01 1.219560e+02 2.012844e+01
      vertex   2.255000e+01 1.204560e+02 1.991865e+01
      vertex   2.204352e+01 1.204560e+02 2.012844e+01
    endloop
  endfacet
  facet normal -1.305262e-01 -0.000000e+00 -9.914449e-01
    outer loop
      vertex   2.204352e+01 1.219560e+02 2.012844e+01
      vertex   2.204352e+01 1.204560e+02 2.012844e+01
      vertex   2.150000e+01 1.219560e+02 2.020000e+01
    endloop
  endfacet
  facet normal -1.305262e-01 -0.000000e+00 -9.914449e-01
    outer loop
      vertex   2.150000e+01 1.219560e+02 2.020000e+01
      vertex   2.204352e+01 1.204560e+02 2.012844e+01
      vertex   2.150000e+01 1.204560e+02 2.020000e+01
    endloop
  endfacet
  facet normal 1.305262e-01 0.000000e+00 -9.914449e-01
    outer loop
      vertex   2.150000e+01 1.219560e+02 2.020000e+01
      vertex   2.150000e+01 1.204560e+02 2.020000e+01
      vertex   2.095648e+01 1.219560e+02 2.012844e+01
    endloop
  endfacet
  facet normal 1.305262e-01 0.000000e+00 -9.914449e-01
    outer loop
      vertex   2.095648e+01 1.219560e+02 2.012844e+01
      vertex   2.150000e+01 1.204560e+02 2.020000e+01
      vertex   2.095648e+01 1.204560e+02 2.012844e+01
    endloop
  endfacet
  facet normal 3.826834e-01 0.000000e+00 -9.238795e-01
    outer loop
      vertex   2.095648e+01 1.219560e+02 2.012844e+01
      vertex   2.095648e+01 1.204560e+02 2.012844e+01
      vertex   2.045000e+01 1.219560e+02 1.991865e+01
    endloop
  endfacet
  facet normal 3.826834e-01 0.000000e+00 -9.238795e-01
    outer loop
      vertex   2.045000e+01 1.219560e+02 1.991865e+01
      vertex   2.095648e+01 1.204560e+02 2.012844e+01
      vertex   2.045000e+01 1.204560e+02 1.991865e+01
    endloop
  endfacet
  facet normal 6.087614e-01 0.000000e+00 -7.933533e-01
    outer loop
      vertex   2.045000e+01 1.219560e+02 1.991865e+01
      vertex   2.045000e+01 1.204560e+02 1.991865e+01
      vertex   2.001508e+01 1.219560e+02 1.958492e+01
    endloop
  endfacet
  facet normal 6.087614e-01 0.000000e+00 -7.933533e-01
    outer loop
      vertex   2.001508e+01 1.219560e+02 1.958492e+01
      vertex   2.045000e+01 1.204560e+02 1.991865e+01
      vertex   2.001508e+01 1.204560e+02 1.958492e+01
    endloop
  endfacet
  facet normal 7.933533e-01 0.000000e+00 -6.087614e-01
    outer loop
      vertex   2.001508e+01 1.219560e+02 1.958492e+01
      vertex   2.001508e+01 1.204560e+02 1.958492e+01
      vertex   1.968135e+01 1.219560e+02 1.915000e+01
    endloop
  endfacet
  facet normal 7.933533e-01 0.000000e+00 -6.087614e-01
    outer loop
      vertex   1.968135e+01 1.219560e+02 1.915000e+01
      vertex   2.001508e+01 1.204560e+02 1.958492e+01
      vertex   1.968135e+01 1.204560e+02 1.915000e+01
    endloop
  endfacet
  facet normal 9.238795e-01 0.000000e+00 -3.826834e-01
    outer loop
      vertex   1.968135e+01 1.219560e+02 1.915000e+01
      vertex   1.968135e+01 1.204560e+02 1.915000e+01
      vertex   1.947156e+01 1.219560e+02 1.864352e+01
    endloop
  endfacet
  facet normal 9.238795e-01 0.000000e+00 -3.826834e-01
    outer loop
      vertex   1.947156e+01 1.219560e+02 1.864352e+01
      vertex   1.968135e+01 1.204560e+02 1.915000e+01
      vertex   1.947156e+01 1.204560e+02 1.864352e+01
    endloop
  endfacet
  facet normal 9.914449e-01 0.000000e+00 -1.305262e-01
    outer loop
      vertex   1.947156e+01 1.219560e+02 1.864352e+01
      vertex   1.947156e+01 1.204560e+02 1.864352e+01
      vertex   1.940000e+01 1.219560e+02 1.810000e+01
    endloop
  endfacet
  facet normal 9.914449e-01 0.000000e+00 -1.305262e-01
    outer loop
      vertex   1.940000e+01 1.219560e+02 1.810000e+01
      vertex   1.947156e+01 1.204560e+02 1.864352e+01
      vertex   1.940000e+01 1.204560e+02 1.810000e+01
    endloop
  endfacet
  facet normal 9.914449e-01 0.000000e+00 1.305262e-01
    outer loop
      vertex   1.940000e+01 1.219560e+02 1.810000e+01
      vertex   1.940000e+01 1.204560e+02 1.810000e+01
      vertex   1.947156e+01 1.219560e+02 1.755648e+01
    endloop
  endfacet
  facet normal 9.914449e-01 0.000000e+00 1.305262e-01
    outer loop
      vertex   1.947156e+01 1.219560e+02 1.755648e+01
      vertex   1.940000e+01 1.204560e+02 1.810000e+01
      vertex   1.947156e+01 1.204560e+02 1.755648e+01
    endloop
  endfacet
  facet normal 9.238795e-01 0.000000e+00 3.826834e-01
    outer loop
      vertex   1.947156e+01 1.219560e+02 1.755648e+01
      vertex   1.947156e+01 1.204560e+02 1.755648e+01
      vertex   1.968135e+01 1.219560e+02 1.705000e+01
    endloop
  endfacet
  facet normal 9.238795e-01 0.000000e+00 3.826834e-01
    outer loop
      vertex   1.968135e+01 1.219560e+02 1.705000e+01
      vertex   1.947156e+01 1.204560e+02 1.755648e+01
      vertex   1.968135e+01 1.204560e+02 1.705000e+01
    endloop
  endfacet
  facet normal 7.933533e-01 0.000000e+00 6.087614e-01
    outer loop
      vertex   1.968135e+01 1.219560e+02 1.705000e+01
      vertex   1.968135e+01 1.204560e+02 1.705000e+01
      vertex   2.001508e+01 1.219560e+02 1.661508e+01
    endloop
  endfacet
  facet normal 7.933533e-01 0.000000e+00 6.087614e-01
    outer loop
      vertex   2.001508e+01 1.219560e+02 1.661508e+01
      vertex   1.968135e+01 1.204560e+02 1.705000e+01
      vertex   2.001508e+01 1.204560e+02 1.661508e+01
    endloop
  endfacet
  facet normal 6.087614e-01 0.000000e+00 7.933533e-01
    outer loop
      vertex   2.001508e+01 1.219560e+02 1.661508e+01
      vertex   2.001508e+01 1.204560e+02 1.661508e+01
      vertex   2.045000e+01 1.219560e+02 1.628135e+01
    endloop
  endfacet
  facet normal 6.087614e-01 0.000000e+00 7.933533e-01
    outer loop
      vertex   2.045000e+01 1.219560e+02 1.628135e+01
      vertex   2.001508e+01 1.204560e+02 1.661508e+01
      vertex   2.045000e+01 1.204560e+02 1.628135e+01
    endloop
  endfacet
  facet normal 3.826834e-01 0.000000e+00 9.238795e-01
    outer loop
      vertex   2.045000e+01 1.219560e+02 1.628135e+01
      vertex   2.045000e+01 1.204560e+02 1.628135e+01
      vertex   2.095648e+01 1.219560e+02 1.607156e+01
    endloop
  endfacet
  facet normal 3.826834e-01 0.000000e+00 9.238795e-01
    outer loop
      vertex   2.095648e+01 1.219560e+02 1.607156e+01
      vertex   2.045000e+01 1.204560e+02 1.628135e+01
      vertex   2.095648e+01 1.204560e+02 1.607156e+01
    endloop
  endfacet
  facet normal 1.305262e-01 0.000000e+00 9.914449e-01
    outer loop
      vertex   2.095648e+01 1.219560e+02 1.607156e+01
      vertex   2.095648e+01 1.204560e+02 1.607156e+01
      vertex   2.150000e+01 1.219560e+02 1.600000e+01
    endloop
  endfacet
  facet normal 1.305262e-01 0.000000e+00 9.914449e-01
    outer loop
      vertex   2.150000e+01 1.219560e+02 1.600000e+01
      vertex   2.095648e+01 1.204560e+02 1.607156e+01
      vertex   2.150000e+01 1.204560e+02 1.600000e+01
    endloop
  endfacet
  facet normal -1.305262e-01 0.000000e+00 9.914449e-01
    outer loop
      vertex   2.150000e+01 1.219560e+02 1.600000e+01
      vertex   2.150000e+01 1.204560e+02 1.600000e+01
      vertex   2.204352e+01 1.219560e+02 1.607156e+01
    endloop
  endfacet
  facet normal -1.305262e-01 0.000000e+00 9.914449e-01
    outer loop
      vertex   2.204352e+01 1.219560e+02 1.607156e+01
      vertex   2.150000e+01 1.204560e+02 1.600000e+01
      vertex   2.204352e+01 1.204560e+02 1.607156e+01
    endloop
  endfacet
  facet normal -3.826834e-01 0.000000e+00 9.238795e-01
    outer loop
      vertex   2.204352e+01 1.219560e+02 1.607156e+01
      vertex   2.204352e+01 1.204560e+02 1.607156e+01
      vertex   2.255000e+01 1.219560e+02 1.628135e+01
    endloop
  endfacet
  facet normal -3.826834e-01 0.000000e+00 9.238795e-01
    outer loop
      vertex   2.255000e+01 1.219560e+02 1.628135e+01
      vertex   2.204352e+01 1.204560e+02 1.607156e+01
      vertex   2.255000e+01 1.204560e+02 1.628135e+01
    endloop
  endfacet
  facet normal -6.087614e-01 0.000000e+00 7.933533e-01
    outer loop
      vertex   2.255000e+01 1.219560e+02 1.628135e+01
      vertex   2.255000e+01 1.204560e+02 1.628135e+01
      vertex   2.298492e+01 1.219560e+02 1.661508e+01
    endloop
  endfacet
  facet normal -6.087614e-01 0.000000e+00 7.933533e-01
    outer loop
      vertex   2.298492e+01 1.219560e+02 1.661508e+01
      vertex   2.255000e+01 1.204560e+02 1.628135e+01
      vertex   2.298492e+01 1.204560e+02 1.661508e+01
    endloop
  endfacet
  facet normal -7.933533e-01 0.000000e+00 6.087614e-01
    outer loop
      vertex   2.298492e+01 1.219560e+02 1.661508e+01
      vertex   2.298492e+01 1.204560e+02 1.661508e+01
      vertex   2.331865e+01 1.219560e+02 1.705000e+01
    endloop
  endfacet
  facet normal -7.933533e-01 0.000000e+00 6.087614e-01
    outer loop
      vertex   2.331865e+01 1.219560e+02 1.705000e+01
      vertex   2.298492e+01 1.204560e+02 1.661508e+01
      vertex   2.331865e+01 1.204560e+02 1.705000e+01
    endloop
  endfacet
  facet normal -9.238795e-01 0.000000e+00 3.826834e-01
    outer loop
      vertex   2.331865e+01 1.219560e+02 1.705000e+01
      vertex   2.331865e+01 1.204560e+02 1.705000e+01
      vertex   2.352844e+01 1.219560e+02 1.755648e+01
    endloop
  endfacet
  facet normal -9.238795e-01 0.000000e+00 3.826834e-01
    outer loop
      vertex   2.352844e+01 1.219560e+02 1.755648e+01
      vertex   2.331865e+01 1.204560e+02 1.705000e+01
      vertex   2.352844e+01 1.204560e+02 1.755648e+01
    endloop
  endfacet
  facet normal 7.071068e-01 0.000000e+00 -7.071068e-01
    outer loop
      vertex   2.490051e+01 1.204560e+02 -8.298650e+01
      vertex   2.213482e+01 1.204560e+02 -8.575219e+01
      vertex   2.490051e+01 1.219560e+02 -8.298650e+01
    endloop
  endfacet
  facet normal 7.071068e-01 0.000000e+00 -7.071068e-01
    outer loop
      vertex   2.490051e+01 1.219560e+02 -8.298650e+01
      vertex   2.213482e+01 1.204560e+02 -8.575219e+01
      vertex   2.213482e+01 1.219560e+02 -8.575219e+01
    endloop
  endfacet
  facet normal 1.000000e+00 -0.000000e+00 0.000000e+00
    outer loop
      vertex   2.490051e+01 1.204560e+02 3.273922e+01
      vertex   2.490051e+01 1.204560e+02 -8.298650e+01
      vertex   2.490051e+01 1.219560e+02 3.273922e+01
    endloop
  endfacet
  facet normal 1.000000e+00 0.000000e+00 0.000000e+00
    outer loop
      vertex   2.490051e+01 1.219560e+02 3.273922e+01
      vertex   2.490051e+01 1.204560e+02 -8.298650e+01
      vertex   2.490051e+01 1.219560e+02 -8.298650e+01
    endloop
  endfacet
  facet normal 7.071068e-01 -0.000000e+00 7.071068e-01
    outer loop
      vertex   2.313482e+01 1.204560e+02 3.450490e+01
      vertex   2.490051e+01 1.204560e+02 3.273922e+01
      vertex   2.313482e+01 1.219560e+02 3.450490e+01
    endloop
  endfacet
  facet normal 7.071068e-01 0.000000e+00 7.071068e-01
    outer loop
      vertex   2.313482e+01 1.219560e+02 3.450490e+01
      vertex   2.490051e+01 1.204560e+02 3.273922e+01
      vertex   2.490051e+01 1.219560e+02 3.273922e+01
    endloop
  endfacet
  facet normal 0.000000e+00 0.000000e+00 1.000000e+00
    outer loop
      vertex   -3.349381e+01 1.204560e+02 3.450490e+01
      vertex   2.313482e+01 1.204560e+02 3.450490e+01
      vertex   -3.349381e+01 1.219560e+02 3.450490e+01
    endloop
  endfacet
  facet normal -0.000000e+00 0.000000e+00 1.000000e+00
    outer loop
      vertex   -3.349381e+01 1.219560e+02 3.450490e+01
      vertex   2.313482e+01 1.204560e+02 3.450490e+01
      vertex   2.313482e+01 1.219560e+02 3.450490e+01
    endloop
  endfacet
  facet normal -7.071068e-01 0.000000e+00 7.071068e-01
    outer loop
      vertex   -3.525949e+01 1.204560e+02 3.273922e+01
      vertex   -3.349381e+01 1.204560e+02 3.450490e+01
      vertex   -3.525949e+01 1.219560e+02 3.273922e+01
    endloop
  endfacet
  facet normal -7.071068e-01 0.000000e+00 7.071068e-01
    outer loop
      vertex   -3.525949e+01 1.219560e+02 3.273922e+01
      vertex   -3.349381e+01 1.204560e+02 3.450490e+01
      vertex   -3.349381e+01 1.219560e+02 3.450490e+01
    endloop
  endfacet
  facet normal -1.000000e+00 0.000000e+00 0.000000e+00
    outer loop
      vertex   -3.525949e+01 1.204560e+02 -8.298650e+01
      vertex   -3.525949e+01 1.204560e+02 3.273922e+01
      vertex   -3.525949e+01 1.219560e+02 -8.298650e+01
    endloop
  endfacet
  facet normal -1.000000e+00 0.000000e+00 0.000000e+00
    outer loop
      vertex   -3.525949e+01 1.219560e+02 -8.298650e+01
      vertex   -3.525949e+01 1.204560e+02 3.273922e+01
      vertex   -3.525949e+01 1.219560e+02 3.273922e+01
    endloop
  endfacet
  facet normal -7.071068e-01 0.000000e+00 -7.071068e-01
    outer loop
      vertex   -3.249381e+01 1.204560e+02 -8.575219e+01
      vertex   -3.525949e+01 1.204560e+02 -8.298650e+01
      vertex   -3.249381e+01 1.219560e+02 -8.575219e+01
    endloop
  endfacet
  facet normal -7.071068e-01 0.000000e+00 -7.071068e-01
    outer loop
      vertex   -3.249381e+01 1.219560e+02 -8.575219e+01
      vertex   -3.525949e+01 1.204560e+02 -8.298650e+01
      vertex   -3.525949e+01 1.219560e+02 -8.298650e+01
    endloop
  endfacet
  facet normal 0.000000e+00 0.000000e+00 -1.000000e+00
    outer loop
      vertex   2.213482e+01 1.204560e+02 -8.575219e+01
      vertex   -3.249381e+01 1.204560e+02 -8.575219e+01
      vertex   2.213482e+01 1.219560e+02 -8.575219e+01
    endloop
  endfacet
  facet normal -0.000000e+00 0.000000e+00 -1.000000e+00
    outer loop
      vertex   2.213482e+01 1.219560e+02 -8.575219e+01
      vertex   -3.249381e+01 1.204560e+02 -8.575219e+01
      vertex   -3.249381e+01 1.219560e+02 -8.575219e+01
    endloop
  endfacet
  facet normal 4.402645e-15 1.000000e+00 5.796192e-16
    outer loop
      vertex   2.352844e+01 1.219560e+02 1.864352e+01
      vertex   2.490051e+01 1.219560e+02 3.273922e+01
      vertex   2.360000e+01 1.219560e+02 1.810000e+01
    endloop
  endfacet
  facet normal 1.095409e-14 1.000000e+00 -2.393977e-18
    outer loop
      vertex   2.360000e+01 1.219560e+02 1.810000e+01
      vertex   2.490051e+01 1.219560e+02 3.273922e+01
      vertex   2.359000e+01 1.219560e+02 -2.765000e+01
    endloop
  endfacet
  facet normal 0.000000e+00 1.000000e+00 0.000000e+00
    outer loop
      vertex   2.360000e+01 1.219560e+02 1.810000e+01
      vertex   2.359000e+01 1.219560e+02 -2.765000e+01
      vertex   2.352844e+01 1.219560e+02 1.755648e+01
    endloop
  endfacet
  facet normal 0.000000e+00 1.000000e+00 0.000000e+00
    outer loop
      vertex   2.352844e+01 1.219560e+02 1.755648e+01
      vertex   2.359000e+01 1.219560e+02 -2.765000e+01
      vertex   2.351845e+01 1.219560e+02 -2.710648e+01
    endloop
  endfacet
  facet normal 0.000000e+00 1.000000e+00 0.000000e+00
    outer loop
      vertex   2.352844e+01 1.219560e+02 1.755648e+01
      vertex   2.351845e+01 1.219560e+02 -2.710648e+01
      vertex   2.331865e+01 1.219560e+02 1.705000e+01
    endloop
  endfacet
  facet normal 0.000000e+00 1.000000e+00 0.000000e+00
    outer loop
      vertex   2.331865e+01 1.219560e+02 1.705000e+01
      vertex   2.351845e+01 1.219560e+02 -2.710648e+01
      vertex   2.330865e+01 1.219560e+02 -2.660000e+01
    endloop
  endfacet
  facet normal 0.000000e+00 1.000000e+00 0.000000e+00
    outer loop
      vertex   2.331865e+01 1.219560e+02 1.705000e+01
      vertex   2.330865e+01 1.219560e+02 -2.660000e+01
      vertex   2.298492e+01 1.219560e+02 1.661508e+01
    endloop
  endfacet
  facet normal 0.000000e+00 1.000000e+00 0.000000e+00
    outer loop
      vertex   2.298492e+01 1.219560e+02 1.661508e+01
      vertex   2.330865e+01 1.219560e+02 -2.660000e+01
      vertex   2.297493e+01 1.219560e+02 -2.616508e+01
    endloop
  endfacet
  facet normal 0.000000e+00 1.000000e+00 0.000000e+00
    outer loop
      vertex   2.298492e+01 1.219560e+02 1.661508e+01
      vertex   2.297493e+01 1.219560e+02 -2.616508e+01
      vertex   2.152051e+01 1.219560e+02 -2.436752e+01
    endloop
  endfacet
  facet normal 0.000000e+00 1.000000e+00 0.000000e+00
    outer loop
      vertex   2.152051e+01 1.219560e+02 -2.436752e+01
      vertex   2.297493e+01 1.219560e+02 -2.616508e+01
      vertex   2.254000e+01 1.219560e+02 -2.583135e+01
    endloop
  endfacet
  facet normal 0.000000e+00 1.000000e+00 0.000000e+00
    outer loop
      vertex   2.152051e+01 1.219560e+02 -2.436752e+01
      vertex   2.254000e+01 1.219560e+02 -2.583135e+01
      vertex   2.203352e+01 1.219560e+02 -2.562156e+01
    endloop
  endfacet
  facet normal 1.970802e-15 1.000000e+00 8.163330e-16
    outer loop
      vertex   2.352844e+01 1.219560e+02 1.864352e+01
      vertex   2.331865e+01 1.219560e+02 1.915000e+01
      vertex   2.490051e+01 1.219560e+02 3.273922e+01
    endloop
  endfacet
  facet normal 1.183328e-15 1.000000e+00 9.079992e-16
    outer loop
      vertex   2.490051e+01 1.219560e+02 3.273922e+01
      vertex   2.331865e+01 1.219560e+02 1.915000e+01
      vertex   2.298492e+01 1.219560e+02 1.958492e+01
    endloop
  endfacet
  facet normal 7.456401e-16 1.000000e+00 9.717371e-16
    outer loop
      vertex   2.490051e+01 1.219560e+02 3.273922e+01
      vertex   2.298492e+01 1.219560e+02 1.958492e+01
      vertex   2.255000e+01 1.219560e+02 1.991865e+01
    endloop
  endfacet
  facet normal 1.241553e-15 1.000000e+00 8.808170e-16
    outer loop
      vertex   2.490051e+01 1.219560e+02 3.273922e+01
      vertex   2.255000e+01 1.219560e+02 1.991865e+01
      vertex   2.152051e+01 1.219560e+02 2.136977e+01
    endloop
  endfacet
  facet normal 0.000000e+00 1.000000e+00 0.000000e+00
    outer loop
      vertex   2.152051e+01 1.219560e+02 2.136977e+01
      vertex   2.255000e+01 1.219560e+02 1.991865e+01
      vertex   2.204352e+01 1.219560e+02 2.012844e+01
    endloop
  endfacet
  facet normal 0.000000e+00 1.000000e+00 0.000000e+00
    outer loop
      vertex   2.152051e+01 1.219560e+02 2.136977e+01
      vertex   2.204352e+01 1.219560e+02 2.012844e+01
      vertex   2.150000e+01 1.219560e+02 2.020000e+01
    endloop
  endfacet
  facet normal 0.000000e+00 1.000000e+00 -0.000000e+00
    outer loop
      vertex   2.150000e+01 1.219560e+02 2.020000e+01
      vertex   2.095648e+01 1.219560e+02 2.012844e+01
      vertex   2.152051e+01 1.219560e+02 2.136977e+01
    endloop
  endfacet
  facet normal 0.000000e+00 1.000000e+00 0.000000e+00
    outer loop
      vertex   2.152051e+01 1.219560e+02 2.136977e+01
      vertex   2.095648e+01 1.219560e+02 2.012844e+01
      vertex   2.078573e+01 1.219560e+02 2.129329e+01
    endloop
  endfacet
  facet normal 0.000000e+00 1.000000e+00 0.000000e+00
    outer loop
      vertex   2.078573e+01 1.219560e+02 2.129329e+01
      vertex   2.095648e+01 1.219560e+02 2.012844e+01
      vertex   2.045000e+01 1.219560e+02 1.991865e+01
    endloop
  endfacet
  facet normal 0.000000e+00 1.000000e+00 0.000000e+00
    outer loop
      vertex   2.078573e+01 1.219560e+02 2.129329e+01
      vertex   2.045000e+01 1.219560e+02 1.991865e+01
      vertex   2.008671e+01 1.219560e+02 2.105432e+01
    endloop
  endfacet
  facet normal 0.000000e+00 1.000000e+00 0.000000e+00
    outer loop
      vertex   2.008671e+01 1.219560e+02 2.105432e+01
      vertex   2.045000e+01 1.219560e+02 1.991865e+01
      vertex   2.001508e+01 1.219560e+02 1.958492e+01
    endloop
  endfacet
  facet normal 0.000000e+00 1.000000e+00 0.000000e+00
    outer loop
      vertex   2.008671e+01 1.219560e+02 2.105432e+01
      vertex   2.001508e+01 1.219560e+02 1.958492e+01
      vertex   1.945889e+01 1.219560e+02 2.066497e+01
    endloop
  endfacet
  facet normal 0.000000e+00 1.000000e+00 0.000000e+00
    outer loop
      vertex   1.945889e+01 1.219560e+02 2.066497e+01
      vertex   2.001508e+01 1.219560e+02 1.958492e+01
      vertex   1.968135e+01 1.219560e+02 1.915000e+01
    endloop
  endfacet
  facet normal 0.000000e+00 1.000000e+00 0.000000e+00
    outer loop
      vertex   1.945889e+01 1.219560e+02 2.066497e+01
      vertex   1.968135e+01 1.219560e+02 1.915000e+01
      vertex   1.893414e+01 1.219560e+02 2.014499e+01
    endloop
  endfacet
  facet normal 0.000000e+00 1.000000e+00 0.000000e+00
    outer loop
      vertex   1.893414e+01 1.219560e+02 2.014499e+01
      vertex   1.968135e+01 1.219560e+02 1.915000e+01
      vertex   1.947156e+01 1.219560e+02 1.864352e+01
    endloop
  endfacet
  facet normal 0.000000e+00 1.000000e+00 0.000000e+00
    outer loop
      vertex   1.893414e+01 1.219560e+02 2.014499e+01
      vertex   1.947156e+01 1.219560e+02 1.864352e+01
      vertex   1.853906e+01 1.219560e+02 1.952076e+01
    endloop
  endfacet
  facet normal 0.000000e+00 1.000000e+00 0.000000e+00
    outer loop
      vertex   1.853906e+01 1.219560e+02 1.952076e+01
      vertex   1.947156e+01 1.219560e+02 1.864352e+01
      vertex   1.940000e+01 1.219560e+02 1.810000e+01
    endloop
  endfacet
  facet normal 0.000000e+00 1.000000e+00 0.000000e+00
    outer loop
      vertex   1.853906e+01 1.219560e+02 1.952076e+01
      vertex   1.940000e+01 1.219560e+02 1.810000e+01
      vertex   1.829370e+01 1.219560e+02 1.882395e+01
    endloop
  endfacet
  facet normal 0.000000e+00 1.000000e+00 0.000000e+00
    outer loop
      vertex   1.829370e+01 1.219560e+02 1.882395e+01
      vertex   1.940000e+01 1.219560e+02 1.810000e+01
      vertex   1.821051e+01 1.219560e+02 1.808990e+01
    endloop
  endfacet
  facet normal -0.000000e+00 1.000000e+00 0.000000e+00
    outer loop
      vertex   1.821051e+01 1.219560e+02 1.808990e+01
      vertex   1.940000e+01 1.219560e+02 1.810000e+01
      vertex   1.829370e+01 1.219560e+02 1.735586e+01
    endloop
  endfacet
  facet normal -0.000000e+00 1.000000e+00 0.000000e+00
    outer loop
      vertex   1.829370e+01 1.219560e+02 1.735586e+01
      vertex   1.940000e+01 1.219560e+02 1.810000e+01
      vertex   1.853906e+01 1.219560e+02 1.665905e+01
    endloop
  endfacet
  facet normal 0.000000e+00 1.000000e+00 0.000000e+00
    outer loop
      vertex   1.853906e+01 1.219560e+02 1.665905e+01
      vertex   1.940000e+01 1.219560e+02 1.810000e+01
      vertex   1.947156e+01 1.219560e+02 1.755648e+01
    endloop
  endfacet
  facet normal -0.000000e+00 1.000000e+00 0.000000e+00
    outer loop
      vertex   1.853906e+01 1.219560e+02 1.665905e+01
      vertex   1.947156e+01 1.219560e+02 1.755648e+01
      vertex   1.893414e+01 1.219560e+02 1.603482e+01
    endloop
  endfacet
  facet normal 0.000000e+00 1.000000e+00 0.000000e+00
    outer loop
      vertex   1.893414e+01 1.219560e+02 1.603482e+01
      vertex   1.947156e+01 1.219560e+02 1.755648e+01
      vertex   1.968135e+01 1.219560e+02 1.705000e+01
    endloop
  endfacet
  facet normal -0.000000e+00 1.000000e+00 0.000000e+00
    outer loop
      vertex   1.893414e+01 1.219560e+02 1.603482e+01
      vertex   1.968135e+01 1.219560e+02 1.705000e+01
      vertex   1.945889e+01 1.219560e+02 1.551484e+01
    endloop
  endfacet
  facet normal 0.000000e+00 1.000000e+00 0.000000e+00
    outer loop
      vertex   1.945889e+01 1.219560e+02 1.551484e+01
      vertex   1.968135e+01 1.219560e+02 1.705000e+01
      vertex   2.001508e+01 1.219560e+02 1.661508e+01
    endloop
  endfacet
  facet normal -0.000000e+00 1.000000e+00 0.000000e+00
    outer loop
      vertex   1.945889e+01 1.219560e+02 1.551484e+01
      vertex   2.001508e+01 1.219560e+02 1.661508e+01
      vertex   2.008671e+01 1.219560e+02 1.512549e+01
    endloop
  endfacet
  facet normal 0.000000e+00 1.000000e+00 -0.000000e+00
    outer loop
      vertex   2.008671e+01 1.219560e+02 1.512549e+01
      vertex   2.001508e+01 1.219560e+02 1.661508e+01
      vertex   2.045000e+01 1.219560e+02 1.628135e+01
    endloop
  endfacet
  facet normal -0.000000e+00 1.000000e+00 0.000000e+00
    outer loop
      vertex   2.008671e+01 1.219560e+02 1.512549e+01
      vertex   2.045000e+01 1.219560e+02 1.628135e+01
      vertex   2.078573e+01 1.219560e+02 1.488652e+01
    endloop
  endfacet
  facet normal 0.000000e+00 1.000000e+00 -0.000000e+00
    outer loop
      vertex   2.078573e+01 1.219560e+02 1.488652e+01
      vertex   2.045000e+01 1.219560e+02 1.628135e+01
      vertex   2.095648e+01 1.219560e+02 1.607156e+01
    endloop
  endfacet
  facet normal -0.000000e+00 1.000000e+00 0.000000e+00
    outer loop
      vertex   2.078573e+01 1.219560e+02 1.488652e+01
      vertex   2.095648e+01 1.219560e+02 1.607156e+01
      vertex   2.152051e+01 1.219560e+02 1.481004e+01
    endloop
  endfacet
  facet normal 0.000000e+00 1.000000e+00 0.000000e+00
    outer loop
      vertex   2.152051e+01 1.219560e+02 1.481004e+01
      vertex   2.095648e+01 1.219560e+02 1.607156e+01
      vertex   2.150000e+01 1.219560e+02 1.600000e+01
    endloop
  endfacet
  facet normal 0.000000e+00 1.000000e+00 -0.000000e+00
    outer loop
      vertex   2.152051e+01 1.219560e+02 1.481004e+01
      vertex   2.150000e+01 1.219560e+02 1.600000e+01
      vertex   2.204352e+01 1.219560e+02 1.607156e+01
    endloop
  endfacet
  facet normal -0.000000e+00 1.000000e+00 0.000000e+00
    outer loop
      vertex   2.204352e+01 1.219560e+02 1.607156e+01
      vertex   2.255000e+01 1.219560e+02 1.628135e+01
      vertex   2.152051e+01 1.219560e+02 1.481004e+01
    endloop
  endfacet
  facet normal 0.000000e+00 1.000000e+00 0.000000e+00
    outer loop
      vertex   2.152051e+01 1.219560e+02 1.481004e+01
      vertex   2.255000e+01 1.219560e+02 1.628135e+01
      vertex   2.298492e+01 1.219560e+02 1.661508e+01
    endloop
  endfacet
  facet normal -0.000000e+00 1.000000e+00 0.000000e+00
    outer loop
      vertex   2.152051e+01 1.219560e+02 1.481004e+01
      vertex   2.298492e+01 1.219560e+02 1.661508e+01
      vertex   2.152051e+01 1.219560e+02 -2.436752e+01
    endloop
  endfacet
  facet normal 0.000000e+00 1.000000e+00 0.000000e+00
    outer loop
      vertex   2.203352e+01 1.219560e+02 -2.562156e+01
      vertex   2.149000e+01 1.219560e+02 -2.555000e+01
      vertex   2.152051e+01 1.219560e+02 -2.436752e+01
    endloop
  endfacet
  facet normal 0.000000e+00 1.000000e+00 0.000000e+00
    outer loop
      vertex   2.152051e+01 1.219560e+02 -2.436752e+01
      vertex   2.149000e+01 1.219560e+02 -2.555000e+01
      vertex   2.094648e+01 1.219560e+02 -2.562156e+01
    endloop
  endfacet
  facet normal 0.000000e+00 1.000000e+00 0.000000e+00
    outer loop
      vertex   2.152051e+01 1.219560e+02 -2.436752e+01
      vertex   2.094648e+01 1.219560e+02 -2.562156e+01
      vertex   2.078573e+01 1.219560e+02 -2.444400e+01
    endloop
  endfacet
  facet normal 0.000000e+00 1.000000e+00 0.000000e+00
    outer loop
      vertex   2.078573e+01 1.219560e+02 -2.444400e+01
      vertex   2.094648e+01 1.219560e+02 -2.562156e+01
      vertex   2.044000e+01 1.219560e+02 -2.583135e+01
    endloop
  endfacet
  facet normal 0.000000e+00 1.000000e+00 0.000000e+00
    outer loop
      vertex   2.078573e+01 1.219560e+02 -2.444400e+01
      vertex   2.044000e+01 1.219560e+02 -2.583135e+01
      vertex   2.008671e+01 1.219560e+02 -2.468297e+01
    endloop
  endfacet
  facet normal 0.000000e+00 1.000000e+00 0.000000e+00
    outer loop
      vertex   2.008671e+01 1.219560e+02 -2.468297e+01
      vertex   2.044000e+01 1.219560e+02 -2.583135e+01
      vertex   2.000508e+01 1.219560e+02 -2.616508e+01
    endloop
  endfacet
  facet normal 0.000000e+00 1.000000e+00 0.000000e+00
    outer loop
      vertex   2.008671e+01 1.219560e+02 -2.468297e+01
      vertex   2.000508e+01 1.219560e+02 -2.616508e+01
      vertex   1.945889e+01 1.219560e+02 -2.507233e+01
    endloop
  endfacet
  facet normal 0.000000e+00 1.000000e+00 0.000000e+00
    outer loop
      vertex   1.945889e+01 1.219560e+02 -2.507233e+01
      vertex   2.000508e+01 1.219560e+02 -2.616508e+01
      vertex   1.967135e+01 1.219560e+02 -2.660000e+01
    endloop
  endfacet
  facet normal 0.000000e+00 1.000000e+00 0.000000e+00
    outer loop
      vertex   1.945889e+01 1.219560e+02 -2.507233e+01
      vertex   1.967135e+01 1.219560e+02 -2.660000e+01
      vertex   1.893414e+01 1.219560e+02 -2.559230e+01
    endloop
  endfacet
  facet normal 0.000000e+00 1.000000e+00 0.000000e+00
    outer loop
      vertex   1.893414e+01 1.219560e+02 -2.559230e+01
      vertex   1.967135e+01 1.219560e+02 -2.660000e+01
      vertex   1.946156e+01 1.219560e+02 -2.710648e+01
    endloop
  endfacet
  facet normal 0.000000e+00 1.000000e+00 0.000000e+00
    outer loop
      vertex   1.893414e+01 1.219560e+02 -2.559230e+01
      vertex   1.946156e+01 1.219560e+02 -2.710648e+01
      vertex   1.853906e+01 1.219560e+02 -2.621653e+01
    endloop
  endfacet
  facet normal 0.000000e+00 1.000000e+00 0.000000e+00
    outer loop
      vertex   1.853906e+01 1.219560e+02 -2.621653e+01
      vertex   1.946156e+01 1.219560e+02 -2.710648e+01
      vertex   1.939000e+01 1.219560e+02 -2.765000e+01
    endloop
  endfacet
  facet normal 0.000000e+00 1.000000e+00 0.000000e+00
    outer loop
      vertex   1.853906e+01 1.219560e+02 -2.621653e+01
      vertex   1.939000e+01 1.219560e+02 -2.765000e+01
      vertex   1.829370e+01 1.219560e+02 -2.691334e+01
    endloop
  endfacet
  facet normal 0.000000e+00 1.000000e+00 0.000000e+00
    outer loop
      vertex   1.829370e+01 1.219560e+02 -2.691334e+01
      vertex   1.939000e+01 1.219560e+02 -2.765000e+01
      vertex   1.821051e+01 1.219560e+02 -2.764739e+01
    endloop
  endfacet
  facet normal 0.000000e+00 1.000000e+00 0.000000e+00
    outer loop
      vertex   1.821051e+01 1.219560e+02 -2.764739e+01
      vertex   1.939000e+01 1.219560e+02 -2.765000e+01
      vertex   1.829370e+01 1.219560e+02 -2.838143e+01
    endloop
  endfacet
  facet normal -0.000000e+00 1.000000e+00 0.000000e+00
    outer loop
      vertex   1.829370e+01 1.219560e+02 -2.838143e+01
      vertex   1.939000e+01 1.219560e+02 -2.765000e+01
      vertex   1.853906e+01 1.219560e+02 -2.907824e+01
    endloop
  endfacet
  facet normal 0.000000e+00 1.000000e+00 0.000000e+00
    outer loop
      vertex   1.853906e+01 1.219560e+02 -2.907824e+01
      vertex   1.939000e+01 1.219560e+02 -2.765000e+01
      vertex   1.946156e+01 1.219560e+02 -2.819352e+01
    endloop
  endfacet
  facet normal -0.000000e+00 1.000000e+00 0.000000e+00
    outer loop
      vertex   1.853906e+01 1.219560e+02 -2.907824e+01
      vertex   1.946156e+01 1.219560e+02 -2.819352e+01
      vertex   1.893414e+01 1.219560e+02 -2.970247e+01
    endloop
  endfacet
  facet normal 0.000000e+00 1.000000e+00 0.000000e+00
    outer loop
      vertex   1.893414e+01 1.219560e+02 -2.970247e+01
      vertex   1.946156e+01 1.219560e+02 -2.819352e+01
      vertex   1.967135e+01 1.219560e+02 -2.870000e+01
    endloop
  endfacet
  facet normal -0.000000e+00 1.000000e+00 0.000000e+00
    outer loop
      vertex   1.893414e+01 1.219560e+02 -2.970247e+01
      vertex   1.967135e+01 1.219560e+02 -2.870000e+01
      vertex   1.945889e+01 1.219560e+02 -3.022245e+01
    endloop
  endfacet
  facet normal 0.000000e+00 1.000000e+00 0.000000e+00
    outer loop
      vertex   1.945889e+01 1.219560e+02 -3.022245e+01
      vertex   1.967135e+01 1.219560e+02 -2.870000e+01
      vertex   2.000508e+01 1.219560e+02 -2.913493e+01
    endloop
  endfacet
  facet normal -0.000000e+00 1.000000e+00 0.000000e+00
    outer loop
      vertex   1.945889e+01 1.219560e+02 -3.022245e+01
      vertex   2.000508e+01 1.219560e+02 -2.913493e+01
      vertex   2.008671e+01 1.219560e+02 -3.061180e+01
    endloop
  endfacet
  facet normal 0.000000e+00 1.000000e+00 -0.000000e+00
    outer loop
      vertex   2.008671e+01 1.219560e+02 -3.061180e+01
      vertex   2.000508e+01 1.219560e+02 -2.913493e+01
      vertex   2.044000e+01 1.219560e+02 -2.946865e+01
    endloop
  endfacet
  facet normal -0.000000e+00 1.000000e+00 0.000000e+00
    outer loop
      vertex   2.008671e+01 1.219560e+02 -3.061180e+01
      vertex   2.044000e+01 1.219560e+02 -2.946865e+01
      vertex   2.078573e+01 1.219560e+02 -3.085077e+01
    endloop
  endfacet
  facet normal 0.000000e+00 1.000000e+00 -0.000000e+00
    outer loop
      vertex   2.078573e+01 1.219560e+02 -3.085077e+01
      vertex   2.044000e+01 1.219560e+02 -2.946865e+01
      vertex   2.094648e+01 1.219560e+02 -2.967845e+01
    endloop
  endfacet
  facet normal -0.000000e+00 1.000000e+00 0.000000e+00
    outer loop
      vertex   2.078573e+01 1.219560e+02 -3.085077e+01
      vertex   2.094648e+01 1.219560e+02 -2.967845e+01
      vertex   2.152051e+01 1.219560e+02 -3.092725e+01
    endloop
  endfacet
  facet normal 0.000000e+00 1.000000e+00 0.000000e+00
    outer loop
      vertex   2.152051e+01 1.219560e+02 -3.092725e+01
      vertex   2.094648e+01 1.219560e+02 -2.967845e+01
      vertex   2.149000e+01 1.219560e+02 -2.975000e+01
    endloop
  endfacet
  facet normal 0.000000e+00 1.000000e+00 -0.000000e+00
    outer loop
      vertex   2.152051e+01 1.219560e+02 -3.092725e+01
      vertex   2.149000e+01 1.219560e+02 -2.975000e+01
      vertex   2.203352e+01 1.219560e+02 -2.967845e+01
    endloop
  endfacet
  facet normal -0.000000e+00 1.000000e+00 0.000000e+00
    outer loop
      vertex   2.203352e+01 1.219560e+02 -2.967845e+01
      vertex   2.254000e+01 1.219560e+02 -2.946865e+01
      vertex   2.152051e+01 1.219560e+02 -3.092725e+01
    endloop
  endfacet
  facet normal 0.000000e+00 1.000000e+00 0.000000e+00
    outer loop
      vertex   2.152051e+01 1.219560e+02 -3.092725e+01
      vertex   2.254000e+01 1.219560e+02 -2.946865e+01
      vertex   2.297493e+01 1.219560e+02 -2.913493e+01
    endloop
  endfacet
  facet normal -0.000000e+00 1.000000e+00 0.000000e+00
    outer loop
      vertex   2.152051e+01 1.219560e+02 -3.092725e+01
      vertex   2.297493e+01 1.219560e+02 -2.913493e+01
      vertex   2.152051e+01 1.219560e+02 -7.007023e+01
    endloop
  endfacet
  facet normal -0.000000e+00 1.000000e+00 0.000000e+00
    outer loop
      vertex   2.152051e+01 1.219560e+02 -7.007023e+01
      vertex   2.297493e+01 1.219560e+02 -2.913493e+01
      vertex   2.297493e+01 1.219560e+02 -7.186508e+01
    endloop
  endfacet
  facet normal 0.000000e+00 1.000000e+00 0.000000e+00
    outer loop
      vertex   2.152051e+01 1.219560e+02 -7.007023e+01
      vertex   2.297493e+01 1.219560e+02 -7.186508e+01
      vertex   2.254000e+01 1.219560e+02 -7.153135e+01
    endloop
  endfacet
  facet normal -0.000000e+00 1.000000e+00 0.000000e+00
    outer loop
      vertex   2.297493e+01 1.219560e+02 -7.186508e+01
      vertex   2.297493e+01 1.219560e+02 -2.913493e+01
      vertex   2.330865e+01 1.219560e+02 -7.230000e+01
    endloop
  endfacet
  facet normal 0.000000e+00 1.000000e+00 -0.000000e+00
    outer loop
      vertex   2.330865e+01 1.219560e+02 -7.230000e+01
      vertex   2.297493e+01 1.219560e+02 -2.913493e+01
      vertex   2.330865e+01 1.219560e+02 -2.870000e+01
    endloop
  endfacet
  facet normal -0.000000e+00 1.000000e+00 0.000000e+00
    outer loop
      vertex   2.330865e+01 1.219560e+02 -7.230000e+01
      vertex   2.330865e+01 1.219560e+02 -2.870000e+01
      vertex   2.351845e+01 1.219560e+02 -7.280648e+01
    endloop
  endfacet
  facet normal 0.000000e+00 1.000000e+00 -0.000000e+00
    outer loop
      vertex   2.351845e+01 1.219560e+02 -7.280648e+01
      vertex   2.330865e+01 1.219560e+02 -2.870000e+01
      vertex   2.351845e+01 1.219560e+02 -2.819352e+01
    endloop
  endfacet
  facet normal 0.000000e+00 1.000000e+00 0.000000e+00
    outer loop
      vertex   2.351845e+01 1.219560e+02 -7.280648e+01
      vertex   2.351845e+01 1.219560e+02 -2.819352e+01
      vertex   2.359000e+01 1.219560e+02 -2.765000e+01
    endloop
  endfacet
  facet normal -0.000000e+00 1.000000e+00 0.000000e+00
    outer loop
      vertex   -2.982156e+01 1.219560e+02 -7.280648e+01
      vertex   -2.889804e+01 1.219560e+02 -7.191924e+01
      vertex   -2.975000e+01 1.219560e+02 -7.335000e+01
    endloop
  endfacet
  facet normal 0.000000e+00 1.000000e+00 0.000000e+00
    outer loop
      vertex   -2.975000e+01 1.219560e+02 -7.335000e+01
      vertex   -2.889804e+01 1.219560e+02 -7.191924e+01
      vertex   -2.865268e+01 1.219560e+02 -7.261605e+01
    endloop
  endfacet
  facet normal -0.000000e+00 1.000000e+00 0.000000e+00
    outer loop
      vertex   -2.975000e+01 1.219560e+02 -7.335000e+01
      vertex   -2.865268e+01 1.219560e+02 -7.261605e+01
      vertex   -2.856949e+01 1.219560e+02 -7.335010e+01
    endloop
  endfacet
  facet normal 0.000000e+00 1.000000e+00 0.000000e+00
    outer loop
      vertex   -2.889804e+01 1.219560e+02 -7.191924e+01
      vertex   -2.982156e+01 1.219560e+02 -7.280648e+01
      vertex   -2.929312e+01 1.219560e+02 -7.129501e+01
    endloop
  endfacet
  facet normal 0.000000e+00 1.000000e+00 0.000000e+00
    outer loop
      vertex   -2.929312e+01 1.219560e+02 -7.129501e+01
      vertex   -2.982156e+01 1.219560e+02 -7.280648e+01
      vertex   -3.003135e+01 1.219560e+02 -7.230000e+01
    endloop
  endfacet
  facet normal 0.000000e+00 1.000000e+00 0.000000e+00
    outer loop
      vertex   -2.929312e+01 1.219560e+02 -7.129501e+01
      vertex   -3.003135e+01 1.219560e+02 -7.230000e+01
      vertex   -2.981788e+01 1.219560e+02 -7.077503e+01
    endloop
  endfacet
  facet normal 0.000000e+00 1.000000e+00 0.000000e+00
    outer loop
      vertex   -2.981788e+01 1.219560e+02 -7.077503e+01
      vertex   -3.003135e+01 1.219560e+02 -7.230000e+01
      vertex   -3.036508e+01 1.219560e+02 -7.186507e+01
    endloop
  endfacet
  facet normal 0.000000e+00 1.000000e+00 0.000000e+00
    outer loop
      vertex   -2.981788e+01 1.219560e+02 -7.077503e+01
      vertex   -3.036508e+01 1.219560e+02 -7.186507e+01
      vertex   -3.044569e+01 1.219560e+02 -7.038568e+01
    endloop
  endfacet
  facet normal 0.000000e+00 1.000000e+00 0.000000e+00
    outer loop
      vertex   -3.044569e+01 1.219560e+02 -7.038568e+01
      vertex   -3.036508e+01 1.219560e+02 -7.186507e+01
      vertex   -3.080000e+01 1.219560e+02 -7.153135e+01
    endloop
  endfacet
  facet normal 0.000000e+00 1.000000e+00 0.000000e+00
    outer loop
      vertex   -3.044569e+01 1.219560e+02 -7.038568e+01
      vertex   -3.080000e+01 1.219560e+02 -7.153135e+01
      vertex   -3.114471e+01 1.219560e+02 -7.014671e+01
    endloop
  endfacet
  facet normal 0.000000e+00 1.000000e+00 0.000000e+00
    outer loop
      vertex   -3.114471e+01 1.219560e+02 -7.014671e+01
      vertex   -3.080000e+01 1.219560e+02 -7.153135e+01
      vertex   -3.130648e+01 1.219560e+02 -7.132155e+01
    endloop
  endfacet
  facet normal 0.000000e+00 1.000000e+00 0.000000e+00
    outer loop
      vertex   -3.114471e+01 1.219560e+02 -7.014671e+01
      vertex   -3.130648e+01 1.219560e+02 -7.132155e+01
      vertex   -3.187949e+01 1.219560e+02 -7.007023e+01
    endloop
  endfacet
  facet normal 0.000000e+00 1.000000e+00 0.000000e+00
    outer loop
      vertex   -3.187949e+01 1.219560e+02 -7.007023e+01
      vertex   -3.130648e+01 1.219560e+02 -7.132155e+01
      vertex   -3.185000e+01 1.219560e+02 -7.125000e+01
    endloop
  endfacet
  facet normal 0.000000e+00 1.000000e+00 0.000000e+00
    outer loop
      vertex   -3.187949e+01 1.219560e+02 -7.007023e+01
      vertex   -3.185000e+01 1.219560e+02 -7.125000e+01
      vertex   -3.239352e+01 1.219560e+02 -7.132155e+01
    endloop
  endfacet
  facet normal 0.000000e+00 1.000000e+00 -0.000000e+00
    outer loop
      vertex   -3.239352e+01 1.219560e+02 -7.132155e+01
      vertex   -3.290000e+01 1.219560e+02 -7.153135e+01
      vertex   -3.187949e+01 1.219560e+02 -7.007023e+01
    endloop
  endfacet
  facet normal 0.000000e+00 1.000000e+00 0.000000e+00
    outer loop
      vertex   -3.187949e+01 1.219560e+02 -7.007023e+01
      vertex   -3.290000e+01 1.219560e+02 -7.153135e+01
      vertex   -3.333492e+01 1.219560e+02 -7.186507e+01
    endloop
  endfacet
  facet normal 0.000000e+00 1.000000e+00 0.000000e+00
    outer loop
      vertex   -3.187949e+01 1.219560e+02 -7.007023e+01
      vertex   -3.333492e+01 1.219560e+02 -7.186507e+01
      vertex   -3.333492e+01 1.219560e+02 -2.913492e+01
    endloop
  endfacet
  facet normal 0.000000e+00 1.000000e+00 0.000000e+00
    outer loop
      vertex   -3.333492e+01 1.219560e+02 -2.913492e+01
      vertex   -3.333492e+01 1.219560e+02 -7.186507e+01
      vertex   -3.366865e+01 1.219560e+02 -7.230000e+01
    endloop
  endfacet
  facet normal 0.000000e+00 1.000000e+00 0.000000e+00
    outer loop
      vertex   -3.333492e+01 1.219560e+02 -2.913492e+01
      vertex   -3.366865e+01 1.219560e+02 -7.230000e+01
      vertex   -3.366865e+01 1.219560e+02 -2.870000e+01
    endloop
  endfacet
  facet normal 0.000000e+00 1.000000e+00 0.000000e+00
    outer loop
      vertex   -3.366865e+01 1.219560e+02 -2.870000e+01
      vertex   -3.366865e+01 1.219560e+02 -7.230000e+01
      vertex   -3.387844e+01 1.219560e+02 -7.280648e+01
    endloop
  endfacet
  facet normal 0.000000e+00 1.000000e+00 0.000000e+00
    outer loop
      vertex   -3.366865e+01 1.219560e+02 -2.870000e+01
      vertex   -3.387844e+01 1.219560e+02 -7.280648e+01
      vertex   -3.387844e+01 1.219560e+02 -2.819352e+01
    endloop
  endfacet
  facet normal 0.000000e+00 1.000000e+00 0.000000e+00
    outer loop
      vertex   -3.387844e+01 1.219560e+02 -2.819352e+01
      vertex   -3.387844e+01 1.219560e+02 -7.280648e+01
      vertex   -3.395000e+01 1.219560e+02 -2.765000e+01
    endloop
  endfacet
  facet normal 0.000000e+00 1.000000e+00 0.000000e+00
    outer loop
      vertex   -3.395000e+01 1.219560e+02 -2.765000e+01
      vertex   -3.387844e+01 1.219560e+02 -7.280648e+01
      vertex   -3.395000e+01 1.219560e+02 -7.335000e+01
    endloop
  endfacet
  facet normal 0.000000e+00 1.000000e+00 0.000000e+00
    outer loop
      vertex   -3.395000e+01 1.219560e+02 -2.765000e+01
      vertex   -3.395000e+01 1.219560e+02 -7.335000e+01
      vertex   -3.525949e+01 1.219560e+02 -8.298650e+01
    endloop
  endfacet
  facet normal 0.000000e+00 1.000000e+00 0.000000e+00
    outer loop
      vertex   -3.525949e+01 1.219560e+02 -8.298650e+01
      vertex   -3.395000e+01 1.219560e+02 -7.335000e+01
      vertex   -3.387844e+01 1.219560e+02 -7.389352e+01
    endloop
  endfacet
  facet normal 0.000000e+00 1.000000e+00 0.000000e+00
    outer loop
      vertex   -3.525949e+01 1.219560e+02 -8.298650e+01
      vertex   -3.387844e+01 1.219560e+02 -7.389352e+01
      vertex   -3.366865e+01 1.219560e+02 -7.440000e+01
    endloop
  endfacet
  facet normal 0.000000e+00 1.000000e+00 0.000000e+00
    outer loop
      vertex   -3.366865e+01 1.219560e+02 -7.440000e+01
      vertex   -3.333492e+01 1.219560e+02 -7.483492e+01
      vertex   -3.525949e+01 1.219560e+02 -8.298650e+01
    endloop
  endfacet
  facet normal 0.000000e+00 1.000000e+00 0.000000e+00
    outer loop
      vertex   -3.525949e+01 1.219560e+02 -8.298650e+01
      vertex   -3.333492e+01 1.219560e+02 -7.483492e+01
      vertex   -3.290000e+01 1.219560e+02 -7.516865e+01
    endloop
  endfacet
  facet normal 0.000000e+00 1.000000e+00 0.000000e+00
    outer loop
      vertex   -3.525949e+01 1.219560e+02 -8.298650e+01
      vertex   -3.290000e+01 1.219560e+02 -7.516865e+01
      vertex   -3.187949e+01 1.219560e+02 -7.662996e+01
    endloop
  endfacet
  facet normal 0.000000e+00 1.000000e+00 0.000000e+00
    outer loop
      vertex   -3.187949e+01 1.219560e+02 -7.662996e+01
      vertex   -3.290000e+01 1.219560e+02 -7.516865e+01
      vertex   -3.239352e+01 1.219560e+02 -7.537844e+01
    endloop
  endfacet
  facet normal 0.000000e+00 1.000000e+00 -0.000000e+00
    outer loop
      vertex   -3.187949e+01 1.219560e+02 -7.662996e+01
      vertex   -3.239352e+01 1.219560e+02 -7.537844e+01
      vertex   -3.185000e+01 1.219560e+02 -7.545000e+01
    endloop
  endfacet
  facet normal -0.000000e+00 1.000000e+00 0.000000e+00
    outer loop
      vertex   -3.185000e+01 1.219560e+02 -7.545000e+01
      vertex   -3.130648e+01 1.219560e+02 -7.537844e+01
      vertex   -3.187949e+01 1.219560e+02 -7.662996e+01
    endloop
  endfacet
  facet normal 0.000000e+00 1.000000e+00 0.000000e+00
    outer loop
      vertex   -3.187949e+01 1.219560e+02 -7.662996e+01
      vertex   -3.130648e+01 1.219560e+02 -7.537844e+01
      vertex   -3.114471e+01 1.219560e+02 -7.655348e+01
    endloop
  endfacet
  facet normal 0.000000e+00 1.000000e+00 -0.000000e+00
    outer loop
      vertex   -3.114471e+01 1.219560e+02 -7.655348e+01
      vertex   -3.130648e+01 1.219560e+02 -7.537844e+01
      vertex   -3.080000e+01 1.219560e+02 -7.516865e+01
    endloop
  endfacet
  facet normal 0.000000e+00 1.000000e+00 0.000000e+00
    outer loop
      vertex   -3.114471e+01 1.219560e+02 -7.655348e+01
      vertex   -3.080000e+01 1.219560e+02 -7.516865e+01
      vertex   -3.044569e+01 1.219560e+02 -7.631451e+01
    endloop
  endfacet
  facet normal 0.000000e+00 1.000000e+00 -0.000000e+00
    outer loop
      vertex   -3.044569e+01 1.219560e+02 -7.631451e+01
      vertex   -3.080000e+01 1.219560e+02 -7.516865e+01
      vertex   -3.036508e+01 1.219560e+02 -7.483492e+01
    endloop
  endfacet
  facet normal 0.000000e+00 1.000000e+00 0.000000e+00
    outer loop
      vertex   -3.044569e+01 1.219560e+02 -7.631451e+01
      vertex   -3.036508e+01 1.219560e+02 -7.483492e+01
      vertex   -2.981788e+01 1.219560e+02 -7.592516e+01
    endloop
  endfacet
  facet normal 0.000000e+00 1.000000e+00 0.000000e+00
    outer loop
      vertex   -2.981788e+01 1.219560e+02 -7.592516e+01
      vertex   -3.036508e+01 1.219560e+02 -7.483492e+01
      vertex   -3.003135e+01 1.219560e+02 -7.440000e+01
    endloop
  endfacet
  facet normal 0.000000e+00 1.000000e+00 -0.000000e+00
    outer loop
      vertex   -2.981788e+01 1.219560e+02 -7.592516e+01
      vertex   -3.003135e+01 1.219560e+02 -7.440000e+01
      vertex   -2.929312e+01 1.219560e+02 -7.540518e+01
    endloop
  endfacet
  facet normal 0.000000e+00 1.000000e+00 0.000000e+00
    outer loop
      vertex   -2.929312e+01 1.219560e+02 -7.540518e+01
      vertex   -3.003135e+01 1.219560e+02 -7.440000e+01
      vertex   -2.982156e+01 1.219560e+02 -7.389352e+01
    endloop
  endfacet
  facet normal 0.000000e+00 1.000000e+00 -0.000000e+00
    outer loop
      vertex   -2.929312e+01 1.219560e+02 -7.540518e+01
      vertex   -2.982156e+01 1.219560e+02 -7.389352e+01
      vertex   -2.889804e+01 1.219560e+02 -7.478095e+01
    endloop
  endfacet
  facet normal 0.000000e+00 1.000000e+00 0.000000e+00
    outer loop
      vertex   -2.889804e+01 1.219560e+02 -7.478095e+01
      vertex   -2.982156e+01 1.219560e+02 -7.389352e+01
      vertex   -2.975000e+01 1.219560e+02 -7.335000e+01
    endloop
  endfacet
  facet normal 0.000000e+00 1.000000e+00 -0.000000e+00
    outer loop
      vertex   -2.889804e+01 1.219560e+02 -7.478095e+01
      vertex   -2.975000e+01 1.219560e+02 -7.335000e+01
      vertex   -2.865268e+01 1.219560e+02 -7.408414e+01
    endloop
  endfacet
  facet normal 0.000000e+00 1.000000e+00 -0.000000e+00
    outer loop
      vertex   -2.865268e+01 1.219560e+02 -7.408414e+01
      vertex   -2.975000e+01 1.219560e+02 -7.335000e+01
      vertex   -2.856949e+01 1.219560e+02 -7.335010e+01
    endloop
  endfacet
  facet normal 0.000000e+00 1.000000e+00 0.000000e+00
    outer loop
      vertex   -3.187949e+01 1.219560e+02 -2.436752e+01
      vertex   -3.333493e+01 1.219560e+02 1.660508e+01
      vertex   -3.187949e+01 1.219560e+02 1.481004e+01
    endloop
  endfacet
  facet normal 0.000000e+00 1.000000e+00 0.000000e+00
    outer loop
      vertex   -3.187949e+01 1.219560e+02 1.481004e+01
      vertex   -3.333493e+01 1.219560e+02 1.660508e+01
      vertex   -3.290000e+01 1.219560e+02 1.627135e+01
    endloop
  endfacet
  facet normal 0.000000e+00 1.000000e+00 0.000000e+00
    outer loop
      vertex   -3.187949e+01 1.219560e+02 1.481004e+01
      vertex   -3.290000e+01 1.219560e+02 1.627135e+01
      vertex   -3.239352e+01 1.219560e+02 1.606156e+01
    endloop
  endfacet
  facet normal 0.000000e+00 1.000000e+00 0.000000e+00
    outer loop
      vertex   -3.114471e+01 1.219560e+02 -2.444400e+01
      vertex   -3.130648e+01 1.219560e+02 -2.562156e+01
      vertex   -3.187949e+01 1.219560e+02 -2.436752e+01
    endloop
  endfacet
  facet normal 0.000000e+00 1.000000e+00 0.000000e+00
    outer loop
      vertex   -3.187949e+01 1.219560e+02 -2.436752e+01
      vertex   -3.130648e+01 1.219560e+02 -2.562156e+01
      vertex   -3.185000e+01 1.219560e+02 -2.555000e+01
    endloop
  endfacet
  facet normal 0.000000e+00 1.000000e+00 0.000000e+00
    outer loop
      vertex   -3.187949e+01 1.219560e+02 -2.436752e+01
      vertex   -3.185000e+01 1.219560e+02 -2.555000e+01
      vertex   -3.239352e+01 1.219560e+02 -2.562156e+01
    endloop
  endfacet
  facet normal -0.000000e+00 1.000000e+00 0.000000e+00
    outer loop
      vertex   -3.130648e+01 1.219560e+02 -2.562156e+01
      vertex   -3.114471e+01 1.219560e+02 -2.444400e+01
      vertex   -3.080000e+01 1.219560e+02 -2.583135e+01
    endloop
  endfacet
  facet normal 0.000000e+00 1.000000e+00 -0.000000e+00
    outer loop
      vertex   -3.080000e+01 1.219560e+02 -2.583135e+01
      vertex   -3.114471e+01 1.219560e+02 -2.444400e+01
      vertex   -3.044569e+01 1.219560e+02 -2.468297e+01
    endloop
  endfacet
  facet normal -0.000000e+00 1.000000e+00 0.000000e+00
    outer loop
      vertex   -3.080000e+01 1.219560e+02 -2.583135e+01
      vertex   -3.044569e+01 1.219560e+02 -2.468297e+01
      vertex   -3.036508e+01 1.219560e+02 -2.616508e+01
    endloop
  endfacet
  facet normal 0.000000e+00 1.000000e+00 -0.000000e+00
    outer loop
      vertex   -3.036508e+01 1.219560e+02 -2.616508e+01
      vertex   -3.044569e+01 1.219560e+02 -2.468297e+01
      vertex   -2.981788e+01 1.219560e+02 -2.507233e+01
    endloop
  endfacet
  facet normal -0.000000e+00 1.000000e+00 0.000000e+00
    outer loop
      vertex   -3.036508e+01 1.219560e+02 -2.616508e+01
      vertex   -2.981788e+01 1.219560e+02 -2.507233e+01
      vertex   -3.003135e+01 1.219560e+02 -2.660000e+01
    endloop
  endfacet
  facet normal 0.000000e+00 1.000000e+00 0.000000e+00
    outer loop
      vertex   -3.003135e+01 1.219560e+02 -2.660000e+01
      vertex   -2.981788e+01 1.219560e+02 -2.507233e+01
      vertex   -2.929312e+01 1.219560e+02 -2.559230e+01
    endloop
  endfacet
  facet normal -0.000000e+00 1.000000e+00 0.000000e+00
    outer loop
      vertex   -3.003135e+01 1.219560e+02 -2.660000e+01
      vertex   -2.929312e+01 1.219560e+02 -2.559230e+01
      vertex   -2.982156e+01 1.219560e+02 -2.710648e+01
    endloop
  endfacet
  facet normal 0.000000e+00 1.000000e+00 0.000000e+00
    outer loop
      vertex   -2.982156e+01 1.219560e+02 -2.710648e+01
      vertex   -2.929312e+01 1.219560e+02 -2.559230e+01
      vertex   -2.889804e+01 1.219560e+02 -2.621653e+01
    endloop
  endfacet
  facet normal -0.000000e+00 1.000000e+00 0.000000e+00
    outer loop
      vertex   -2.982156e+01 1.219560e+02 -2.710648e+01
      vertex   -2.889804e+01 1.219560e+02 -2.621653e+01
      vertex   -2.975000e+01 1.219560e+02 -2.765000e+01
    endloop
  endfacet
  facet normal 0.000000e+00 1.000000e+00 0.000000e+00
    outer loop
      vertex   -2.975000e+01 1.219560e+02 -2.765000e+01
      vertex   -2.889804e+01 1.219560e+02 -2.621653e+01
      vertex   -2.865268e+01 1.219560e+02 -2.691334e+01
    endloop
  endfacet
  facet normal 0.000000e+00 1.000000e+00 0.000000e+00
    outer loop
      vertex   -2.975000e+01 1.219560e+02 -2.765000e+01
      vertex   -2.865268e+01 1.219560e+02 -2.691334e+01
      vertex   -2.856949e+01 1.219560e+02 -2.764739e+01
    endloop
  endfacet
  facet normal 0.000000e+00 1.000000e+00 0.000000e+00
    outer loop
      vertex   -2.856949e+01 1.219560e+02 -2.764739e+01
      vertex   -2.865268e+01 1.219560e+02 -2.838143e+01
      vertex   -2.975000e+01 1.219560e+02 -2.765000e+01
    endloop
  endfacet
  facet normal 0.000000e+00 1.000000e+00 0.000000e+00
    outer loop
      vertex   -2.975000e+01 1.219560e+02 -2.765000e+01
      vertex   -2.865268e+01 1.219560e+02 -2.838143e+01
      vertex   -2.889804e+01 1.219560e+02 -2.907824e+01
    endloop
  endfacet
  facet normal 0.000000e+00 1.000000e+00 0.000000e+00
    outer loop
      vertex   -2.975000e+01 1.219560e+02 -2.765000e+01
      vertex   -2.889804e+01 1.219560e+02 -2.907824e+01
      vertex   -2.982156e+01 1.219560e+02 -2.819352e+01
    endloop
  endfacet
  facet normal 0.000000e+00 1.000000e+00 0.000000e+00
    outer loop
      vertex   -2.982156e+01 1.219560e+02 -2.819352e+01
      vertex   -2.889804e+01 1.219560e+02 -2.907824e+01
      vertex   -2.929312e+01 1.219560e+02 -2.970247e+01
    endloop
  endfacet
  facet normal 0.000000e+00 1.000000e+00 0.000000e+00
    outer loop
      vertex   -2.982156e+01 1.219560e+02 -2.819352e+01
      vertex   -2.929312e+01 1.219560e+02 -2.970247e+01
      vertex   -3.003135e+01 1.219560e+02 -2.870000e+01
    endloop
  endfacet
  facet normal 0.000000e+00 1.000000e+00 0.000000e+00
    outer loop
      vertex   -3.003135e+01 1.219560e+02 -2.870000e+01
      vertex   -2.929312e+01 1.219560e+02 -2.970247e+01
      vertex   -2.981788e+01 1.219560e+02 -3.022245e+01
    endloop
  endfacet
  facet normal 0.000000e+00 1.000000e+00 0.000000e+00
    outer loop
      vertex   -3.003135e+01 1.219560e+02 -2.870000e+01
      vertex   -2.981788e+01 1.219560e+02 -3.022245e+01
      vertex   -3.036508e+01 1.219560e+02 -2.913492e+01
    endloop
  endfacet
  facet normal 0.000000e+00 1.000000e+00 0.000000e+00
    outer loop
      vertex   -3.036508e+01 1.219560e+02 -2.913492e+01
      vertex   -2.981788e+01 1.219560e+02 -3.022245e+01
      vertex   -3.044569e+01 1.219560e+02 -3.061180e+01
    endloop
  endfacet
  facet normal 0.000000e+00 1.000000e+00 0.000000e+00
    outer loop
      vertex   -3.036508e+01 1.219560e+02 -2.913492e+01
      vertex   -3.044569e+01 1.219560e+02 -3.061180e+01
      vertex   -3.080000e+01 1.219560e+02 -2.946865e+01
    endloop
  endfacet
  facet normal 0.000000e+00 1.000000e+00 0.000000e+00
    outer loop
      vertex   -3.080000e+01 1.219560e+02 -2.946865e+01
      vertex   -3.044569e+01 1.219560e+02 -3.061180e+01
      vertex   -3.114471e+01 1.219560e+02 -3.085077e+01
    endloop
  endfacet
  facet normal 0.000000e+00 1.000000e+00 0.000000e+00
    outer loop
      vertex   -3.080000e+01 1.219560e+02 -2.946865e+01
      vertex   -3.114471e+01 1.219560e+02 -3.085077e+01
      vertex   -3.130648e+01 1.219560e+02 -2.967844e+01
    endloop
  endfacet
  facet normal 0.000000e+00 1.000000e+00 0.000000e+00
    outer loop
      vertex   -3.130648e+01 1.219560e+02 -2.967844e+01
      vertex   -3.114471e+01 1.219560e+02 -3.085077e+01
      vertex   -3.187949e+01 1.219560e+02 -3.092725e+01
    endloop
  endfacet
  facet normal 0.000000e+00 1.000000e+00 0.000000e+00
    outer loop
      vertex   -3.130648e+01 1.219560e+02 -2.967844e+01
      vertex   -3.187949e+01 1.219560e+02 -3.092725e+01
      vertex   -3.185000e+01 1.219560e+02 -2.975000e+01
    endloop
  endfacet
  facet normal 0.000000e+00 1.000000e+00 0.000000e+00
    outer loop
      vertex   -3.185000e+01 1.219560e+02 -2.975000e+01
      vertex   -3.187949e+01 1.219560e+02 -3.092725e+01
      vertex   -3.239352e+01 1.219560e+02 -2.967844e+01
    endloop
  endfacet
  facet normal 0.000000e+00 1.000000e+00 0.000000e+00
    outer loop
      vertex   -3.239352e+01 1.219560e+02 -2.967844e+01
      vertex   -3.187949e+01 1.219560e+02 -3.092725e+01
      vertex   -3.290000e+01 1.219560e+02 -2.946865e+01
    endloop
  endfacet
  facet normal 0.000000e+00 1.000000e+00 0.000000e+00
    outer loop
      vertex   -3.290000e+01 1.219560e+02 -2.946865e+01
      vertex   -3.187949e+01 1.219560e+02 -3.092725e+01
      vertex   -3.333492e+01 1.219560e+02 -2.913492e+01
    endloop
  endfacet
  facet normal 0.000000e+00 1.000000e+00 0.000000e+00
    outer loop
      vertex   -3.333492e+01 1.219560e+02 -2.913492e+01
      vertex   -3.187949e+01 1.219560e+02 -3.092725e+01
      vertex   -3.187949e+01 1.219560e+02 -7.007023e+01
    endloop
  endfacet
  facet normal 0.000000e+00 1.000000e+00 0.000000e+00
    outer loop
      vertex   -3.187949e+01 1.219560e+02 -7.662996e+01
      vertex   -3.187949e+01 1.219560e+02 -8.235219e+01
      vertex   -3.525949e+01 1.219560e+02 -8.298650e+01
    endloop
  endfacet
  facet normal -0.000000e+00 1.000000e+00 0.000000e+00
    outer loop
      vertex   -3.525949e+01 1.219560e+02 -8.298650e+01
      vertex   -3.187949e+01 1.219560e+02 -8.235219e+01
      vertex   -3.249381e+01 1.219560e+02 -8.575219e+01
    endloop
  endfacet
  facet normal 0.000000e+00 1.000000e+00 0.000000e+00
    outer loop
      vertex   -3.249381e+01 1.219560e+02 -8.575219e+01
      vertex   -3.187949e+01 1.219560e+02 -8.235219e+01
      vertex   2.152051e+01 1.219560e+02 -8.235219e+01
    endloop
  endfacet
  facet normal 0.000000e+00 1.000000e+00 0.000000e+00
    outer loop
      vertex   -3.249381e+01 1.219560e+02 -8.575219e+01
      vertex   2.152051e+01 1.219560e+02 -8.235219e+01
      vertex   2.213482e+01 1.219560e+02 -8.575219e+01
    endloop
  endfacet
  facet normal 4.351960e-15 1.000000e+00 7.863155e-16
    outer loop
      vertex   2.213482e+01 1.219560e+02 -8.575219e+01
      vertex   2.152051e+01 1.219560e+02 -8.235219e+01
      vertex   2.490051e+01 1.219560e+02 -8.298650e+01
    endloop
  endfacet
  facet normal 4.204395e-15 1.000000e+00 -2.740865e-28
    outer loop
      vertex   2.490051e+01 1.219560e+02 -8.298650e+01
      vertex   2.152051e+01 1.219560e+02 -8.235219e+01
      vertex   2.152051e+01 1.219560e+02 -7.662996e+01
    endloop
  endfacet
  facet normal 1.818475e-15 1.000000e+00 -1.268678e-15
    outer loop
      vertex   2.490051e+01 1.219560e+02 -8.298650e+01
      vertex   2.152051e+01 1.219560e+02 -7.662996e+01
      vertex   2.254000e+01 1.219560e+02 -7.516866e+01
    endloop
  endfacet
  facet normal 0.000000e+00 1.000000e+00 0.000000e+00
    outer loop
      vertex   2.254000e+01 1.219560e+02 -7.516866e+01
      vertex   2.152051e+01 1.219560e+02 -7.662996e+01
      vertex   2.203352e+01 1.219560e+02 -7.537845e+01
    endloop
  endfacet
  facet normal 0.000000e+00 1.000000e+00 0.000000e+00
    outer loop
      vertex   2.203352e+01 1.219560e+02 -7.537845e+01
      vertex   2.152051e+01 1.219560e+02 -7.662996e+01
      vertex   2.149000e+01 1.219560e+02 -7.545000e+01
    endloop
  endfacet
  facet normal 0.000000e+00 1.000000e+00 0.000000e+00
    outer loop
      vertex   2.149000e+01 1.219560e+02 -7.545000e+01
      vertex   2.152051e+01 1.219560e+02 -7.662996e+01
      vertex   2.094648e+01 1.219560e+02 -7.537845e+01
    endloop
  endfacet
  facet normal 0.000000e+00 1.000000e+00 0.000000e+00
    outer loop
      vertex   2.094648e+01 1.219560e+02 -7.537845e+01
      vertex   2.152051e+01 1.219560e+02 -7.662996e+01
      vertex   2.078573e+01 1.219560e+02 -7.655348e+01
    endloop
  endfacet
  facet normal 0.000000e+00 1.000000e+00 0.000000e+00
    outer loop
      vertex   2.094648e+01 1.219560e+02 -7.537845e+01
      vertex   2.078573e+01 1.219560e+02 -7.655348e+01
      vertex   2.044000e+01 1.219560e+02 -7.516866e+01
    endloop
  endfacet
  facet normal 0.000000e+00 1.000000e+00 0.000000e+00
    outer loop
      vertex   2.044000e+01 1.219560e+02 -7.516866e+01
      vertex   2.078573e+01 1.219560e+02 -7.655348e+01
      vertex   2.008671e+01 1.219560e+02 -7.631451e+01
    endloop
  endfacet
  facet normal 0.000000e+00 1.000000e+00 0.000000e+00
    outer loop
      vertex   2.044000e+01 1.219560e+02 -7.516866e+01
      vertex   2.008671e+01 1.219560e+02 -7.631451e+01
      vertex   2.000508e+01 1.219560e+02 -7.483493e+01
    endloop
  endfacet
  facet normal 0.000000e+00 1.000000e+00 0.000000e+00
    outer loop
      vertex   2.000508e+01 1.219560e+02 -7.483493e+01
      vertex   2.008671e+01 1.219560e+02 -7.631451e+01
      vertex   1.945889e+01 1.219560e+02 -7.592516e+01
    endloop
  endfacet
  facet normal 0.000000e+00 1.000000e+00 0.000000e+00
    outer loop
      vertex   2.000508e+01 1.219560e+02 -7.483493e+01
      vertex   1.945889e+01 1.219560e+02 -7.592516e+01
      vertex   1.967135e+01 1.219560e+02 -7.440000e+01
    endloop
  endfacet
  facet normal 0.000000e+00 1.000000e+00 0.000000e+00
    outer loop
      vertex   1.967135e+01 1.219560e+02 -7.440000e+01
      vertex   1.945889e+01 1.219560e+02 -7.592516e+01
      vertex   1.893414e+01 1.219560e+02 -7.540518e+01
    endloop
  endfacet
  facet normal 0.000000e+00 1.000000e+00 0.000000e+00
    outer loop
      vertex   1.967135e+01 1.219560e+02 -7.440000e+01
      vertex   1.893414e+01 1.219560e+02 -7.540518e+01
      vertex   1.946156e+01 1.219560e+02 -7.389352e+01
    endloop
  endfacet
  facet normal 0.000000e+00 1.000000e+00 0.000000e+00
    outer loop
      vertex   1.946156e+01 1.219560e+02 -7.389352e+01
      vertex   1.893414e+01 1.219560e+02 -7.540518e+01
      vertex   1.853906e+01 1.219560e+02 -7.478095e+01
    endloop
  endfacet
  facet normal 0.000000e+00 1.000000e+00 0.000000e+00
    outer loop
      vertex   1.946156e+01 1.219560e+02 -7.389352e+01
      vertex   1.853906e+01 1.219560e+02 -7.478095e+01
      vertex   1.939000e+01 1.219560e+02 -7.335000e+01
    endloop
  endfacet
  facet normal 0.000000e+00 1.000000e+00 0.000000e+00
    outer loop
      vertex   1.939000e+01 1.219560e+02 -7.335000e+01
      vertex   1.853906e+01 1.219560e+02 -7.478095e+01
      vertex   1.829370e+01 1.219560e+02 -7.408414e+01
    endloop
  endfacet
  facet normal 0.000000e+00 1.000000e+00 0.000000e+00
    outer loop
      vertex   1.939000e+01 1.219560e+02 -7.335000e+01
      vertex   1.829370e+01 1.219560e+02 -7.408414e+01
      vertex   1.821051e+01 1.219560e+02 -7.335010e+01
    endloop
  endfacet
  facet normal 0.000000e+00 1.000000e+00 0.000000e+00
    outer loop
      vertex   1.821051e+01 1.219560e+02 -7.335010e+01
      vertex   1.829370e+01 1.219560e+02 -7.261605e+01
      vertex   1.939000e+01 1.219560e+02 -7.335000e+01
    endloop
  endfacet
  facet normal 0.000000e+00 1.000000e+00 0.000000e+00
    outer loop
      vertex   1.939000e+01 1.219560e+02 -7.335000e+01
      vertex   1.829370e+01 1.219560e+02 -7.261605e+01
      vertex   1.853906e+01 1.219560e+02 -7.191924e+01
    endloop
  endfacet
  facet normal 0.000000e+00 1.000000e+00 -0.000000e+00
    outer loop
      vertex   1.939000e+01 1.219560e+02 -7.335000e+01
      vertex   1.853906e+01 1.219560e+02 -7.191924e+01
      vertex   1.946156e+01 1.219560e+02 -7.280648e+01
    endloop
  endfacet
  facet normal 0.000000e+00 1.000000e+00 0.000000e+00
    outer loop
      vertex   1.946156e+01 1.219560e+02 -7.280648e+01
      vertex   1.853906e+01 1.219560e+02 -7.191924e+01
      vertex   1.893414e+01 1.219560e+02 -7.129501e+01
    endloop
  endfacet
  facet normal 0.000000e+00 1.000000e+00 -0.000000e+00
    outer loop
      vertex   1.946156e+01 1.219560e+02 -7.280648e+01
      vertex   1.893414e+01 1.219560e+02 -7.129501e+01
      vertex   1.967135e+01 1.219560e+02 -7.230000e+01
    endloop
  endfacet
  facet normal 0.000000e+00 1.000000e+00 0.000000e+00
    outer loop
      vertex   1.967135e+01 1.219560e+02 -7.230000e+01
      vertex   1.893414e+01 1.219560e+02 -7.129501e+01
      vertex   1.945889e+01 1.219560e+02 -7.077503e+01
    endloop
  endfacet
  facet normal 0.000000e+00 1.000000e+00 -0.000000e+00
    outer loop
      vertex   1.967135e+01 1.219560e+02 -7.230000e+01
      vertex   1.945889e+01 1.219560e+02 -7.077503e+01
      vertex   2.000508e+01 1.219560e+02 -7.186508e+01
    endloop
  endfacet
  facet normal 0.000000e+00 1.000000e+00 -0.000000e+00
    outer loop
      vertex   2.000508e+01 1.219560e+02 -7.186508e+01
      vertex   1.945889e+01 1.219560e+02 -7.077503e+01
      vertex   2.008671e+01 1.219560e+02 -7.038568e+01
    endloop
  endfacet
  facet normal 0.000000e+00 1.000000e+00 0.000000e+00
    outer loop
      vertex   2.000508e+01 1.219560e+02 -7.186508e+01
      vertex   2.008671e+01 1.219560e+02 -7.038568e+01
      vertex   2.044000e+01 1.219560e+02 -7.153135e+01
    endloop
  endfacet
  facet normal 0.000000e+00 1.000000e+00 -0.000000e+00
    outer loop
      vertex   2.044000e+01 1.219560e+02 -7.153135e+01
      vertex   2.008671e+01 1.219560e+02 -7.038568e+01
      vertex   2.078573e+01 1.219560e+02 -7.014671e+01
    endloop
  endfacet
  facet normal 0.000000e+00 1.000000e+00 0.000000e+00
    outer loop
      vertex   2.044000e+01 1.219560e+02 -7.153135e+01
      vertex   2.078573e+01 1.219560e+02 -7.014671e+01
      vertex   2.094648e+01 1.219560e+02 -7.132156e+01
    endloop
  endfacet
  facet normal 0.000000e+00 1.000000e+00 -0.000000e+00
    outer loop
      vertex   2.094648e+01 1.219560e+02 -7.132156e+01
      vertex   2.078573e+01 1.219560e+02 -7.014671e+01
      vertex   2.152051e+01 1.219560e+02 -7.007023e+01
    endloop
  endfacet
  facet normal 0.000000e+00 1.000000e+00 0.000000e+00
    outer loop
      vertex   2.094648e+01 1.219560e+02 -7.132156e+01
      vertex   2.152051e+01 1.219560e+02 -7.007023e+01
      vertex   2.149000e+01 1.219560e+02 -7.125000e+01
    endloop
  endfacet
  facet normal -0.000000e+00 1.000000e+00 0.000000e+00
    outer loop
      vertex   2.149000e+01 1.219560e+02 -7.125000e+01
      vertex   2.152051e+01 1.219560e+02 -7.007023e+01
      vertex   2.203352e+01 1.219560e+02 -7.132156e+01
    endloop
  endfacet
  facet normal -0.000000e+00 1.000000e+00 -0.000000e+00
    outer loop
      vertex   2.203352e+01 1.219560e+02 -7.132156e+01
      vertex   2.152051e+01 1.219560e+02 -7.007023e+01
      vertex   2.254000e+01 1.219560e+02 -7.153135e+01
    endloop
  endfacet
  facet normal 4.204395e-15 1.000000e+00 -2.224793e-28
    outer loop
      vertex   2.152051e+01 1.219560e+02 2.136977e+01
      vertex   2.152051e+01 1.219560e+02 3.110490e+01
      vertex   2.490051e+01 1.219560e+02 3.273922e+01
    endloop
  endfacet
  facet normal 5.457255e-15 1.000000e+00 -2.591096e-15
    outer loop
      vertex   2.490051e+01 1.219560e+02 3.273922e+01
      vertex   2.152051e+01 1.219560e+02 3.110490e+01
      vertex   2.313482e+01 1.219560e+02 3.450490e+01
    endloop
  endfacet
  facet normal 0.000000e+00 1.000000e+00 0.000000e+00
    outer loop
      vertex   2.313482e+01 1.219560e+02 3.450490e+01
      vertex   2.152051e+01 1.219560e+02 3.110490e+01
      vertex   -3.187949e+01 1.219560e+02 3.110490e+01
    endloop
  endfacet
  facet normal 0.000000e+00 1.000000e+00 0.000000e+00
    outer loop
      vertex   2.313482e+01 1.219560e+02 3.450490e+01
      vertex   -3.187949e+01 1.219560e+02 3.110490e+01
      vertex   -3.349381e+01 1.219560e+02 3.450490e+01
    endloop
  endfacet
  facet normal 0.000000e+00 1.000000e+00 0.000000e+00
    outer loop
      vertex   -3.349381e+01 1.219560e+02 3.450490e+01
      vertex   -3.187949e+01 1.219560e+02 3.110490e+01
      vertex   -3.525949e+01 1.219560e+02 3.273922e+01
    endloop
  endfacet
  facet normal 0.000000e+00 1.000000e+00 0.000000e+00
    outer loop
      vertex   -3.525949e+01 1.219560e+02 3.273922e+01
      vertex   -3.187949e+01 1.219560e+02 3.110490e+01
      vertex   -3.187949e+01 1.219560e+02 2.136977e+01
    endloop
  endfacet
  facet normal 0.000000e+00 1.000000e+00 0.000000e+00
    outer loop
      vertex   -3.525949e+01 1.219560e+02 3.273922e+01
      vertex   -3.187949e+01 1.219560e+02 2.136977e+01
      vertex   -3.290000e+01 1.219560e+02 1.990865e+01
    endloop
  endfacet
  facet normal 0.000000e+00 1.000000e+00 0.000000e+00
    outer loop
      vertex   -3.290000e+01 1.219560e+02 1.990865e+01
      vertex   -3.187949e+01 1.219560e+02 2.136977e+01
      vertex   -3.239352e+01 1.219560e+02 2.011845e+01
    endloop
  endfacet
  facet normal 0.000000e+00 1.000000e+00 0.000000e+00
    outer loop
      vertex   -3.239352e+01 1.219560e+02 2.011845e+01
      vertex   -3.187949e+01 1.219560e+02 2.136977e+01
      vertex   -3.185000e+01 1.219560e+02 2.019000e+01
    endloop
  endfacet
  facet normal -0.000000e+00 1.000000e+00 -0.000000e+00
    outer loop
      vertex   -3.185000e+01 1.219560e+02 2.019000e+01
      vertex   -3.187949e+01 1.219560e+02 2.136977e+01
      vertex   -3.130648e+01 1.219560e+02 2.011845e+01
    endloop
  endfacet
  facet normal 0.000000e+00 1.000000e+00 -0.000000e+00
    outer loop
      vertex   -3.130648e+01 1.219560e+02 2.011845e+01
      vertex   -3.187949e+01 1.219560e+02 2.136977e+01
      vertex   -3.114471e+01 1.219560e+02 2.129329e+01
    endloop
  endfacet
  facet normal -0.000000e+00 1.000000e+00 0.000000e+00
    outer loop
      vertex   -3.130648e+01 1.219560e+02 2.011845e+01
      vertex   -3.114471e+01 1.219560e+02 2.129329e+01
      vertex   -3.080000e+01 1.219560e+02 1.990865e+01
    endloop
  endfacet
  facet normal 0.000000e+00 1.000000e+00 -0.000000e+00
    outer loop
      vertex   -3.080000e+01 1.219560e+02 1.990865e+01
      vertex   -3.114471e+01 1.219560e+02 2.129329e+01
      vertex   -3.044569e+01 1.219560e+02 2.105432e+01
    endloop
  endfacet
  facet normal -0.000000e+00 1.000000e+00 0.000000e+00
    outer loop
      vertex   -3.080000e+01 1.219560e+02 1.990865e+01
      vertex   -3.044569e+01 1.219560e+02 2.105432e+01
      vertex   -3.036508e+01 1.219560e+02 1.957493e+01
    endloop
  endfacet
  facet normal 0.000000e+00 1.000000e+00 -0.000000e+00
    outer loop
      vertex   -3.036508e+01 1.219560e+02 1.957493e+01
      vertex   -3.044569e+01 1.219560e+02 2.105432e+01
      vertex   -2.981788e+01 1.219560e+02 2.066497e+01
    endloop
  endfacet
  facet normal -0.000000e+00 1.000000e+00 0.000000e+00
    outer loop
      vertex   -3.036508e+01 1.219560e+02 1.957493e+01
      vertex   -2.981788e+01 1.219560e+02 2.066497e+01
      vertex   -3.003135e+01 1.219560e+02 1.914000e+01
    endloop
  endfacet
  facet normal 0.000000e+00 1.000000e+00 0.000000e+00
    outer loop
      vertex   -3.003135e+01 1.219560e+02 1.914000e+01
      vertex   -2.981788e+01 1.219560e+02 2.066497e+01
      vertex   -2.929312e+01 1.219560e+02 2.014499e+01
    endloop
  endfacet
  facet normal -0.000000e+00 1.000000e+00 0.000000e+00
    outer loop
      vertex   -3.003135e+01 1.219560e+02 1.914000e+01
      vertex   -2.929312e+01 1.219560e+02 2.014499e+01
      vertex   -2.982156e+01 1.219560e+02 1.863352e+01
    endloop
  endfacet
  facet normal 0.000000e+00 1.000000e+00 0.000000e+00
    outer loop
      vertex   -2.982156e+01 1.219560e+02 1.863352e+01
      vertex   -2.929312e+01 1.219560e+02 2.014499e+01
      vertex   -2.889804e+01 1.219560e+02 1.952076e+01
    endloop
  endfacet
  facet normal -0.000000e+00 1.000000e+00 0.000000e+00
    outer loop
      vertex   -2.982156e+01 1.219560e+02 1.863352e+01
      vertex   -2.889804e+01 1.219560e+02 1.952076e+01
      vertex   -2.975000e+01 1.219560e+02 1.809000e+01
    endloop
  endfacet
  facet normal 0.000000e+00 1.000000e+00 0.000000e+00
    outer loop
      vertex   -2.975000e+01 1.219560e+02 1.809000e+01
      vertex   -2.889804e+01 1.219560e+02 1.952076e+01
      vertex   -2.865268e+01 1.219560e+02 1.882395e+01
    endloop
  endfacet
  facet normal -0.000000e+00 1.000000e+00 0.000000e+00
    outer loop
      vertex   -2.975000e+01 1.219560e+02 1.809000e+01
      vertex   -2.865268e+01 1.219560e+02 1.882395e+01
      vertex   -2.856949e+01 1.219560e+02 1.808990e+01
    endloop
  endfacet
  facet normal 0.000000e+00 1.000000e+00 0.000000e+00
    outer loop
      vertex   -2.856949e+01 1.219560e+02 1.808990e+01
      vertex   -2.865268e+01 1.219560e+02 1.735586e+01
      vertex   -2.975000e+01 1.219560e+02 1.809000e+01
    endloop
  endfacet
  facet normal 0.000000e+00 1.000000e+00 0.000000e+00
    outer loop
      vertex   -2.975000e+01 1.219560e+02 1.809000e+01
      vertex   -2.865268e+01 1.219560e+02 1.735586e+01
      vertex   -2.889804e+01 1.219560e+02 1.665905e+01
    endloop
  endfacet
  facet normal 0.000000e+00 1.000000e+00 0.000000e+00
    outer loop
      vertex   -2.975000e+01 1.219560e+02 1.809000e+01
      vertex   -2.889804e+01 1.219560e+02 1.665905e+01
      vertex   -2.982156e+01 1.219560e+02 1.754648e+01
    endloop
  endfacet
  facet normal 0.000000e+00 1.000000e+00 0.000000e+00
    outer loop
      vertex   -2.982156e+01 1.219560e+02 1.754648e+01
      vertex   -2.889804e+01 1.219560e+02 1.665905e+01
      vertex   -2.929312e+01 1.219560e+02 1.603482e+01
    endloop
  endfacet
  facet normal 0.000000e+00 1.000000e+00 0.000000e+00
    outer loop
      vertex   -2.982156e+01 1.219560e+02 1.754648e+01
      vertex   -2.929312e+01 1.219560e+02 1.603482e+01
      vertex   -3.003135e+01 1.219560e+02 1.704000e+01
    endloop
  endfacet
  facet normal 0.000000e+00 1.000000e+00 0.000000e+00
    outer loop
      vertex   -3.003135e+01 1.219560e+02 1.704000e+01
      vertex   -2.929312e+01 1.219560e+02 1.603482e+01
      vertex   -2.981788e+01 1.219560e+02 1.551484e+01
    endloop
  endfacet
  facet normal 0.000000e+00 1.000000e+00 0.000000e+00
    outer loop
      vertex   -3.003135e+01 1.219560e+02 1.704000e+01
      vertex   -2.981788e+01 1.219560e+02 1.551484e+01
      vertex   -3.036508e+01 1.219560e+02 1.660508e+01
    endloop
  endfacet
  facet normal 0.000000e+00 1.000000e+00 0.000000e+00
    outer loop
      vertex   -3.036508e+01 1.219560e+02 1.660508e+01
      vertex   -2.981788e+01 1.219560e+02 1.551484e+01
      vertex   -3.044569e+01 1.219560e+02 1.512549e+01
    endloop
  endfacet
  facet normal 0.000000e+00 1.000000e+00 0.000000e+00
    outer loop
      vertex   -3.036508e+01 1.219560e+02 1.660508e+01
      vertex   -3.044569e+01 1.219560e+02 1.512549e+01
      vertex   -3.080000e+01 1.219560e+02 1.627135e+01
    endloop
  endfacet
  facet normal 0.000000e+00 1.000000e+00 0.000000e+00
    outer loop
      vertex   -3.080000e+01 1.219560e+02 1.627135e+01
      vertex   -3.044569e+01 1.219560e+02 1.512549e+01
      vertex   -3.114471e+01 1.219560e+02 1.488652e+01
    endloop
  endfacet
  facet normal 0.000000e+00 1.000000e+00 0.000000e+00
    outer loop
      vertex   -3.080000e+01 1.219560e+02 1.627135e+01
      vertex   -3.114471e+01 1.219560e+02 1.488652e+01
      vertex   -3.130648e+01 1.219560e+02 1.606156e+01
    endloop
  endfacet
  facet normal 0.000000e+00 1.000000e+00 0.000000e+00
    outer loop
      vertex   -3.130648e+01 1.219560e+02 1.606156e+01
      vertex   -3.114471e+01 1.219560e+02 1.488652e+01
      vertex   -3.187949e+01 1.219560e+02 1.481004e+01
    endloop
  endfacet
  facet normal 0.000000e+00 1.000000e+00 0.000000e+00
    outer loop
      vertex   -3.130648e+01 1.219560e+02 1.606156e+01
      vertex   -3.187949e+01 1.219560e+02 1.481004e+01
      vertex   -3.185000e+01 1.219560e+02 1.599000e+01
    endloop
  endfacet
  facet normal 0.000000e+00 1.000000e+00 0.000000e+00
    outer loop
      vertex   -3.185000e+01 1.219560e+02 1.599000e+01
      vertex   -3.187949e+01 1.219560e+02 1.481004e+01
      vertex   -3.239352e+01 1.219560e+02 1.606156e+01
    endloop
  endfacet
  facet normal 0.000000e+00 1.000000e+00 0.000000e+00
    outer loop
      vertex   -3.290000e+01 1.219560e+02 1.990865e+01
      vertex   -3.333493e+01 1.219560e+02 1.957493e+01
      vertex   -3.525949e+01 1.219560e+02 3.273922e+01
    endloop
  endfacet
  facet normal 0.000000e+00 1.000000e+00 0.000000e+00
    outer loop
      vertex   -3.525949e+01 1.219560e+02 3.273922e+01
      vertex   -3.333493e+01 1.219560e+02 1.957493e+01
      vertex   -3.366865e+01 1.219560e+02 1.914000e+01
    endloop
  endfacet
  facet normal 0.000000e+00 1.000000e+00 0.000000e+00
    outer loop
      vertex   -3.525949e+01 1.219560e+02 3.273922e+01
      vertex   -3.366865e+01 1.219560e+02 1.914000e+01
      vertex   -3.387845e+01 1.219560e+02 1.863352e+01
    endloop
  endfacet
  facet normal 0.000000e+00 1.000000e+00 0.000000e+00
    outer loop
      vertex   -3.387845e+01 1.219560e+02 1.863352e+01
      vertex   -3.395000e+01 1.219560e+02 1.809000e+01
      vertex   -3.525949e+01 1.219560e+02 3.273922e+01
    endloop
  endfacet
  facet normal 0.000000e+00 1.000000e+00 0.000000e+00
    outer loop
      vertex   -3.525949e+01 1.219560e+02 3.273922e+01
      vertex   -3.395000e+01 1.219560e+02 1.809000e+01
      vertex   -3.395000e+01 1.219560e+02 -2.765000e+01
    endloop
  endfacet
  facet normal 0.000000e+00 1.000000e+00 0.000000e+00
    outer loop
      vertex   -3.525949e+01 1.219560e+02 3.273922e+01
      vertex   -3.395000e+01 1.219560e+02 -2.765000e+01
      vertex   -3.525949e+01 1.219560e+02 -8.298650e+01
    endloop
  endfacet
  facet normal 0.000000e+00 1.000000e+00 0.000000e+00
    outer loop
      vertex   -3.395000e+01 1.219560e+02 1.809000e+01
      vertex   -3.387845e+01 1.219560e+02 1.754648e+01
      vertex   -3.395000e+01 1.219560e+02 -2.765000e+01
    endloop
  endfacet
  facet normal 0.000000e+00 1.000000e+00 0.000000e+00
    outer loop
      vertex   -3.395000e+01 1.219560e+02 -2.765000e+01
      vertex   -3.387845e+01 1.219560e+02 1.754648e+01
      vertex   -3.387844e+01 1.219560e+02 -2.710648e+01
    endloop
  endfacet
  facet normal 0.000000e+00 1.000000e+00 -0.000000e+00
    outer loop
      vertex   -3.387844e+01 1.219560e+02 -2.710648e+01
      vertex   -3.387845e+01 1.219560e+02 1.754648e+01
      vertex   -3.366865e+01 1.219560e+02 1.704000e+01
    endloop
  endfacet
  facet normal 0.000000e+00 1.000000e+00 0.000000e+00
    outer loop
      vertex   -3.387844e+01 1.219560e+02 -2.710648e+01
      vertex   -3.366865e+01 1.219560e+02 1.704000e+01
      vertex   -3.366865e+01 1.219560e+02 -2.660000e+01
    endloop
  endfacet
  facet normal 0.000000e+00 1.000000e+00 -0.000000e+00
    outer loop
      vertex   -3.366865e+01 1.219560e+02 -2.660000e+01
      vertex   -3.366865e+01 1.219560e+02 1.704000e+01
      vertex   -3.333493e+01 1.219560e+02 1.660508e+01
    endloop
  endfacet
  facet normal 0.000000e+00 1.000000e+00 0.000000e+00
    outer loop
      vertex   -3.366865e+01 1.219560e+02 -2.660000e+01
      vertex   -3.333493e+01 1.219560e+02 1.660508e+01
      vertex   -3.333492e+01 1.219560e+02 -2.616508e+01
    endloop
  endfacet
  facet normal 0.000000e+00 1.000000e+00 -0.000000e+00
    outer loop
      vertex   -3.333492e+01 1.219560e+02 -2.616508e+01
      vertex   -3.333493e+01 1.219560e+02 1.660508e+01
      vertex   -3.187949e+01 1.219560e+02 -2.436752e+01
    endloop
  endfacet
  facet normal 0.000000e+00 1.000000e+00 0.000000e+00
    outer loop
      vertex   -3.333492e+01 1.219560e+02 -2.616508e+01
      vertex   -3.187949e+01 1.219560e+02 -2.436752e+01
      vertex   -3.290000e+01 1.219560e+02 -2.583135e+01
    endloop
  endfacet
  facet normal 0.000000e+00 1.000000e+00 0.000000e+00
    outer loop
      vertex   -3.290000e+01 1.219560e+02 -2.583135e+01
      vertex   -3.187949e+01 1.219560e+02 -2.436752e+01
      vertex   -3.239352e+01 1.219560e+02 -2.562156e+01
    endloop
  endfacet
  facet normal -0.000000e+00 1.000000e+00 0.000000e+00
    outer loop
      vertex   2.351845e+01 1.219560e+02 -7.280648e+01
      vertex   2.359000e+01 1.219560e+02 -2.765000e+01
      vertex   2.359000e+01 1.219560e+02 -7.335000e+01
    endloop
  endfacet
  facet normal 1.084377e-14 1.000000e+00 -0.000000e+00
    outer loop
      vertex   2.359000e+01 1.219560e+02 -7.335000e+01
      vertex   2.359000e+01 1.219560e+02 -2.765000e+01
      vertex   2.490051e+01 1.219560e+02 -8.298650e+01
    endloop
  endfacet
  facet normal 5.509840e-15 1.000000e+00 -7.253842e-16
    outer loop
      vertex   2.359000e+01 1.219560e+02 -7.335000e+01
      vertex   2.490051e+01 1.219560e+02 -8.298650e+01
      vertex   2.351845e+01 1.219560e+02 -7.389352e+01
    endloop
  endfacet
  facet normal 2.760194e-15 1.000000e+00 -1.143310e-15
    outer loop
      vertex   2.351845e+01 1.219560e+02 -7.389352e+01
      vertex   2.490051e+01 1.219560e+02 -8.298650e+01
      vertex   2.330865e+01 1.219560e+02 -7.440000e+01
    endloop
  endfacet
  facet normal 1.737161e-15 1.000000e+00 -1.332970e-15
    outer loop
      vertex   2.330865e+01 1.219560e+02 -7.440000e+01
      vertex   2.490051e+01 1.219560e+02 -8.298650e+01
      vertex   2.297493e+01 1.219560e+02 -7.483493e+01
    endloop
  endfacet
  facet normal 1.132436e-15 1.000000e+00 -1.475820e-15
    outer loop
      vertex   2.297493e+01 1.219560e+02 -7.483493e+01
      vertex   2.490051e+01 1.219560e+02 -8.298650e+01
      vertex   2.254000e+01 1.219560e+02 -7.516866e+01
    endloop
  endfacet
  facet normal 1.084377e-14 1.000000e+00 0.000000e+00
    outer loop
      vertex   2.490051e+01 1.219560e+02 3.273922e+01
      vertex   2.490051e+01 1.219560e+02 -8.298650e+01
      vertex   2.359000e+01 1.219560e+02 -2.765000e+01
    endloop
  endfacet
  facet normal 0.000000e+00 -1.000000e+00 0.000000e+00
    outer loop
      vertex   2.352844e+01 1.204560e+02 1.755648e+01
      vertex   2.359000e+01 1.204560e+02 -2.765000e+01
      vertex   2.360000e+01 1.204560e+02 1.810000e+01
    endloop
  endfacet
  facet normal 0.000000e+00 -1.000000e+00 -0.000000e+00
    outer loop
      vertex   2.360000e+01 1.204560e+02 1.810000e+01
      vertex   2.359000e+01 1.204560e+02 -2.765000e+01
      vertex   2.490051e+01 1.204560e+02 3.273922e+01
    endloop
  endfacet
  facet normal 0.000000e+00 -1.000000e+00 0.000000e+00
    outer loop
      vertex   2.360000e+01 1.204560e+02 1.810000e+01
      vertex   2.490051e+01 1.204560e+02 3.273922e+01
      vertex   2.352844e+01 1.204560e+02 1.864352e+01
    endloop
  endfacet
  facet normal 0.000000e+00 -1.000000e+00 0.000000e+00
    outer loop
      vertex   2.352844e+01 1.204560e+02 1.864352e+01
      vertex   2.490051e+01 1.204560e+02 3.273922e+01
      vertex   2.331865e+01 1.204560e+02 1.915000e+01
    endloop
  endfacet
  facet normal 0.000000e+00 -1.000000e+00 0.000000e+00
    outer loop
      vertex   2.331865e+01 1.204560e+02 1.915000e+01
      vertex   2.490051e+01 1.204560e+02 3.273922e+01
      vertex   2.298492e+01 1.204560e+02 1.958492e+01
    endloop
  endfacet
  facet normal 0.000000e+00 -1.000000e+00 0.000000e+00
    outer loop
      vertex   2.298492e+01 1.204560e+02 1.958492e+01
      vertex   2.490051e+01 1.204560e+02 3.273922e+01
      vertex   2.255000e+01 1.204560e+02 1.991865e+01
    endloop
  endfacet
  facet normal 0.000000e+00 -1.000000e+00 0.000000e+00
    outer loop
      vertex   2.255000e+01 1.204560e+02 1.991865e+01
      vertex   2.490051e+01 1.204560e+02 3.273922e+01
      vertex   2.152051e+01 1.204560e+02 2.136977e+01
    endloop
  endfacet
  facet normal 0.000000e+00 -1.000000e+00 0.000000e+00
    outer loop
      vertex   2.255000e+01 1.204560e+02 1.991865e+01
      vertex   2.152051e+01 1.204560e+02 2.136977e+01
      vertex   2.204352e+01 1.204560e+02 2.012844e+01
    endloop
  endfacet
  facet normal 0.000000e+00 -1.000000e+00 0.000000e+00
    outer loop
      vertex   2.204352e+01 1.204560e+02 2.012844e+01
      vertex   2.152051e+01 1.204560e+02 2.136977e+01
      vertex   2.150000e+01 1.204560e+02 2.020000e+01
    endloop
  endfacet
  facet normal -0.000000e+00 -1.000000e+00 0.000000e+00
    outer loop
      vertex   2.150000e+01 1.204560e+02 2.020000e+01
      vertex   2.152051e+01 1.204560e+02 2.136977e+01
      vertex   2.095648e+01 1.204560e+02 2.012844e+01
    endloop
  endfacet
  facet normal 0.000000e+00 -1.000000e+00 0.000000e+00
    outer loop
      vertex   2.095648e+01 1.204560e+02 2.012844e+01
      vertex   2.152051e+01 1.204560e+02 2.136977e+01
      vertex   2.078573e+01 1.204560e+02 2.129329e+01
    endloop
  endfacet
  facet normal -0.000000e+00 -1.000000e+00 0.000000e+00
    outer loop
      vertex   2.095648e+01 1.204560e+02 2.012844e+01
      vertex   2.078573e+01 1.204560e+02 2.129329e+01
      vertex   2.045000e+01 1.204560e+02 1.991865e+01
    endloop
  endfacet
  facet normal 0.000000e+00 -1.000000e+00 0.000000e+00
    outer loop
      vertex   2.045000e+01 1.204560e+02 1.991865e+01
      vertex   2.078573e+01 1.204560e+02 2.129329e+01
      vertex   2.008671e+01 1.204560e+02 2.105432e+01
    endloop
  endfacet
  facet normal -0.000000e+00 -1.000000e+00 0.000000e+00
    outer loop
      vertex   2.045000e+01 1.204560e+02 1.991865e+01
      vertex   2.008671e+01 1.204560e+02 2.105432e+01
      vertex   2.001508e+01 1.204560e+02 1.958492e+01
    endloop
  endfacet
  facet normal 0.000000e+00 -1.000000e+00 0.000000e+00
    outer loop
      vertex   2.001508e+01 1.204560e+02 1.958492e+01
      vertex   2.008671e+01 1.204560e+02 2.105432e+01
      vertex   1.945889e+01 1.204560e+02 2.066497e+01
    endloop
  endfacet
  facet normal -0.000000e+00 -1.000000e+00 0.000000e+00
    outer loop
      vertex   2.001508e+01 1.204560e+02 1.958492e+01
      vertex   1.945889e+01 1.204560e+02 2.066497e+01
      vertex   1.968135e+01 1.204560e+02 1.915000e+01
    endloop
  endfacet
  facet normal 0.000000e+00 -1.000000e+00 0.000000e+00
    outer loop
      vertex   1.968135e+01 1.204560e+02 1.915000e+01
      vertex   1.945889e+01 1.204560e+02 2.066497e+01
      vertex   1.893414e+01 1.204560e+02 2.014499e+01
    endloop
  endfacet
  facet normal -0.000000e+00 -1.000000e+00 0.000000e+00
    outer loop
      vertex   1.968135e+01 1.204560e+02 1.915000e+01
      vertex   1.893414e+01 1.204560e+02 2.014499e+01
      vertex   1.947156e+01 1.204560e+02 1.864352e+01
    endloop
  endfacet
  facet normal 0.000000e+00 -1.000000e+00 0.000000e+00
    outer loop
      vertex   1.947156e+01 1.204560e+02 1.864352e+01
      vertex   1.893414e+01 1.204560e+02 2.014499e+01
      vertex   1.853906e+01 1.204560e+02 1.952076e+01
    endloop
  endfacet
  facet normal -0.000000e+00 -1.000000e+00 0.000000e+00
    outer loop
      vertex   1.947156e+01 1.204560e+02 1.864352e+01
      vertex   1.853906e+01 1.204560e+02 1.952076e+01
      vertex   1.940000e+01 1.204560e+02 1.810000e+01
    endloop
  endfacet
  facet normal 0.000000e+00 -1.000000e+00 0.000000e+00
    outer loop
      vertex   1.940000e+01 1.204560e+02 1.810000e+01
      vertex   1.853906e+01 1.204560e+02 1.952076e+01
      vertex   1.829370e+01 1.204560e+02 1.882395e+01
    endloop
  endfacet
  facet normal -0.000000e+00 -1.000000e+00 0.000000e+00
    outer loop
      vertex   1.940000e+01 1.204560e+02 1.810000e+01
      vertex   1.829370e+01 1.204560e+02 1.882395e+01
      vertex   1.821051e+01 1.204560e+02 1.808990e+01
    endloop
  endfacet
  facet normal 0.000000e+00 -1.000000e+00 0.000000e+00
    outer loop
      vertex   2.359000e+01 1.204560e+02 -2.765000e+01
      vertex   2.352844e+01 1.204560e+02 1.755648e+01
      vertex   2.351845e+01 1.204560e+02 -2.710648e+01
    endloop
  endfacet
  facet normal 0.000000e+00 -1.000000e+00 0.000000e+00
    outer loop
      vertex   2.351845e+01 1.204560e+02 -2.710648e+01
      vertex   2.352844e+01 1.204560e+02 1.755648e+01
      vertex   2.331865e+01 1.204560e+02 1.705000e+01
    endloop
  endfacet
  facet normal 0.000000e+00 -1.000000e+00 0.000000e+00
    outer loop
      vertex   2.351845e+01 1.204560e+02 -2.710648e+01
      vertex   2.331865e+01 1.204560e+02 1.705000e+01
      vertex   2.330865e+01 1.204560e+02 -2.660000e+01
    endloop
  endfacet
  facet normal 0.000000e+00 -1.000000e+00 0.000000e+00
    outer loop
      vertex   2.330865e+01 1.204560e+02 -2.660000e+01
      vertex   2.331865e+01 1.204560e+02 1.705000e+01
      vertex   2.298492e+01 1.204560e+02 1.661508e+01
    endloop
  endfacet
  facet normal 0.000000e+00 -1.000000e+00 0.000000e+00
    outer loop
      vertex   2.330865e+01 1.204560e+02 -2.660000e+01
      vertex   2.298492e+01 1.204560e+02 1.661508e+01
      vertex   2.297493e+01 1.204560e+02 -2.616508e+01
    endloop
  endfacet
  facet normal 0.000000e+00 -1.000000e+00 0.000000e+00
    outer loop
      vertex   2.297493e+01 1.204560e+02 -2.616508e+01
      vertex   2.298492e+01 1.204560e+02 1.661508e+01
      vertex   2.152051e+01 1.204560e+02 -2.436752e+01
    endloop
  endfacet
  facet normal 0.000000e+00 -1.000000e+00 0.000000e+00
    outer loop
      vertex   2.297493e+01 1.204560e+02 -2.616508e+01
      vertex   2.152051e+01 1.204560e+02 -2.436752e+01
      vertex   2.254000e+01 1.204560e+02 -2.583135e+01
    endloop
  endfacet
  facet normal 0.000000e+00 -1.000000e+00 0.000000e+00
    outer loop
      vertex   2.254000e+01 1.204560e+02 -2.583135e+01
      vertex   2.152051e+01 1.204560e+02 -2.436752e+01
      vertex   2.203352e+01 1.204560e+02 -2.562156e+01
    endloop
  endfacet
  facet normal 0.000000e+00 -1.000000e+00 0.000000e+00
    outer loop
      vertex   2.203352e+01 1.204560e+02 -2.562156e+01
      vertex   2.152051e+01 1.204560e+02 -2.436752e+01
      vertex   2.149000e+01 1.204560e+02 -2.555000e+01
    endloop
  endfacet
  facet normal -0.000000e+00 -1.000000e+00 0.000000e+00
    outer loop
      vertex   2.149000e+01 1.204560e+02 -2.555000e+01
      vertex   2.152051e+01 1.204560e+02 -2.436752e+01
      vertex   2.094648e+01 1.204560e+02 -2.562156e+01
    endloop
  endfacet
  facet normal 0.000000e+00 -1.000000e+00 0.000000e+00
    outer loop
      vertex   2.094648e+01 1.204560e+02 -2.562156e+01
      vertex   2.152051e+01 1.204560e+02 -2.436752e+01
      vertex   2.078573e+01 1.204560e+02 -2.444400e+01
    endloop
  endfacet
  facet normal -0.000000e+00 -1.000000e+00 0.000000e+00
    outer loop
      vertex   2.094648e+01 1.204560e+02 -2.562156e+01
      vertex   2.078573e+01 1.204560e+02 -2.444400e+01
      vertex   2.044000e+01 1.204560e+02 -2.583135e+01
    endloop
  endfacet
  facet normal 0.000000e+00 -1.000000e+00 0.000000e+00
    outer loop
      vertex   2.044000e+01 1.204560e+02 -2.583135e+01
      vertex   2.078573e+01 1.204560e+02 -2.444400e+01
      vertex   2.008671e+01 1.204560e+02 -2.468297e+01
    endloop
  endfacet
  facet normal -0.000000e+00 -1.000000e+00 0.000000e+00
    outer loop
      vertex   2.044000e+01 1.204560e+02 -2.583135e+01
      vertex   2.008671e+01 1.204560e+02 -2.468297e+01
      vertex   2.000508e+01 1.204560e+02 -2.616508e+01
    endloop
  endfacet
  facet normal 0.000000e+00 -1.000000e+00 0.000000e+00
    outer loop
      vertex   2.000508e+01 1.204560e+02 -2.616508e+01
      vertex   2.008671e+01 1.204560e+02 -2.468297e+01
      vertex   1.945889e+01 1.204560e+02 -2.507233e+01
    endloop
  endfacet
  facet normal -0.000000e+00 -1.000000e+00 0.000000e+00
    outer loop
      vertex   2.000508e+01 1.204560e+02 -2.616508e+01
      vertex   1.945889e+01 1.204560e+02 -2.507233e+01
      vertex   1.967135e+01 1.204560e+02 -2.660000e+01
    endloop
  endfacet
  facet normal 0.000000e+00 -1.000000e+00 0.000000e+00
    outer loop
      vertex   1.967135e+01 1.204560e+02 -2.660000e+01
      vertex   1.945889e+01 1.204560e+02 -2.507233e+01
      vertex   1.893414e+01 1.204560e+02 -2.559230e+01
    endloop
  endfacet
  facet normal -0.000000e+00 -1.000000e+00 0.000000e+00
    outer loop
      vertex   1.967135e+01 1.204560e+02 -2.660000e+01
      vertex   1.893414e+01 1.204560e+02 -2.559230e+01
      vertex   1.946156e+01 1.204560e+02 -2.710648e+01
    endloop
  endfacet
  facet normal 0.000000e+00 -1.000000e+00 0.000000e+00
    outer loop
      vertex   1.946156e+01 1.204560e+02 -2.710648e+01
      vertex   1.893414e+01 1.204560e+02 -2.559230e+01
      vertex   1.853906e+01 1.204560e+02 -2.621653e+01
    endloop
  endfacet
  facet normal -0.000000e+00 -1.000000e+00 0.000000e+00
    outer loop
      vertex   1.946156e+01 1.204560e+02 -2.710648e+01
      vertex   1.853906e+01 1.204560e+02 -2.621653e+01
      vertex   1.939000e+01 1.204560e+02 -2.765000e+01
    endloop
  endfacet
  facet normal 0.000000e+00 -1.000000e+00 0.000000e+00
    outer loop
      vertex   1.939000e+01 1.204560e+02 -2.765000e+01
      vertex   1.853906e+01 1.204560e+02 -2.621653e+01
      vertex   1.829370e+01 1.204560e+02 -2.691334e+01
    endloop
  endfacet
  facet normal 0.000000e+00 -1.000000e+00 0.000000e+00
    outer loop
      vertex   1.939000e+01 1.204560e+02 -2.765000e+01
      vertex   1.829370e+01 1.204560e+02 -2.691334e+01
      vertex   1.821051e+01 1.204560e+02 -2.764739e+01
    endloop
  endfacet
  facet normal 0.000000e+00 -1.000000e+00 0.000000e+00
    outer loop
      vertex   2.152051e+01 1.204560e+02 -2.436752e+01
      vertex   2.298492e+01 1.204560e+02 1.661508e+01
      vertex   2.152051e+01 1.204560e+02 1.481004e+01
    endloop
  endfacet
  facet normal 0.000000e+00 -1.000000e+00 0.000000e+00
    outer loop
      vertex   2.152051e+01 1.204560e+02 1.481004e+01
      vertex   2.298492e+01 1.204560e+02 1.661508e+01
      vertex   2.255000e+01 1.204560e+02 1.628135e+01
    endloop
  endfacet
  facet normal 0.000000e+00 -1.000000e+00 0.000000e+00
    outer loop
      vertex   2.152051e+01 1.204560e+02 1.481004e+01
      vertex   2.255000e+01 1.204560e+02 1.628135e+01
      vertex   2.204352e+01 1.204560e+02 1.607156e+01
    endloop
  endfacet
  facet normal 0.000000e+00 -1.000000e+00 0.000000e+00
    outer loop
      vertex   2.204352e+01 1.204560e+02 1.607156e+01
      vertex   2.150000e+01 1.204560e+02 1.600000e+01
      vertex   2.152051e+01 1.204560e+02 1.481004e+01
    endloop
  endfacet
  facet normal 0.000000e+00 -1.000000e+00 0.000000e+00
    outer loop
      vertex   2.152051e+01 1.204560e+02 1.481004e+01
      vertex   2.150000e+01 1.204560e+02 1.600000e+01
      vertex   2.095648e+01 1.204560e+02 1.607156e+01
    endloop
  endfacet
  facet normal 0.000000e+00 -1.000000e+00 0.000000e+00
    outer loop
      vertex   2.152051e+01 1.204560e+02 1.481004e+01
      vertex   2.095648e+01 1.204560e+02 1.607156e+01
      vertex   2.078573e+01 1.204560e+02 1.488652e+01
    endloop
  endfacet
  facet normal 0.000000e+00 -1.000000e+00 0.000000e+00
    outer loop
      vertex   2.078573e+01 1.204560e+02 1.488652e+01
      vertex   2.095648e+01 1.204560e+02 1.607156e+01
      vertex   2.045000e+01 1.204560e+02 1.628135e+01
    endloop
  endfacet
  facet normal 0.000000e+00 -1.000000e+00 0.000000e+00
    outer loop
      vertex   2.078573e+01 1.204560e+02 1.488652e+01
      vertex   2.045000e+01 1.204560e+02 1.628135e+01
      vertex   2.008671e+01 1.204560e+02 1.512549e+01
    endloop
  endfacet
  facet normal 0.000000e+00 -1.000000e+00 0.000000e+00
    outer loop
      vertex   2.008671e+01 1.204560e+02 1.512549e+01
      vertex   2.045000e+01 1.204560e+02 1.628135e+01
      vertex   2.001508e+01 1.204560e+02 1.661508e+01
    endloop
  endfacet
  facet normal 0.000000e+00 -1.000000e+00 0.000000e+00
    outer loop
      vertex   2.008671e+01 1.204560e+02 1.512549e+01
      vertex   2.001508e+01 1.204560e+02 1.661508e+01
      vertex   1.945889e+01 1.204560e+02 1.551484e+01
    endloop
  endfacet
  facet normal 0.000000e+00 -1.000000e+00 0.000000e+00
    outer loop
      vertex   1.945889e+01 1.204560e+02 1.551484e+01
      vertex   2.001508e+01 1.204560e+02 1.661508e+01
      vertex   1.968135e+01 1.204560e+02 1.705000e+01
    endloop
  endfacet
  facet normal 0.000000e+00 -1.000000e+00 0.000000e+00
    outer loop
      vertex   1.945889e+01 1.204560e+02 1.551484e+01
      vertex   1.968135e+01 1.204560e+02 1.705000e+01
      vertex   1.893414e+01 1.204560e+02 1.603482e+01
    endloop
  endfacet
  facet normal 0.000000e+00 -1.000000e+00 0.000000e+00
    outer loop
      vertex   1.893414e+01 1.204560e+02 1.603482e+01
      vertex   1.968135e+01 1.204560e+02 1.705000e+01
      vertex   1.947156e+01 1.204560e+02 1.755648e+01
    endloop
  endfacet
  facet normal 0.000000e+00 -1.000000e+00 0.000000e+00
    outer loop
      vertex   1.893414e+01 1.204560e+02 1.603482e+01
      vertex   1.947156e+01 1.204560e+02 1.755648e+01
      vertex   1.853906e+01 1.204560e+02 1.665905e+01
    endloop
  endfacet
  facet normal 0.000000e+00 -1.000000e+00 0.000000e+00
    outer loop
      vertex   1.853906e+01 1.204560e+02 1.665905e+01
      vertex   1.947156e+01 1.204560e+02 1.755648e+01
      vertex   1.940000e+01 1.204560e+02 1.810000e+01
    endloop
  endfacet
  facet normal 0.000000e+00 -1.000000e+00 0.000000e+00
    outer loop
      vertex   1.853906e+01 1.204560e+02 1.665905e+01
      vertex   1.940000e+01 1.204560e+02 1.810000e+01
      vertex   1.829370e+01 1.204560e+02 1.735586e+01
    endloop
  endfacet
  facet normal 0.000000e+00 -1.000000e+00 0.000000e+00
    outer loop
      vertex   1.829370e+01 1.204560e+02 1.735586e+01
      vertex   1.940000e+01 1.204560e+02 1.810000e+01
      vertex   1.821051e+01 1.204560e+02 1.808990e+01
    endloop
  endfacet
  facet normal 0.000000e+00 -1.000000e+00 0.000000e+00
    outer loop
      vertex   2.351845e+01 1.204560e+02 -2.819352e+01
      vertex   2.351845e+01 1.204560e+02 -7.280648e+01
      vertex   2.359000e+01 1.204560e+02 -2.765000e+01
    endloop
  endfacet
  facet normal 0.000000e+00 -1.000000e+00 -0.000000e+00
    outer loop
      vertex   2.359000e+01 1.204560e+02 -2.765000e+01
      vertex   2.351845e+01 1.204560e+02 -7.280648e+01
      vertex   2.359000e+01 1.204560e+02 -7.335000e+01
    endloop
  endfacet
  facet normal 0.000000e+00 -1.000000e+00 0.000000e+00
    outer loop
      vertex   2.359000e+01 1.204560e+02 -2.765000e+01
      vertex   2.359000e+01 1.204560e+02 -7.335000e+01
      vertex   2.490051e+01 1.204560e+02 -8.298650e+01
    endloop
  endfacet
  facet normal 0.000000e+00 -1.000000e+00 0.000000e+00
    outer loop
      vertex   2.490051e+01 1.204560e+02 -8.298650e+01
      vertex   2.359000e+01 1.204560e+02 -7.335000e+01
      vertex   2.351845e+01 1.204560e+02 -7.389352e+01
    endloop
  endfacet
  facet normal 0.000000e+00 -1.000000e+00 0.000000e+00
    outer loop
      vertex   2.490051e+01 1.204560e+02 -8.298650e+01
      vertex   2.351845e+01 1.204560e+02 -7.389352e+01
      vertex   2.330865e+01 1.204560e+02 -7.440000e+01
    endloop
  endfacet
  facet normal 0.000000e+00 -1.000000e+00 -0.000000e+00
    outer loop
      vertex   2.351845e+01 1.204560e+02 -2.819352e+01
      vertex   2.330865e+01 1.204560e+02 -2.870000e+01
      vertex   2.351845e+01 1.204560e+02 -7.280648e+01
    endloop
  endfacet
  facet normal 0.000000e+00 -1.000000e+00 0.000000e+00
    outer loop
      vertex   2.351845e+01 1.204560e+02 -7.280648e+01
      vertex   2.330865e+01 1.204560e+02 -2.870000e+01
      vertex   2.330865e+01 1.204560e+02 -7.230000e+01
    endloop
  endfacet
  facet normal 0.000000e+00 -1.000000e+00 0.000000e+00
    outer loop
      vertex   2.330865e+01 1.204560e+02 -7.230000e+01
      vertex   2.330865e+01 1.204560e+02 -2.870000e+01
      vertex   2.297493e+01 1.204560e+02 -2.913493e+01
    endloop
  endfacet
  facet normal 0.000000e+00 -1.000000e+00 0.000000e+00
    outer loop
      vertex   2.330865e+01 1.204560e+02 -7.230000e+01
      vertex   2.297493e+01 1.204560e+02 -2.913493e+01
      vertex   2.297493e+01 1.204560e+02 -7.186508e+01
    endloop
  endfacet
  facet normal 0.000000e+00 -1.000000e+00 0.000000e+00
    outer loop
      vertex   2.297493e+01 1.204560e+02 -7.186508e+01
      vertex   2.297493e+01 1.204560e+02 -2.913493e+01
      vertex   2.152051e+01 1.204560e+02 -7.007023e+01
    endloop
  endfacet
  facet normal 0.000000e+00 -1.000000e+00 0.000000e+00
    outer loop
      vertex   2.297493e+01 1.204560e+02 -7.186508e+01
      vertex   2.152051e+01 1.204560e+02 -7.007023e+01
      vertex   2.254000e+01 1.204560e+02 -7.153135e+01
    endloop
  endfacet
  facet normal 0.000000e+00 -1.000000e+00 0.000000e+00
    outer loop
      vertex   2.254000e+01 1.204560e+02 -7.153135e+01
      vertex   2.152051e+01 1.204560e+02 -7.007023e+01
      vertex   2.203352e+01 1.204560e+02 -7.132156e+01
    endloop
  endfacet
  facet normal 0.000000e+00 -1.000000e+00 0.000000e+00
    outer loop
      vertex   2.203352e+01 1.204560e+02 -7.132156e+01
      vertex   2.152051e+01 1.204560e+02 -7.007023e+01
      vertex   2.149000e+01 1.204560e+02 -7.125000e+01
    endloop
  endfacet
  facet normal -0.000000e+00 -1.000000e+00 0.000000e+00
    outer loop
      vertex   2.149000e+01 1.204560e+02 -7.125000e+01
      vertex   2.152051e+01 1.204560e+02 -7.007023e+01
      vertex   2.094648e+01 1.204560e+02 -7.132156e+01
    endloop
  endfacet
  facet normal 0.000000e+00 -1.000000e+00 0.000000e+00
    outer loop
      vertex   2.094648e+01 1.204560e+02 -7.132156e+01
      vertex   2.152051e+01 1.204560e+02 -7.007023e+01
      vertex   2.078573e+01 1.204560e+02 -7.014671e+01
    endloop
  endfacet
  facet normal -0.000000e+00 -1.000000e+00 0.000000e+00
    outer loop
      vertex   2.094648e+01 1.204560e+02 -7.132156e+01
      vertex   2.078573e+01 1.204560e+02 -7.014671e+01
      vertex   2.044000e+01 1.204560e+02 -7.153135e+01
    endloop
  endfacet
  facet normal 0.000000e+00 -1.000000e+00 0.000000e+00
    outer loop
      vertex   2.044000e+01 1.204560e+02 -7.153135e+01
      vertex   2.078573e+01 1.204560e+02 -7.014671e+01
      vertex   2.008671e+01 1.204560e+02 -7.038568e+01
    endloop
  endfacet
  facet normal -0.000000e+00 -1.000000e+00 0.000000e+00
    outer loop
      vertex   2.044000e+01 1.204560e+02 -7.153135e+01
      vertex   2.008671e+01 1.204560e+02 -7.038568e+01
      vertex   2.000508e+01 1.204560e+02 -7.186508e+01
    endloop
  endfacet
  facet normal 0.000000e+00 -1.000000e+00 0.000000e+00
    outer loop
      vertex   2.000508e+01 1.204560e+02 -7.186508e+01
      vertex   2.008671e+01 1.204560e+02 -7.038568e+01
      vertex   1.945889e+01 1.204560e+02 -7.077503e+01
    endloop
  endfacet
  facet normal -0.000000e+00 -1.000000e+00 0.000000e+00
    outer loop
      vertex   2.000508e+01 1.204560e+02 -7.186508e+01
      vertex   1.945889e+01 1.204560e+02 -7.077503e+01
      vertex   1.967135e+01 1.204560e+02 -7.230000e+01
    endloop
  endfacet
  facet normal 0.000000e+00 -1.000000e+00 0.000000e+00
    outer loop
      vertex   1.967135e+01 1.204560e+02 -7.230000e+01
      vertex   1.945889e+01 1.204560e+02 -7.077503e+01
      vertex   1.893414e+01 1.204560e+02 -7.129501e+01
    endloop
  endfacet
  facet normal -0.000000e+00 -1.000000e+00 0.000000e+00
    outer loop
      vertex   1.967135e+01 1.204560e+02 -7.230000e+01
      vertex   1.893414e+01 1.204560e+02 -7.129501e+01
      vertex   1.946156e+01 1.204560e+02 -7.280648e+01
    endloop
  endfacet
  facet normal 0.000000e+00 -1.000000e+00 0.000000e+00
    outer loop
      vertex   1.946156e+01 1.204560e+02 -7.280648e+01
      vertex   1.893414e+01 1.204560e+02 -7.129501e+01
      vertex   1.853906e+01 1.204560e+02 -7.191924e+01
    endloop
  endfacet
  facet normal -0.000000e+00 -1.000000e+00 0.000000e+00
    outer loop
      vertex   1.946156e+01 1.204560e+02 -7.280648e+01
      vertex   1.853906e+01 1.204560e+02 -7.191924e+01
      vertex   1.939000e+01 1.204560e+02 -7.335000e+01
    endloop
  endfacet
  facet normal 0.000000e+00 -1.000000e+00 0.000000e+00
    outer loop
      vertex   1.939000e+01 1.204560e+02 -7.335000e+01
      vertex   1.853906e+01 1.204560e+02 -7.191924e+01
      vertex   1.829370e+01 1.204560e+02 -7.261605e+01
    endloop
  endfacet
  facet normal -0.000000e+00 -1.000000e+00 0.000000e+00
    outer loop
      vertex   1.939000e+01 1.204560e+02 -7.335000e+01
      vertex   1.829370e+01 1.204560e+02 -7.261605e+01
      vertex   1.821051e+01 1.204560e+02 -7.335010e+01
    endloop
  endfacet
  facet normal 0.000000e+00 -1.000000e+00 0.000000e+00
    outer loop
      vertex   2.152051e+01 1.204560e+02 -7.007023e+01
      vertex   2.297493e+01 1.204560e+02 -2.913493e+01
      vertex   2.152051e+01 1.204560e+02 -3.092725e+01
    endloop
  endfacet
  facet normal 0.000000e+00 -1.000000e+00 0.000000e+00
    outer loop
      vertex   2.152051e+01 1.204560e+02 -3.092725e+01
      vertex   2.297493e+01 1.204560e+02 -2.913493e+01
      vertex   2.254000e+01 1.204560e+02 -2.946865e+01
    endloop
  endfacet
  facet normal 0.000000e+00 -1.000000e+00 0.000000e+00
    outer loop
      vertex   2.152051e+01 1.204560e+02 -3.092725e+01
      vertex   2.254000e+01 1.204560e+02 -2.946865e+01
      vertex   2.203352e+01 1.204560e+02 -2.967845e+01
    endloop
  endfacet
  facet normal 0.000000e+00 -1.000000e+00 0.000000e+00
    outer loop
      vertex   2.203352e+01 1.204560e+02 -2.967845e+01
      vertex   2.149000e+01 1.204560e+02 -2.975000e+01
      vertex   2.152051e+01 1.204560e+02 -3.092725e+01
    endloop
  endfacet
  facet normal 0.000000e+00 -1.000000e+00 0.000000e+00
    outer loop
      vertex   2.152051e+01 1.204560e+02 -3.092725e+01
      vertex   2.149000e+01 1.204560e+02 -2.975000e+01
      vertex   2.094648e+01 1.204560e+02 -2.967845e+01
    endloop
  endfacet
  facet normal 0.000000e+00 -1.000000e+00 0.000000e+00
    outer loop
      vertex   2.152051e+01 1.204560e+02 -3.092725e+01
      vertex   2.094648e+01 1.204560e+02 -2.967845e+01
      vertex   2.078573e+01 1.204560e+02 -3.085077e+01
    endloop
  endfacet
  facet normal 0.000000e+00 -1.000000e+00 0.000000e+00
    outer loop
      vertex   2.078573e+01 1.204560e+02 -3.085077e+01
      vertex   2.094648e+01 1.204560e+02 -2.967845e+01
      vertex   2.044000e+01 1.204560e+02 -2.946865e+01
    endloop
  endfacet
  facet normal 0.000000e+00 -1.000000e+00 0.000000e+00
    outer loop
      vertex   2.078573e+01 1.204560e+02 -3.085077e+01
      vertex   2.044000e+01 1.204560e+02 -2.946865e+01
      vertex   2.008671e+01 1.204560e+02 -3.061180e+01
    endloop
  endfacet
  facet normal 0.000000e+00 -1.000000e+00 0.000000e+00
    outer loop
      vertex   2.008671e+01 1.204560e+02 -3.061180e+01
      vertex   2.044000e+01 1.204560e+02 -2.946865e+01
      vertex   2.000508e+01 1.204560e+02 -2.913493e+01
    endloop
  endfacet
  facet normal 0.000000e+00 -1.000000e+00 0.000000e+00
    outer loop
      vertex   2.008671e+01 1.204560e+02 -3.061180e+01
      vertex   2.000508e+01 1.204560e+02 -2.913493e+01
      vertex   1.945889e+01 1.204560e+02 -3.022245e+01
    endloop
  endfacet
  facet normal 0.000000e+00 -1.000000e+00 0.000000e+00
    outer loop
      vertex   1.945889e+01 1.204560e+02 -3.022245e+01
      vertex   2.000508e+01 1.204560e+02 -2.913493e+01
      vertex   1.967135e+01 1.204560e+02 -2.870000e+01
    endloop
  endfacet
  facet normal 0.000000e+00 -1.000000e+00 0.000000e+00
    outer loop
      vertex   1.945889e+01 1.204560e+02 -3.022245e+01
      vertex   1.967135e+01 1.204560e+02 -2.870000e+01
      vertex   1.893414e+01 1.204560e+02 -2.970247e+01
    endloop
  endfacet
  facet normal 0.000000e+00 -1.000000e+00 0.000000e+00
    outer loop
      vertex   1.893414e+01 1.204560e+02 -2.970247e+01
      vertex   1.967135e+01 1.204560e+02 -2.870000e+01
      vertex   1.946156e+01 1.204560e+02 -2.819352e+01
    endloop
  endfacet
  facet normal 0.000000e+00 -1.000000e+00 0.000000e+00
    outer loop
      vertex   1.893414e+01 1.204560e+02 -2.970247e+01
      vertex   1.946156e+01 1.204560e+02 -2.819352e+01
      vertex   1.853906e+01 1.204560e+02 -2.907824e+01
    endloop
  endfacet
  facet normal 0.000000e+00 -1.000000e+00 0.000000e+00
    outer loop
      vertex   1.853906e+01 1.204560e+02 -2.907824e+01
      vertex   1.946156e+01 1.204560e+02 -2.819352e+01
      vertex   1.939000e+01 1.204560e+02 -2.765000e+01
    endloop
  endfacet
  facet normal 0.000000e+00 -1.000000e+00 0.000000e+00
    outer loop
      vertex   1.853906e+01 1.204560e+02 -2.907824e+01
      vertex   1.939000e+01 1.204560e+02 -2.765000e+01
      vertex   1.829370e+01 1.204560e+02 -2.838143e+01
    endloop
  endfacet
  facet normal 0.000000e+00 -1.000000e+00 0.000000e+00
    outer loop
      vertex   1.829370e+01 1.204560e+02 -2.838143e+01
      vertex   1.939000e+01 1.204560e+02 -2.765000e+01
      vertex   1.821051e+01 1.204560e+02 -2.764739e+01
    endloop
  endfacet
  facet normal 0.000000e+00 -1.000000e+00 0.000000e+00
    outer loop
      vertex   -2.982156e+01 1.204560e+02 -7.389352e+01
      vertex   -2.889804e+01 1.204560e+02 -7.478095e+01
      vertex   -2.975000e+01 1.204560e+02 -7.335000e+01
    endloop
  endfacet
  facet normal 0.000000e+00 -1.000000e+00 0.000000e+00
    outer loop
      vertex   -2.975000e+01 1.204560e+02 -7.335000e+01
      vertex   -2.889804e+01 1.204560e+02 -7.478095e+01
      vertex   -2.865268e+01 1.204560e+02 -7.408414e+01
    endloop
  endfacet
  facet normal 0.000000e+00 -1.000000e+00 0.000000e+00
    outer loop
      vertex   -2.975000e+01 1.204560e+02 -7.335000e+01
      vertex   -2.865268e+01 1.204560e+02 -7.408414e+01
      vertex   -2.856949e+01 1.204560e+02 -7.335010e+01
    endloop
  endfacet
  facet normal -0.000000e+00 -1.000000e+00 0.000000e+00
    outer loop
      vertex   -2.889804e+01 1.204560e+02 -7.478095e+01
      vertex   -2.982156e+01 1.204560e+02 -7.389352e+01
      vertex   -2.929312e+01 1.204560e+02 -7.540518e+01
    endloop
  endfacet
  facet normal 0.000000e+00 -1.000000e+00 0.000000e+00
    outer loop
      vertex   -2.929312e+01 1.204560e+02 -7.540518e+01
      vertex   -2.982156e+01 1.204560e+02 -7.389352e+01
      vertex   -3.003135e+01 1.204560e+02 -7.440000e+01
    endloop
  endfacet
  facet normal -0.000000e+00 -1.000000e+00 0.000000e+00
    outer loop
      vertex   -2.929312e+01 1.204560e+02 -7.540518e+01
      vertex   -3.003135e+01 1.204560e+02 -7.440000e+01
      vertex   -2.981788e+01 1.204560e+02 -7.592516e+01
    endloop
  endfacet
  facet normal 0.000000e+00 -1.000000e+00 0.000000e+00
    outer loop
      vertex   -2.981788e+01 1.204560e+02 -7.592516e+01
      vertex   -3.003135e+01 1.204560e+02 -7.440000e+01
      vertex   -3.036508e+01 1.204560e+02 -7.483492e+01
    endloop
  endfacet
  facet normal -0.000000e+00 -1.000000e+00 0.000000e+00
    outer loop
      vertex   -2.981788e+01 1.204560e+02 -7.592516e+01
      vertex   -3.036508e+01 1.204560e+02 -7.483492e+01
      vertex   -3.044569e+01 1.204560e+02 -7.631451e+01
    endloop
  endfacet
  facet normal 0.000000e+00 -1.000000e+00 0.000000e+00
    outer loop
      vertex   -3.044569e+01 1.204560e+02 -7.631451e+01
      vertex   -3.036508e+01 1.204560e+02 -7.483492e+01
      vertex   -3.080000e+01 1.204560e+02 -7.516865e+01
    endloop
  endfacet
  facet normal -0.000000e+00 -1.000000e+00 0.000000e+00
    outer loop
      vertex   -3.044569e+01 1.204560e+02 -7.631451e+01
      vertex   -3.080000e+01 1.204560e+02 -7.516865e+01
      vertex   -3.114471e+01 1.204560e+02 -7.655348e+01
    endloop
  endfacet
  facet normal 0.000000e+00 -1.000000e+00 0.000000e+00
    outer loop
      vertex   -3.114471e+01 1.204560e+02 -7.655348e+01
      vertex   -3.080000e+01 1.204560e+02 -7.516865e+01
      vertex   -3.130648e+01 1.204560e+02 -7.537844e+01
    endloop
  endfacet
  facet normal -0.000000e+00 -1.000000e+00 0.000000e+00
    outer loop
      vertex   -3.114471e+01 1.204560e+02 -7.655348e+01
      vertex   -3.130648e+01 1.204560e+02 -7.537844e+01
      vertex   -3.187949e+01 1.204560e+02 -7.662996e+01
    endloop
  endfacet
  facet normal 0.000000e+00 -1.000000e+00 0.000000e+00
    outer loop
      vertex   -3.187949e+01 1.204560e+02 -7.662996e+01
      vertex   -3.130648e+01 1.204560e+02 -7.537844e+01
      vertex   -3.185000e+01 1.204560e+02 -7.545000e+01
    endloop
  endfacet
  facet normal 0.000000e+00 -1.000000e+00 0.000000e+00
    outer loop
      vertex   -3.187949e+01 1.204560e+02 -7.662996e+01
      vertex   -3.185000e+01 1.204560e+02 -7.545000e+01
      vertex   -3.239352e+01 1.204560e+02 -7.537844e+01
    endloop
  endfacet
  facet normal -0.000000e+00 -1.000000e+00 -0.000000e+00
    outer loop
      vertex   -3.239352e+01 1.204560e+02 -7.537844e+01
      vertex   -3.290000e+01 1.204560e+02 -7.516865e+01
      vertex   -3.187949e+01 1.204560e+02 -7.662996e+01
    endloop
  endfacet
  facet normal -0.000000e+00 -1.000000e+00 0.000000e+00
    outer loop
      vertex   -3.187949e+01 1.204560e+02 -7.662996e+01
      vertex   -3.290000e+01 1.204560e+02 -7.516865e+01
      vertex   -3.525949e+01 1.204560e+02 -8.298650e+01
    endloop
  endfacet
  facet normal 0.000000e+00 -1.000000e+00 0.000000e+00
    outer loop
      vertex   -3.187949e+01 1.204560e+02 -7.662996e+01
      vertex   -3.525949e+01 1.204560e+02 -8.298650e+01
      vertex   -3.187949e+01 1.204560e+02 -8.235219e+01
    endloop
  endfacet
  facet normal 0.000000e+00 -1.000000e+00 0.000000e+00
    outer loop
      vertex   -3.187949e+01 1.204560e+02 -8.235219e+01
      vertex   -3.525949e+01 1.204560e+02 -8.298650e+01
      vertex   -3.249381e+01 1.204560e+02 -8.575219e+01
    endloop
  endfacet
  facet normal 0.000000e+00 -1.000000e+00 -0.000000e+00
    outer loop
      vertex   -3.187949e+01 1.204560e+02 -8.235219e+01
      vertex   -3.249381e+01 1.204560e+02 -8.575219e+01
      vertex   2.213482e+01 1.204560e+02 -8.575219e+01
    endloop
  endfacet
  facet normal -0.000000e+00 -1.000000e+00 0.000000e+00
    outer loop
      vertex   -3.290000e+01 1.204560e+02 -7.516865e+01
      vertex   -3.333492e+01 1.204560e+02 -7.483492e+01
      vertex   -3.525949e+01 1.204560e+02 -8.298650e+01
    endloop
  endfacet
  facet normal 0.000000e+00 -1.000000e+00 0.000000e+00
    outer loop
      vertex   -3.525949e+01 1.204560e+02 -8.298650e+01
      vertex   -3.333492e+01 1.204560e+02 -7.483492e+01
      vertex   -3.366865e+01 1.204560e+02 -7.440000e+01
    endloop
  endfacet
  facet normal 0.000000e+00 -1.000000e+00 0.000000e+00
    outer loop
      vertex   -3.525949e+01 1.204560e+02 -8.298650e+01
      vertex   -3.366865e+01 1.204560e+02 -7.440000e+01
      vertex   -3.387844e+01 1.204560e+02 -7.389352e+01
    endloop
  endfacet
  facet normal -0.000000e+00 -1.000000e+00 0.000000e+00
    outer loop
      vertex   -3.387844e+01 1.204560e+02 -7.389352e+01
      vertex   -3.395000e+01 1.204560e+02 -7.335000e+01
      vertex   -3.525949e+01 1.204560e+02 -8.298650e+01
    endloop
  endfacet
  facet normal 0.000000e+00 -1.000000e+00 0.000000e+00
    outer loop
      vertex   -3.525949e+01 1.204560e+02 -8.298650e+01
      vertex   -3.395000e+01 1.204560e+02 -7.335000e+01
      vertex   -3.395000e+01 1.204560e+02 -2.765000e+01
    endloop
  endfacet
  facet normal 0.000000e+00 -1.000000e+00 0.000000e+00
    outer loop
      vertex   -3.525949e+01 1.204560e+02 -8.298650e+01
      vertex   -3.395000e+01 1.204560e+02 -2.765000e+01
      vertex   -3.525949e+01 1.204560e+02 3.273922e+01
    endloop
  endfacet
  facet normal 0.000000e+00 -1.000000e+00 0.000000e+00
    outer loop
      vertex   -3.525949e+01 1.204560e+02 3.273922e+01
      vertex   -3.395000e+01 1.204560e+02 -2.765000e+01
      vertex   -3.395000e+01 1.204560e+02 1.809000e+01
    endloop
  endfacet
  facet normal 0.000000e+00 -1.000000e+00 0.000000e+00
    outer loop
      vertex   -3.525949e+01 1.204560e+02 3.273922e+01
      vertex   -3.395000e+01 1.204560e+02 1.809000e+01
      vertex   -3.387845e+01 1.204560e+02 1.863352e+01
    endloop
  endfacet
  facet normal 0.000000e+00 -1.000000e+00 0.000000e+00
    outer loop
      vertex   -3.395000e+01 1.204560e+02 -7.335000e+01
      vertex   -3.387844e+01 1.204560e+02 -7.280648e+01
      vertex   -3.395000e+01 1.204560e+02 -2.765000e+01
    endloop
  endfacet
  facet normal 0.000000e+00 -1.000000e+00 0.000000e+00
    outer loop
      vertex   -3.395000e+01 1.204560e+02 -2.765000e+01
      vertex   -3.387844e+01 1.204560e+02 -7.280648e+01
      vertex   -3.387844e+01 1.204560e+02 -2.819352e+01
    endloop
  endfacet
  facet normal 0.000000e+00 -1.000000e+00 0.000000e+00
    outer loop
      vertex   -3.387844e+01 1.204560e+02 -2.819352e+01
      vertex   -3.387844e+01 1.204560e+02 -7.280648e+01
      vertex   -3.366865e+01 1.204560e+02 -2.870000e+01
    endloop
  endfacet
  facet normal 0.000000e+00 -1.000000e+00 -0.000000e+00
    outer loop
      vertex   -3.366865e+01 1.204560e+02 -2.870000e+01
      vertex   -3.387844e+01 1.204560e+02 -7.280648e+01
      vertex   -3.366865e+01 1.204560e+02 -7.230000e+01
    endloop
  endfacet
  facet normal 0.000000e+00 -1.000000e+00 0.000000e+00
    outer loop
      vertex   -3.366865e+01 1.204560e+02 -2.870000e+01
      vertex   -3.366865e+01 1.204560e+02 -7.230000e+01
      vertex   -3.333492e+01 1.204560e+02 -2.913492e+01
    endloop
  endfacet
  facet normal 0.000000e+00 -1.000000e+00 -0.000000e+00
    outer loop
      vertex   -3.333492e+01 1.204560e+02 -2.913492e+01
      vertex   -3.366865e+01 1.204560e+02 -7.230000e+01
      vertex   -3.333492e+01 1.204560e+02 -7.186507e+01
    endloop
  endfacet
  facet normal 0.000000e+00 -1.000000e+00 0.000000e+00
    outer loop
      vertex   -3.333492e+01 1.204560e+02 -2.913492e+01
      vertex   -3.333492e+01 1.204560e+02 -7.186507e+01
      vertex   -3.187949e+01 1.204560e+02 -7.007023e+01
    endloop
  endfacet
  facet normal 0.000000e+00 -1.000000e+00 0.000000e+00
    outer loop
      vertex   -3.187949e+01 1.204560e+02 -7.007023e+01
      vertex   -3.333492e+01 1.204560e+02 -7.186507e+01
      vertex   -3.290000e+01 1.204560e+02 -7.153135e+01
    endloop
  endfacet
  facet normal 0.000000e+00 -1.000000e+00 0.000000e+00
    outer loop
      vertex   -3.187949e+01 1.204560e+02 -7.007023e+01
      vertex   -3.290000e+01 1.204560e+02 -7.153135e+01
      vertex   -3.239352e+01 1.204560e+02 -7.132155e+01
    endloop
  endfacet
  facet normal 0.000000e+00 -1.000000e+00 0.000000e+00
    outer loop
      vertex   -3.239352e+01 1.204560e+02 -7.132155e+01
      vertex   -3.185000e+01 1.204560e+02 -7.125000e+01
      vertex   -3.187949e+01 1.204560e+02 -7.007023e+01
    endloop
  endfacet
  facet normal 0.000000e+00 -1.000000e+00 0.000000e+00
    outer loop
      vertex   -3.187949e+01 1.204560e+02 -7.007023e+01
      vertex   -3.185000e+01 1.204560e+02 -7.125000e+01
      vertex   -3.130648e+01 1.204560e+02 -7.132155e+01
    endloop
  endfacet
  facet normal 0.000000e+00 -1.000000e+00 0.000000e+00
    outer loop
      vertex   -3.187949e+01 1.204560e+02 -7.007023e+01
      vertex   -3.130648e+01 1.204560e+02 -7.132155e+01
      vertex   -3.114471e+01 1.204560e+02 -7.014671e+01
    endloop
  endfacet
  facet normal 0.000000e+00 -1.000000e+00 -0.000000e+00
    outer loop
      vertex   -3.114471e+01 1.204560e+02 -7.014671e+01
      vertex   -3.130648e+01 1.204560e+02 -7.132155e+01
      vertex   -3.080000e+01 1.204560e+02 -7.153135e+01
    endloop
  endfacet
  facet normal 0.000000e+00 -1.000000e+00 0.000000e+00
    outer loop
      vertex   -3.114471e+01 1.204560e+02 -7.014671e+01
      vertex   -3.080000e+01 1.204560e+02 -7.153135e+01
      vertex   -3.044569e+01 1.204560e+02 -7.038568e+01
    endloop
  endfacet
  facet normal 0.000000e+00 -1.000000e+00 -0.000000e+00
    outer loop
      vertex   -3.044569e+01 1.204560e+02 -7.038568e+01
      vertex   -3.080000e+01 1.204560e+02 -7.153135e+01
      vertex   -3.036508e+01 1.204560e+02 -7.186507e+01
    endloop
  endfacet
  facet normal 0.000000e+00 -1.000000e+00 0.000000e+00
    outer loop
      vertex   -3.044569e+01 1.204560e+02 -7.038568e+01
      vertex   -3.036508e+01 1.204560e+02 -7.186507e+01
      vertex   -2.981788e+01 1.204560e+02 -7.077503e+01
    endloop
  endfacet
  facet normal 0.000000e+00 -1.000000e+00 0.000000e+00
    outer loop
      vertex   -2.981788e+01 1.204560e+02 -7.077503e+01
      vertex   -3.036508e+01 1.204560e+02 -7.186507e+01
      vertex   -3.003135e+01 1.204560e+02 -7.230000e+01
    endloop
  endfacet
  facet normal 0.000000e+00 -1.000000e+00 -0.000000e+00
    outer loop
      vertex   -2.981788e+01 1.204560e+02 -7.077503e+01
      vertex   -3.003135e+01 1.204560e+02 -7.230000e+01
      vertex   -2.929312e+01 1.204560e+02 -7.129501e+01
    endloop
  endfacet
  facet normal 0.000000e+00 -1.000000e+00 0.000000e+00
    outer loop
      vertex   -2.929312e+01 1.204560e+02 -7.129501e+01
      vertex   -3.003135e+01 1.204560e+02 -7.230000e+01
      vertex   -2.982156e+01 1.204560e+02 -7.280648e+01
    endloop
  endfacet
  facet normal 0.000000e+00 -1.000000e+00 -0.000000e+00
    outer loop
      vertex   -2.929312e+01 1.204560e+02 -7.129501e+01
      vertex   -2.982156e+01 1.204560e+02 -7.280648e+01
      vertex   -2.889804e+01 1.204560e+02 -7.191924e+01
    endloop
  endfacet
  facet normal 0.000000e+00 -1.000000e+00 0.000000e+00
    outer loop
      vertex   -2.889804e+01 1.204560e+02 -7.191924e+01
      vertex   -2.982156e+01 1.204560e+02 -7.280648e+01
      vertex   -2.975000e+01 1.204560e+02 -7.335000e+01
    endloop
  endfacet
  facet normal 0.000000e+00 -1.000000e+00 -0.000000e+00
    outer loop
      vertex   -2.889804e+01 1.204560e+02 -7.191924e+01
      vertex   -2.975000e+01 1.204560e+02 -7.335000e+01
      vertex   -2.865268e+01 1.204560e+02 -7.261605e+01
    endloop
  endfacet
  facet normal 0.000000e+00 -1.000000e+00 -0.000000e+00
    outer loop
      vertex   -2.865268e+01 1.204560e+02 -7.261605e+01
      vertex   -2.975000e+01 1.204560e+02 -7.335000e+01
      vertex   -2.856949e+01 1.204560e+02 -7.335010e+01
    endloop
  endfacet
  facet normal -0.000000e+00 -1.000000e+00 -0.000000e+00
    outer loop
      vertex   -3.187949e+01 1.204560e+02 1.481004e+01
      vertex   -3.333493e+01 1.204560e+02 1.660508e+01
      vertex   -3.187949e+01 1.204560e+02 -2.436752e+01
    endloop
  endfacet
  facet normal -0.000000e+00 -1.000000e+00 0.000000e+00
    outer loop
      vertex   -3.187949e+01 1.204560e+02 -2.436752e+01
      vertex   -3.333493e+01 1.204560e+02 1.660508e+01
      vertex   -3.333492e+01 1.204560e+02 -2.616508e+01
    endloop
  endfacet
  facet normal 0.000000e+00 -1.000000e+00 0.000000e+00
    outer loop
      vertex   -3.187949e+01 1.204560e+02 -2.436752e+01
      vertex   -3.333492e+01 1.204560e+02 -2.616508e+01
      vertex   -3.290000e+01 1.204560e+02 -2.583135e+01
    endloop
  endfacet
  facet normal -0.000000e+00 -1.000000e+00 0.000000e+00
    outer loop
      vertex   -3.114471e+01 1.204560e+02 1.488652e+01
      vertex   -3.130648e+01 1.204560e+02 1.606156e+01
      vertex   -3.187949e+01 1.204560e+02 1.481004e+01
    endloop
  endfacet
  facet normal 0.000000e+00 -1.000000e+00 0.000000e+00
    outer loop
      vertex   -3.187949e+01 1.204560e+02 1.481004e+01
      vertex   -3.130648e+01 1.204560e+02 1.606156e+01
      vertex   -3.185000e+01 1.204560e+02 1.599000e+01
    endloop
  endfacet
  facet normal 0.000000e+00 -1.000000e+00 0.000000e+00
    outer loop
      vertex   -3.187949e+01 1.204560e+02 1.481004e+01
      vertex   -3.185000e+01 1.204560e+02 1.599000e+01
      vertex   -3.239352e+01 1.204560e+02 1.606156e+01
    endloop
  endfacet
  facet normal 0.000000e+00 -1.000000e+00 0.000000e+00
    outer loop
      vertex   -3.130648e+01 1.204560e+02 1.606156e+01
      vertex   -3.114471e+01 1.204560e+02 1.488652e+01
      vertex   -3.080000e+01 1.204560e+02 1.627135e+01
    endloop
  endfacet
  facet normal 0.000000e+00 -1.000000e+00 -0.000000e+00
    outer loop
      vertex   -3.080000e+01 1.204560e+02 1.627135e+01
      vertex   -3.114471e+01 1.204560e+02 1.488652e+01
      vertex   -3.044569e+01 1.204560e+02 1.512549e+01
    endloop
  endfacet
  facet normal 0.000000e+00 -1.000000e+00 0.000000e+00
    outer loop
      vertex   -3.080000e+01 1.204560e+02 1.627135e+01
      vertex   -3.044569e+01 1.204560e+02 1.512549e+01
      vertex   -3.036508e+01 1.204560e+02 1.660508e+01
    endloop
  endfacet
  facet normal 0.000000e+00 -1.000000e+00 -0.000000e+00
    outer loop
      vertex   -3.036508e+01 1.204560e+02 1.660508e+01
      vertex   -3.044569e+01 1.204560e+02 1.512549e+01
      vertex   -2.981788e+01 1.204560e+02 1.551484e+01
    endloop
  endfacet
  facet normal 0.000000e+00 -1.000000e+00 0.000000e+00
    outer loop
      vertex   -3.036508e+01 1.204560e+02 1.660508e+01
      vertex   -2.981788e+01 1.204560e+02 1.551484e+01
      vertex   -3.003135e+01 1.204560e+02 1.704000e+01
    endloop
  endfacet
  facet normal 0.000000e+00 -1.000000e+00 0.000000e+00
    outer loop
      vertex   -3.003135e+01 1.204560e+02 1.704000e+01
      vertex   -2.981788e+01 1.204560e+02 1.551484e+01
      vertex   -2.929312e+01 1.204560e+02 1.603482e+01
    endloop
  endfacet
  facet normal 0.000000e+00 -1.000000e+00 0.000000e+00
    outer loop
      vertex   -3.003135e+01 1.204560e+02 1.704000e+01
      vertex   -2.929312e+01 1.204560e+02 1.603482e+01
      vertex   -2.982156e+01 1.204560e+02 1.754648e+01
    endloop
  endfacet
  facet normal 0.000000e+00 -1.000000e+00 0.000000e+00
    outer loop
      vertex   -2.982156e+01 1.204560e+02 1.754648e+01
      vertex   -2.929312e+01 1.204560e+02 1.603482e+01
      vertex   -2.889804e+01 1.204560e+02 1.665905e+01
    endloop
  endfacet
  facet normal 0.000000e+00 -1.000000e+00 0.000000e+00
    outer loop
      vertex   -2.982156e+01 1.204560e+02 1.754648e+01
      vertex   -2.889804e+01 1.204560e+02 1.665905e+01
      vertex   -2.975000e+01 1.204560e+02 1.809000e+01
    endloop
  endfacet
  facet normal 0.000000e+00 -1.000000e+00 0.000000e+00
    outer loop
      vertex   -2.975000e+01 1.204560e+02 1.809000e+01
      vertex   -2.889804e+01 1.204560e+02 1.665905e+01
      vertex   -2.865268e+01 1.204560e+02 1.735586e+01
    endloop
  endfacet
  facet normal 0.000000e+00 -1.000000e+00 0.000000e+00
    outer loop
      vertex   -2.975000e+01 1.204560e+02 1.809000e+01
      vertex   -2.865268e+01 1.204560e+02 1.735586e+01
      vertex   -2.856949e+01 1.204560e+02 1.808990e+01
    endloop
  endfacet
  facet normal 0.000000e+00 -1.000000e+00 0.000000e+00
    outer loop
      vertex   -2.856949e+01 1.204560e+02 1.808990e+01
      vertex   -2.865268e+01 1.204560e+02 1.882395e+01
      vertex   -2.975000e+01 1.204560e+02 1.809000e+01
    endloop
  endfacet
  facet normal 0.000000e+00 -1.000000e+00 0.000000e+00
    outer loop
      vertex   -2.975000e+01 1.204560e+02 1.809000e+01
      vertex   -2.865268e+01 1.204560e+02 1.882395e+01
      vertex   -2.889804e+01 1.204560e+02 1.952076e+01
    endloop
  endfacet
  facet normal 0.000000e+00 -1.000000e+00 0.000000e+00
    outer loop
      vertex   -2.975000e+01 1.204560e+02 1.809000e+01
      vertex   -2.889804e+01 1.204560e+02 1.952076e+01
      vertex   -2.982156e+01 1.204560e+02 1.863352e+01
    endloop
  endfacet
  facet normal 0.000000e+00 -1.000000e+00 0.000000e+00
    outer loop
      vertex   -2.982156e+01 1.204560e+02 1.863352e+01
      vertex   -2.889804e+01 1.204560e+02 1.952076e+01
      vertex   -2.929312e+01 1.204560e+02 2.014499e+01
    endloop
  endfacet
  facet normal 0.000000e+00 -1.000000e+00 0.000000e+00
    outer loop
      vertex   -2.982156e+01 1.204560e+02 1.863352e+01
      vertex   -2.929312e+01 1.204560e+02 2.014499e+01
      vertex   -3.003135e+01 1.204560e+02 1.914000e+01
    endloop
  endfacet
  facet normal 0.000000e+00 -1.000000e+00 0.000000e+00
    outer loop
      vertex   -3.003135e+01 1.204560e+02 1.914000e+01
      vertex   -2.929312e+01 1.204560e+02 2.014499e+01
      vertex   -2.981788e+01 1.204560e+02 2.066497e+01
    endloop
  endfacet
  facet normal 0.000000e+00 -1.000000e+00 0.000000e+00
    outer loop
      vertex   -3.003135e+01 1.204560e+02 1.914000e+01
      vertex   -2.981788e+01 1.204560e+02 2.066497e+01
      vertex   -3.036508e+01 1.204560e+02 1.957493e+01
    endloop
  endfacet
  facet normal 0.000000e+00 -1.000000e+00 0.000000e+00
    outer loop
      vertex   -3.036508e+01 1.204560e+02 1.957493e+01
      vertex   -2.981788e+01 1.204560e+02 2.066497e+01
      vertex   -3.044569e+01 1.204560e+02 2.105432e+01
    endloop
  endfacet
  facet normal 0.000000e+00 -1.000000e+00 0.000000e+00
    outer loop
      vertex   -3.036508e+01 1.204560e+02 1.957493e+01
      vertex   -3.044569e+01 1.204560e+02 2.105432e+01
      vertex   -3.080000e+01 1.204560e+02 1.990865e+01
    endloop
  endfacet
  facet normal 0.000000e+00 -1.000000e+00 0.000000e+00
    outer loop
      vertex   -3.080000e+01 1.204560e+02 1.990865e+01
      vertex   -3.044569e+01 1.204560e+02 2.105432e+01
      vertex   -3.114471e+01 1.204560e+02 2.129329e+01
    endloop
  endfacet
  facet normal 0.000000e+00 -1.000000e+00 0.000000e+00
    outer loop
      vertex   -3.080000e+01 1.204560e+02 1.990865e+01
      vertex   -3.114471e+01 1.204560e+02 2.129329e+01
      vertex   -3.130648e+01 1.204560e+02 2.011845e+01
    endloop
  endfacet
  facet normal 0.000000e+00 -1.000000e+00 0.000000e+00
    outer loop
      vertex   -3.130648e+01 1.204560e+02 2.011845e+01
      vertex   -3.114471e+01 1.204560e+02 2.129329e+01
      vertex   -3.187949e+01 1.204560e+02 2.136977e+01
    endloop
  endfacet
  facet normal 0.000000e+00 -1.000000e+00 0.000000e+00
    outer loop
      vertex   -3.130648e+01 1.204560e+02 2.011845e+01
      vertex   -3.187949e+01 1.204560e+02 2.136977e+01
      vertex   -3.185000e+01 1.204560e+02 2.019000e+01
    endloop
  endfacet
  facet normal -0.000000e+00 -1.000000e+00 0.000000e+00
    outer loop
      vertex   -3.185000e+01 1.204560e+02 2.019000e+01
      vertex   -3.187949e+01 1.204560e+02 2.136977e+01
      vertex   -3.239352e+01 1.204560e+02 2.011845e+01
    endloop
  endfacet
  facet normal -0.000000e+00 -1.000000e+00 0.000000e+00
    outer loop
      vertex   -3.239352e+01 1.204560e+02 2.011845e+01
      vertex   -3.187949e+01 1.204560e+02 2.136977e+01
      vertex   -3.290000e+01 1.204560e+02 1.990865e+01
    endloop
  endfacet
  facet normal 0.000000e+00 -1.000000e+00 0.000000e+00
    outer loop
      vertex   -3.290000e+01 1.204560e+02 1.990865e+01
      vertex   -3.187949e+01 1.204560e+02 2.136977e+01
      vertex   -3.525949e+01 1.204560e+02 3.273922e+01
    endloop
  endfacet
  facet normal -0.000000e+00 -1.000000e+00 0.000000e+00
    outer loop
      vertex   -3.290000e+01 1.204560e+02 1.990865e+01
      vertex   -3.525949e+01 1.204560e+02 3.273922e+01
      vertex   -3.333493e+01 1.204560e+02 1.957493e+01
    endloop
  endfacet
  facet normal -0.000000e+00 -1.000000e+00 0.000000e+00
    outer loop
      vertex   -3.333493e+01 1.204560e+02 1.957493e+01
      vertex   -3.525949e+01 1.204560e+02 3.273922e+01
      vertex   -3.366865e+01 1.204560e+02 1.914000e+01
    endloop
  endfacet
  facet normal -0.000000e+00 -1.000000e+00 0.000000e+00
    outer loop
      vertex   -3.366865e+01 1.204560e+02 1.914000e+01
      vertex   -3.525949e+01 1.204560e+02 3.273922e+01
      vertex   -3.387845e+01 1.204560e+02 1.863352e+01
    endloop
  endfacet
  facet normal 0.000000e+00 -1.000000e+00 0.000000e+00
    outer loop
      vertex   -3.187949e+01 1.204560e+02 2.136977e+01
      vertex   -3.187949e+01 1.204560e+02 3.110490e+01
      vertex   -3.525949e+01 1.204560e+02 3.273922e+01
    endloop
  endfacet
  facet normal 0.000000e+00 -1.000000e+00 0.000000e+00
    outer loop
      vertex   -3.525949e+01 1.204560e+02 3.273922e+01
      vertex   -3.187949e+01 1.204560e+02 3.110490e+01
      vertex   -3.349381e+01 1.204560e+02 3.450490e+01
    endloop
  endfacet
  facet normal 0.000000e+00 -1.000000e+00 0.000000e+00
    outer loop
      vertex   -3.349381e+01 1.204560e+02 3.450490e+01
      vertex   -3.187949e+01 1.204560e+02 3.110490e+01
      vertex   2.152051e+01 1.204560e+02 3.110490e+01
    endloop
  endfacet
  facet normal 0.000000e+00 -1.000000e+00 0.000000e+00
    outer loop
      vertex   -3.349381e+01 1.204560e+02 3.450490e+01
      vertex   2.152051e+01 1.204560e+02 3.110490e+01
      vertex   2.313482e+01 1.204560e+02 3.450490e+01
    endloop
  endfacet
  facet normal 0.000000e+00 -1.000000e+00 -0.000000e+00
    outer loop
      vertex   2.313482e+01 1.204560e+02 3.450490e+01
      vertex   2.152051e+01 1.204560e+02 3.110490e+01
      vertex   2.490051e+01 1.204560e+02 3.273922e+01
    endloop
  endfacet
  facet normal 0.000000e+00 -1.000000e+00 0.000000e+00
    outer loop
      vertex   2.490051e+01 1.204560e+02 3.273922e+01
      vertex   2.152051e+01 1.204560e+02 3.110490e+01
      vertex   2.152051e+01 1.204560e+02 2.136977e+01
    endloop
  endfacet
  facet normal 0.000000e+00 -1.000000e+00 0.000000e+00
    outer loop
      vertex   1.821051e+01 1.204560e+02 -7.335010e+01
      vertex   1.829370e+01 1.204560e+02 -7.408414e+01
      vertex   1.939000e+01 1.204560e+02 -7.335000e+01
    endloop
  endfacet
  facet normal 0.000000e+00 -1.000000e+00 0.000000e+00
    outer loop
      vertex   1.939000e+01 1.204560e+02 -7.335000e+01
      vertex   1.829370e+01 1.204560e+02 -7.408414e+01
      vertex   1.853906e+01 1.204560e+02 -7.478095e+01
    endloop
  endfacet
  facet normal 0.000000e+00 -1.000000e+00 -0.000000e+00
    outer loop
      vertex   1.939000e+01 1.204560e+02 -7.335000e+01
      vertex   1.853906e+01 1.204560e+02 -7.478095e+01
      vertex   1.946156e+01 1.204560e+02 -7.389352e+01
    endloop
  endfacet
  facet normal 0.000000e+00 -1.000000e+00 0.000000e+00
    outer loop
      vertex   1.946156e+01 1.204560e+02 -7.389352e+01
      vertex   1.853906e+01 1.204560e+02 -7.478095e+01
      vertex   1.893414e+01 1.204560e+02 -7.540518e+01
    endloop
  endfacet
  facet normal 0.000000e+00 -1.000000e+00 -0.000000e+00
    outer loop
      vertex   1.946156e+01 1.204560e+02 -7.389352e+01
      vertex   1.893414e+01 1.204560e+02 -7.540518e+01
      vertex   1.967135e+01 1.204560e+02 -7.440000e+01
    endloop
  endfacet
  facet normal 0.000000e+00 -1.000000e+00 0.000000e+00
    outer loop
      vertex   1.967135e+01 1.204560e+02 -7.440000e+01
      vertex   1.893414e+01 1.204560e+02 -7.540518e+01
      vertex   1.945889e+01 1.204560e+02 -7.592516e+01
    endloop
  endfacet
  facet normal 0.000000e+00 -1.000000e+00 -0.000000e+00
    outer loop
      vertex   1.967135e+01 1.204560e+02 -7.440000e+01
      vertex   1.945889e+01 1.204560e+02 -7.592516e+01
      vertex   2.000508e+01 1.204560e+02 -7.483493e+01
    endloop
  endfacet
  facet normal 0.000000e+00 -1.000000e+00 -0.000000e+00
    outer loop
      vertex   2.000508e+01 1.204560e+02 -7.483493e+01
      vertex   1.945889e+01 1.204560e+02 -7.592516e+01
      vertex   2.008671e+01 1.204560e+02 -7.631451e+01
    endloop
  endfacet
  facet normal 0.000000e+00 -1.000000e+00 0.000000e+00
    outer loop
      vertex   2.000508e+01 1.204560e+02 -7.483493e+01
      vertex   2.008671e+01 1.204560e+02 -7.631451e+01
      vertex   2.044000e+01 1.204560e+02 -7.516866e+01
    endloop
  endfacet
  facet normal 0.000000e+00 -1.000000e+00 -0.000000e+00
    outer loop
      vertex   2.044000e+01 1.204560e+02 -7.516866e+01
      vertex   2.008671e+01 1.204560e+02 -7.631451e+01
      vertex   2.078573e+01 1.204560e+02 -7.655348e+01
    endloop
  endfacet
  facet normal 0.000000e+00 -1.000000e+00 0.000000e+00
    outer loop
      vertex   2.044000e+01 1.204560e+02 -7.516866e+01
      vertex   2.078573e+01 1.204560e+02 -7.655348e+01
      vertex   2.094648e+01 1.204560e+02 -7.537845e+01
    endloop
  endfacet
  facet normal 0.000000e+00 -1.000000e+00 -0.000000e+00
    outer loop
      vertex   2.094648e+01 1.204560e+02 -7.537845e+01
      vertex   2.078573e+01 1.204560e+02 -7.655348e+01
      vertex   2.152051e+01 1.204560e+02 -7.662996e+01
    endloop
  endfacet
  facet normal 0.000000e+00 -1.000000e+00 0.000000e+00
    outer loop
      vertex   2.094648e+01 1.204560e+02 -7.537845e+01
      vertex   2.152051e+01 1.204560e+02 -7.662996e+01
      vertex   2.149000e+01 1.204560e+02 -7.545000e+01
    endloop
  endfacet
  facet normal 0.000000e+00 -1.000000e+00 0.000000e+00
    outer loop
      vertex   2.149000e+01 1.204560e+02 -7.545000e+01
      vertex   2.152051e+01 1.204560e+02 -7.662996e+01
      vertex   2.203352e+01 1.204560e+02 -7.537845e+01
    endloop
  endfacet
  facet normal 0.000000e+00 -1.000000e+00 -0.000000e+00
    outer loop
      vertex   2.203352e+01 1.204560e+02 -7.537845e+01
      vertex   2.152051e+01 1.204560e+02 -7.662996e+01
      vertex   2.254000e+01 1.204560e+02 -7.516866e+01
    endloop
  endfacet
  facet normal 0.000000e+00 -1.000000e+00 -0.000000e+00
    outer loop
      vertex   2.254000e+01 1.204560e+02 -7.516866e+01
      vertex   2.152051e+01 1.204560e+02 -7.662996e+01
      vertex   2.490051e+01 1.204560e+02 -8.298650e+01
    endloop
  endfacet
  facet normal 0.000000e+00 -1.000000e+00 0.000000e+00
    outer loop
      vertex   2.254000e+01 1.204560e+02 -7.516866e+01
      vertex   2.490051e+01 1.204560e+02 -8.298650e+01
      vertex   2.297493e+01 1.204560e+02 -7.483493e+01
    endloop
  endfacet
  facet normal 0.000000e+00 -1.000000e+00 0.000000e+00
    outer loop
      vertex   2.297493e+01 1.204560e+02 -7.483493e+01
      vertex   2.490051e+01 1.204560e+02 -8.298650e+01
      vertex   2.330865e+01 1.204560e+02 -7.440000e+01
    endloop
  endfacet
  facet normal 0.000000e+00 -1.000000e+00 -0.000000e+00
    outer loop
      vertex   2.152051e+01 1.204560e+02 -7.662996e+01
      vertex   2.152051e+01 1.204560e+02 -8.235219e+01
      vertex   2.490051e+01 1.204560e+02 -8.298650e+01
    endloop
  endfacet
  facet normal -0.000000e+00 -1.000000e+00 0.000000e+00
    outer loop
      vertex   2.490051e+01 1.204560e+02 -8.298650e+01
      vertex   2.152051e+01 1.204560e+02 -8.235219e+01
      vertex   2.213482e+01 1.204560e+02 -8.575219e+01
    endloop
  endfacet
  facet normal 0.000000e+00 -1.000000e+00 0.000000e+00
    outer loop
      vertex   2.213482e+01 1.204560e+02 -8.575219e+01
      vertex   2.152051e+01 1.204560e+02 -8.235219e+01
      vertex   -3.187949e+01 1.204560e+02 -8.235219e+01
    endloop
  endfacet
  facet normal 0.000000e+00 -1.000000e+00 0.000000e+00
    outer loop
      vertex   -3.187949e+01 1.204560e+02 -7.007023e+01
      vertex   -3.187949e+01 1.204560e+02 -3.092725e+01
      vertex   -3.333492e+01 1.204560e+02 -2.913492e+01
    endloop
  endfacet
  facet normal 0.000000e+00 -1.000000e+00 0.000000e+00
    outer loop
      vertex   -3.333492e+01 1.204560e+02 -2.913492e+01
      vertex   -3.187949e+01 1.204560e+02 -3.092725e+01
      vertex   -3.290000e+01 1.204560e+02 -2.946865e+01
    endloop
  endfacet
  facet normal 0.000000e+00 -1.000000e+00 0.000000e+00
    outer loop
      vertex   -3.290000e+01 1.204560e+02 -2.946865e+01
      vertex   -3.187949e+01 1.204560e+02 -3.092725e+01
      vertex   -3.239352e+01 1.204560e+02 -2.967844e+01
    endloop
  endfacet
  facet normal 0.000000e+00 -1.000000e+00 0.000000e+00
    outer loop
      vertex   -3.239352e+01 1.204560e+02 -2.967844e+01
      vertex   -3.187949e+01 1.204560e+02 -3.092725e+01
      vertex   -3.185000e+01 1.204560e+02 -2.975000e+01
    endloop
  endfacet
  facet normal 0.000000e+00 -1.000000e+00 -0.000000e+00
    outer loop
      vertex   -3.185000e+01 1.204560e+02 -2.975000e+01
      vertex   -3.187949e+01 1.204560e+02 -3.092725e+01
      vertex   -3.130648e+01 1.204560e+02 -2.967844e+01
    endloop
  endfacet
  facet normal 0.000000e+00 -1.000000e+00 -0.000000e+00
    outer loop
      vertex   -3.130648e+01 1.204560e+02 -2.967844e+01
      vertex   -3.187949e+01 1.204560e+02 -3.092725e+01
      vertex   -3.114471e+01 1.204560e+02 -3.085077e+01
    endloop
  endfacet
  facet normal 0.000000e+00 -1.000000e+00 0.000000e+00
    outer loop
      vertex   -3.130648e+01 1.204560e+02 -2.967844e+01
      vertex   -3.114471e+01 1.204560e+02 -3.085077e+01
      vertex   -3.080000e+01 1.204560e+02 -2.946865e+01
    endloop
  endfacet
  facet normal 0.000000e+00 -1.000000e+00 -0.000000e+00
    outer loop
      vertex   -3.080000e+01 1.204560e+02 -2.946865e+01
      vertex   -3.114471e+01 1.204560e+02 -3.085077e+01
      vertex   -3.044569e+01 1.204560e+02 -3.061180e+01
    endloop
  endfacet
  facet normal 0.000000e+00 -1.000000e+00 0.000000e+00
    outer loop
      vertex   -3.080000e+01 1.204560e+02 -2.946865e+01
      vertex   -3.044569e+01 1.204560e+02 -3.061180e+01
      vertex   -3.036508e+01 1.204560e+02 -2.913492e+01
    endloop
  endfacet
  facet normal 0.000000e+00 -1.000000e+00 -0.000000e+00
    outer loop
      vertex   -3.036508e+01 1.204560e+02 -2.913492e+01
      vertex   -3.044569e+01 1.204560e+02 -3.061180e+01
      vertex   -2.981788e+01 1.204560e+02 -3.022245e+01
    endloop
  endfacet
  facet normal 0.000000e+00 -1.000000e+00 0.000000e+00
    outer loop
      vertex   -3.036508e+01 1.204560e+02 -2.913492e+01
      vertex   -2.981788e+01 1.204560e+02 -3.022245e+01
      vertex   -3.003135e+01 1.204560e+02 -2.870000e+01
    endloop
  endfacet
  facet normal 0.000000e+00 -1.000000e+00 0.000000e+00
    outer loop
      vertex   -3.003135e+01 1.204560e+02 -2.870000e+01
      vertex   -2.981788e+01 1.204560e+02 -3.022245e+01
      vertex   -2.929312e+01 1.204560e+02 -2.970247e+01
    endloop
  endfacet
  facet normal 0.000000e+00 -1.000000e+00 0.000000e+00
    outer loop
      vertex   -3.003135e+01 1.204560e+02 -2.870000e+01
      vertex   -2.929312e+01 1.204560e+02 -2.970247e+01
      vertex   -2.982156e+01 1.204560e+02 -2.819352e+01
    endloop
  endfacet
  facet normal 0.000000e+00 -1.000000e+00 0.000000e+00
    outer loop
      vertex   -2.982156e+01 1.204560e+02 -2.819352e+01
      vertex   -2.929312e+01 1.204560e+02 -2.970247e+01
      vertex   -2.889804e+01 1.204560e+02 -2.907824e+01
    endloop
  endfacet
  facet normal 0.000000e+00 -1.000000e+00 0.000000e+00
    outer loop
      vertex   -2.982156e+01 1.204560e+02 -2.819352e+01
      vertex   -2.889804e+01 1.204560e+02 -2.907824e+01
      vertex   -2.975000e+01 1.204560e+02 -2.765000e+01
    endloop
  endfacet
  facet normal 0.000000e+00 -1.000000e+00 0.000000e+00
    outer loop
      vertex   -2.975000e+01 1.204560e+02 -2.765000e+01
      vertex   -2.889804e+01 1.204560e+02 -2.907824e+01
      vertex   -2.865268e+01 1.204560e+02 -2.838143e+01
    endloop
  endfacet
  facet normal 0.000000e+00 -1.000000e+00 0.000000e+00
    outer loop
      vertex   -2.975000e+01 1.204560e+02 -2.765000e+01
      vertex   -2.865268e+01 1.204560e+02 -2.838143e+01
      vertex   -2.856949e+01 1.204560e+02 -2.764739e+01
    endloop
  endfacet
  facet normal -0.000000e+00 -1.000000e+00 0.000000e+00
    outer loop
      vertex   -2.856949e+01 1.204560e+02 -2.764739e+01
      vertex   -2.865268e+01 1.204560e+02 -2.691334e+01
      vertex   -2.975000e+01 1.204560e+02 -2.765000e+01
    endloop
  endfacet
  facet normal 0.000000e+00 -1.000000e+00 0.000000e+00
    outer loop
      vertex   -2.975000e+01 1.204560e+02 -2.765000e+01
      vertex   -2.865268e+01 1.204560e+02 -2.691334e+01
      vertex   -2.889804e+01 1.204560e+02 -2.621653e+01
    endloop
  endfacet
  facet normal 0.000000e+00 -1.000000e+00 0.000000e+00
    outer loop
      vertex   -2.975000e+01 1.204560e+02 -2.765000e+01
      vertex   -2.889804e+01 1.204560e+02 -2.621653e+01
      vertex   -2.982156e+01 1.204560e+02 -2.710648e+01
    endloop
  endfacet
  facet normal 0.000000e+00 -1.000000e+00 0.000000e+00
    outer loop
      vertex   -2.982156e+01 1.204560e+02 -2.710648e+01
      vertex   -2.889804e+01 1.204560e+02 -2.621653e+01
      vertex   -2.929312e+01 1.204560e+02 -2.559230e+01
    endloop
  endfacet
  facet normal 0.000000e+00 -1.000000e+00 0.000000e+00
    outer loop
      vertex   -2.982156e+01 1.204560e+02 -2.710648e+01
      vertex   -2.929312e+01 1.204560e+02 -2.559230e+01
      vertex   -3.003135e+01 1.204560e+02 -2.660000e+01
    endloop
  endfacet
  facet normal 0.000000e+00 -1.000000e+00 0.000000e+00
    outer loop
      vertex   -3.003135e+01 1.204560e+02 -2.660000e+01
      vertex   -2.929312e+01 1.204560e+02 -2.559230e+01
      vertex   -2.981788e+01 1.204560e+02 -2.507233e+01
    endloop
  endfacet
  facet normal 0.000000e+00 -1.000000e+00 0.000000e+00
    outer loop
      vertex   -3.003135e+01 1.204560e+02 -2.660000e+01
      vertex   -2.981788e+01 1.204560e+02 -2.507233e+01
      vertex   -3.036508e+01 1.204560e+02 -2.616508e+01
    endloop
  endfacet
  facet normal 0.000000e+00 -1.000000e+00 0.000000e+00
    outer loop
      vertex   -3.036508e+01 1.204560e+02 -2.616508e+01
      vertex   -2.981788e+01 1.204560e+02 -2.507233e+01
      vertex   -3.044569e+01 1.204560e+02 -2.468297e+01
    endloop
  endfacet
  facet normal 0.000000e+00 -1.000000e+00 0.000000e+00
    outer loop
      vertex   -3.036508e+01 1.204560e+02 -2.616508e+01
      vertex   -3.044569e+01 1.204560e+02 -2.468297e+01
      vertex   -3.080000e+01 1.204560e+02 -2.583135e+01
    endloop
  endfacet
  facet normal 0.000000e+00 -1.000000e+00 0.000000e+00
    outer loop
      vertex   -3.080000e+01 1.204560e+02 -2.583135e+01
      vertex   -3.044569e+01 1.204560e+02 -2.468297e+01
      vertex   -3.114471e+01 1.204560e+02 -2.444400e+01
    endloop
  endfacet
  facet normal 0.000000e+00 -1.000000e+00 0.000000e+00
    outer loop
      vertex   -3.080000e+01 1.204560e+02 -2.583135e+01
      vertex   -3.114471e+01 1.204560e+02 -2.444400e+01
      vertex   -3.130648e+01 1.204560e+02 -2.562156e+01
    endloop
  endfacet
  facet normal 0.000000e+00 -1.000000e+00 0.000000e+00
    outer loop
      vertex   -3.130648e+01 1.204560e+02 -2.562156e+01
      vertex   -3.114471e+01 1.204560e+02 -2.444400e+01
      vertex   -3.187949e+01 1.204560e+02 -2.436752e+01
    endloop
  endfacet
  facet normal 0.000000e+00 -1.000000e+00 0.000000e+00
    outer loop
      vertex   -3.130648e+01 1.204560e+02 -2.562156e+01
      vertex   -3.187949e+01 1.204560e+02 -2.436752e+01
      vertex   -3.185000e+01 1.204560e+02 -2.555000e+01
    endloop
  endfacet
  facet normal -0.000000e+00 -1.000000e+00 0.000000e+00
    outer loop
      vertex   -3.185000e+01 1.204560e+02 -2.555000e+01
      vertex   -3.187949e+01 1.204560e+02 -2.436752e+01
      vertex   -3.239352e+01 1.204560e+02 -2.562156e+01
    endloop
  endfacet
  facet normal -0.000000e+00 -1.000000e+00 0.000000e+00
    outer loop
      vertex   -3.239352e+01 1.204560e+02 -2.562156e+01
      vertex   -3.187949e+01 1.204560e+02 -2.436752e+01
      vertex   -3.290000e+01 1.204560e+02 -2.583135e+01
    endloop
  endfacet
  facet normal -0.000000e+00 -1.000000e+00 -0.000000e+00
    outer loop
      vertex   -3.239352e+01 1.204560e+02 1.606156e+01
      vertex   -3.290000e+01 1.204560e+02 1.627135e+01
      vertex   -3.187949e+01 1.204560e+02 1.481004e+01
    endloop
  endfacet
  facet normal 0.000000e+00 -1.000000e+00 0.000000e+00
    outer loop
      vertex   -3.187949e+01 1.204560e+02 1.481004e+01
      vertex   -3.290000e+01 1.204560e+02 1.627135e+01
      vertex   -3.333493e+01 1.204560e+02 1.660508e+01
    endloop
  endfacet
  facet normal -0.000000e+00 -1.000000e+00 0.000000e+00
    outer loop
      vertex   -3.333492e+01 1.204560e+02 -2.616508e+01
      vertex   -3.333493e+01 1.204560e+02 1.660508e+01
      vertex   -3.366865e+01 1.204560e+02 -2.660000e+01
    endloop
  endfacet
  facet normal 0.000000e+00 -1.000000e+00 0.000000e+00
    outer loop
      vertex   -3.366865e+01 1.204560e+02 -2.660000e+01
      vertex   -3.333493e+01 1.204560e+02 1.660508e+01
      vertex   -3.366865e+01 1.204560e+02 1.704000e+01
    endloop
  endfacet
  facet normal -0.000000e+00 -1.000000e+00 0.000000e+00
    outer loop
      vertex   -3.366865e+01 1.204560e+02 -2.660000e+01
      vertex   -3.366865e+01 1.204560e+02 1.704000e+01
      vertex   -3.387844e+01 1.204560e+02 -2.710648e+01
    endloop
  endfacet
  facet normal 0.000000e+00 -1.000000e+00 0.000000e+00
    outer loop
      vertex   -3.387844e+01 1.204560e+02 -2.710648e+01
      vertex   -3.366865e+01 1.204560e+02 1.704000e+01
      vertex   -3.387845e+01 1.204560e+02 1.754648e+01
    endloop
  endfacet
  facet normal -0.000000e+00 -1.000000e+00 0.000000e+00
    outer loop
      vertex   -3.387844e+01 1.204560e+02 -2.710648e+01
      vertex   -3.387845e+01 1.204560e+02 1.754648e+01
      vertex   -3.395000e+01 1.204560e+02 -2.765000e+01
    endloop
  endfacet
  facet normal 0.000000e+00 -1.000000e+00 0.000000e+00
    outer loop
      vertex   -3.395000e+01 1.204560e+02 -2.765000e+01
      vertex   -3.387845e+01 1.204560e+02 1.754648e+01
      vertex   -3.395000e+01 1.204560e+02 1.809000e+01
    endloop
  endfacet
  facet normal 0.000000e+00 -1.000000e+00 0.000000e+00
    outer loop
      vertex   2.490051e+01 1.204560e+02 -8.298650e+01
      vertex   2.490051e+01 1.204560e+02 3.273922e+01
      vertex   2.359000e+01 1.204560e+02 -2.765000e+01
    endloop
  endfacet
endsolid
